Variant,SL %,Target %,R:R,Signals,Target Hit,SL Hit,Open,Win Rate %,Avg PnL %,Total PnL %,Avg Win %,Avg Loss %,Expectancy %,Profit Factor,Max Drawdown %,Calmar
All touches,0.5,1.0,2.0,559,162,356,2,31.3,-0.811,-453.33,1.8,-2.02,-0.818,0.41,-546.31,-0.83
All touches,0.5,1.5,3.0,559,129,411,2,23.9,-0.228,-127.67,1.88,-0.93,-0.232,0.67,-208.51,-0.61
All touches,0.5,2.0,4.0,559,102,453,2,18.4,-0.105,-58.72,2.0,-0.58,-0.107,0.78,-93.22,-0.63
All touches,0.5,2.5,5.0,559,85,470,2,15.3,0.05,27.96,3.02,-0.5,0.048,1.12,-76.0,0.37
All touches,0.5,3.0,6.0,559,71,486,2,12.7,-0.054,-30.0,3.0,-0.5,-0.055,0.88,-91.0,-0.33
All touches,0.5,3.5,7.0,559,64,493,2,11.5,-0.04,-22.5,3.5,-0.5,-0.042,0.91,-95.0,-0.24
All touches,0.5,4.0,8.0,559,63,494,2,11.3,0.009,5.0,4.0,-0.5,0.007,1.02,-88.5,0.06
All touches,0.5,4.5,9.0,559,54,502,3,9.7,-0.011,-6.27,4.45,-0.5,-0.013,0.98,-97.0,-0.06
All touches,0.5,5.0,10.0,559,50,506,3,9.0,-0.002,-1.27,4.94,-0.5,-0.004,0.99,-92.0,-0.01
All touches,0.5,5.5,11.0,559,46,509,4,8.3,0.005,2.79,5.36,-0.5,0.003,1.01,-93.0,0.03
All touches,0.5,6.0,12.0,559,40,515,4,7.2,-0.024,-13.21,5.82,-0.5,-0.025,0.95,-108.0,-0.12
All touches,0.5,6.5,13.0,559,32,523,4,5.8,-0.088,-49.21,6.24,-0.5,-0.09,0.81,-117.0,-0.42
All touches,0.5,7.0,14.0,559,27,528,4,4.9,-0.126,-70.71,6.67,-0.5,-0.128,0.73,-128.0,-0.55
All touches,0.5,7.5,15.0,559,26,528,5,4.7,-0.112,-62.71,6.94,-0.5,-0.114,0.76,-125.0,-0.5
All touches,0.5,8.0,16.0,559,24,530,5,4.3,-0.119,-66.71,7.34,-0.5,-0.121,0.75,-130.5,-0.51
All touches,0.5,8.5,17.0,559,19,535,5,3.4,-0.178,-99.71,7.63,-0.5,-0.18,0.63,-152.0,-0.66
All touches,0.5,9.0,18.0,559,17,537,5,3.1,-0.195,-109.21,7.96,-0.5,-0.197,0.59,-168.0,-0.65
All touches,0.5,9.5,19.0,559,15,539,5,2.7,-0.216,-120.71,8.27,-0.5,-0.218,0.55,-168.0,-0.72
All touches,0.5,10.0,20.0,559,15,539,5,2.7,-0.203,-113.21,8.68,-0.5,-0.204,0.58,-166.0,-0.68
All touches,0.5,10.5,21.0,559,13,541,5,2.3,-0.228,-127.71,8.92,-0.5,-0.23,0.53,-164.0,-0.78
All touches,0.5,11.0,22.0,559,10,544,5,1.8,-0.279,-155.71,8.95,-0.5,-0.28,0.43,-174.0,-0.89
All touches,0.5,11.5,23.0,559,10,544,5,1.8,-0.27,-150.71,9.33,-0.5,-0.271,0.45,-172.0,-0.88
All touches,0.5,12.0,24.0,559,10,544,5,1.8,-0.261,-145.71,9.71,-0.5,-0.262,0.46,-170.5,-0.85
All touches,0.5,12.5,25.0,559,10,544,5,1.8,-0.252,-140.71,10.1,-0.5,-0.254,0.48,-169.0,-0.83
All touches,0.5,13.0,26.0,559,9,545,5,1.6,-0.267,-149.21,10.27,-0.5,-0.269,0.45,-181.0,-0.82
All touches,0.5,13.5,27.0,559,9,545,5,1.6,-0.259,-144.71,10.65,-0.5,-0.261,0.47,-180.5,-0.8
All touches,0.5,14.0,28.0,559,7,545,7,1.3,-0.289,-161.48,9.25,-0.5,-0.291,0.41,-200.27,-0.81
All touches,0.5,14.5,29.0,559,7,545,7,1.3,-0.283,-157.98,9.54,-0.5,-0.284,0.42,-200.27,-0.79
All touches,0.5,15.0,30.0,559,7,545,7,1.3,-0.276,-154.48,9.83,-0.5,-0.278,0.43,-200.27,-0.77
All touches,0.75,1.0,1.33,559,209,318,2,39.7,-0.561,-313.62,1.52,-1.95,-0.568,0.52,-371.66,-0.84
All touches,0.75,1.5,2.0,559,169,377,2,31.0,-0.103,-57.79,1.77,-0.97,-0.107,0.84,-130.6,-0.44
All touches,0.75,2.0,2.67,559,138,419,2,24.8,-0.068,-38.25,2.0,-0.75,-0.071,0.88,-77.5,-0.49
All touches,0.75,2.5,3.33,559,116,441,2,20.8,-0.073,-40.75,2.5,-0.75,-0.076,0.88,-103.0,-0.4
All touches,0.75,3.0,4.0,559,99,458,2,17.8,-0.083,-46.5,3.0,-0.75,-0.086,0.86,-115.5,-0.4
All touches,0.75,3.5,4.67,559,92,465,2,16.5,-0.048,-26.75,3.5,-0.75,-0.051,0.92,-118.5,-0.23
All touches,0.75,4.0,5.33,559,86,471,2,15.4,-0.017,-9.25,4.0,-0.75,-0.019,0.97,-106.5,-0.09
All touches,0.75,4.5,6.0,559,74,482,3,13.3,-0.048,-26.77,4.46,-0.75,-0.051,0.93,-120.75,-0.22
All touches,0.75,5.0,6.67,559,69,487,3,12.4,-0.033,-18.52,4.95,-0.75,-0.036,0.95,-116.25,-0.16
All touches,0.75,5.5,7.33,559,65,490,4,11.7,-0.01,-5.71,5.4,-0.75,-0.013,0.98,-111.75,-0.05
All touches,0.75,6.0,8.0,559,58,497,4,10.5,-0.037,-20.46,5.87,-0.75,-0.039,0.95,-127.5,-0.16
All touches,0.75,6.5,8.67,559,48,507,4,8.6,-0.114,-63.96,6.33,-0.75,-0.117,0.83,-136.0,-0.47
All touches,0.75,7.0,9.33,559,43,512,4,7.7,-0.141,-78.71,6.78,-0.75,-0.143,0.8,-137.0,-0.57
All touches,0.75,7.5,10.0,559,42,512,5,7.6,-0.112,-62.71,7.14,-0.75,-0.115,0.84,-130.5,-0.48
All touches,0.75,8.0,10.67,559,39,515,5,7.0,-0.122,-67.96,7.58,-0.75,-0.124,0.82,-141.5,-0.48
All touches,0.75,8.5,11.33,559,33,521,5,6.0,-0.186,-103.96,7.97,-0.75,-0.189,0.73,-182.25,-0.57
All touches,0.75,9.0,12.0,559,25,529,5,4.5,-0.296,-165.46,8.26,-0.75,-0.299,0.58,-215.5,-0.77
All touches,0.75,9.5,12.67,559,22,532,5,4.0,-0.329,-183.71,8.61,-0.75,-0.331,0.54,-222.0,-0.83
All touches,0.75,10.0,13.33,559,20,534,5,3.6,-0.347,-194.21,8.97,-0.75,-0.35,0.52,-238.75,-0.81
All touches,0.75,10.5,14.0,559,15,539,5,2.7,-0.43,-240.46,9.1,-0.75,-0.433,0.41,-265.0,-0.91
All touches,0.75,11.0,14.67,559,12,542,5,2.2,-0.48,-268.21,9.22,-0.75,-0.482,0.34,-294.25,-0.91
All touches,0.75,11.5,15.33,559,12,542,5,2.2,-0.469,-262.21,9.62,-0.75,-0.472,0.35,-289.75,-0.9
All touches,0.75,12.0,16.0,559,11,543,5,2.0,-0.481,-268.96,9.88,-0.75,-0.484,0.34,-298.0,-0.9
All touches,0.75,12.5,16.67,559,11,543,5,2.0,-0.471,-263.46,10.27,-0.75,-0.474,0.35,-294.0,-0.9
All touches,0.75,13.0,17.33,559,10,544,5,1.8,-0.486,-271.71,10.48,-0.75,-0.489,0.33,-303.75,-0.89
All touches,0.75,13.5,18.0,559,10,544,5,1.8,-0.477,-266.71,10.87,-0.75,-0.48,0.35,-300.25,-0.89
All touches,0.75,14.0,18.67,559,8,544,7,1.4,-0.506,-282.98,9.62,-0.75,-0.509,0.31,-318.02,-0.89
All touches,0.75,14.5,19.33,559,8,544,7,1.4,-0.499,-278.98,9.92,-0.75,-0.502,0.32,-315.52,-0.88
All touches,0.75,15.0,20.0,559,8,544,7,1.4,-0.492,-274.98,10.23,-0.75,-0.495,0.33,-313.02,-0.88
All touches,1.0,1.5,1.5,559,195,353,2,35.6,-0.225,-125.72,1.73,-1.33,-0.23,0.73,-185.26,-0.68
All touches,1.0,2.0,2.0,559,160,397,2,28.7,-0.138,-77.0,2.0,-1.0,-0.141,0.81,-105.0,-0.73
All touches,1.0,2.5,2.5,559,137,420,2,24.6,-0.139,-77.5,2.5,-1.0,-0.142,0.82,-129.5,-0.6
All touches,1.0,3.0,3.0,559,119,438,2,21.4,-0.145,-81.0,3.0,-1.0,-0.148,0.82,-142.0,-0.57
All touches,1.0,3.5,3.5,559,112,445,2,20.1,-0.095,-53.0,3.5,-1.0,-0.098,0.88,-138.5,-0.38
All touches,1.0,4.0,4.0,559,105,452,2,18.9,-0.057,-32.0,4.0,-1.0,-0.061,0.93,-129.0,-0.25
All touches,1.0,4.5,4.5,559,93,463,3,16.7,-0.077,-42.77,4.47,-1.0,-0.08,0.91,-147.0,-0.29
All touches,1.0,5.0,5.0,559,87,469,3,15.6,-0.058,-32.27,4.96,-1.0,-0.061,0.93,-146.0,-0.22
All touches,1.0,5.5,5.5,559,79,476,4,14.2,-0.067,-37.21,5.42,-1.0,-0.07,0.92,-140.0,-0.27
All touches,1.0,6.0,6.0,559,69,486,4,12.4,-0.121,-67.71,5.89,-1.0,-0.125,0.86,-162.0,-0.42
All touches,1.0,6.5,6.5,559,57,498,4,10.3,-0.22,-123.21,6.35,-1.0,-0.224,0.75,-175.0,-0.7
All touches,1.0,7.0,7.0,559,51,503,5,9.2,-0.25,-139.91,6.72,-1.0,-0.254,0.72,-182.2,-0.77
All touches,1.0,7.5,7.5,559,50,503,6,9.0,-0.215,-119.91,7.09,-1.0,-0.218,0.76,-178.7,-0.67
All touches,1.0,8.0,8.0,559,45,508,6,8.1,-0.25,-139.91,7.51,-1.0,-0.254,0.72,-197.2,-0.71
All touches,1.0,8.5,8.5,559,39,514,6,7.1,-0.312,-174.41,7.9,-1.0,-0.316,0.66,-243.2,-0.72
All touches,1.0,9.0,9.0,559,30,523,6,5.4,-0.438,-244.91,8.18,-1.0,-0.442,0.53,-277.2,-0.88
All touches,1.0,9.5,9.5,559,27,526,6,4.9,-0.468,-261.41,8.54,-1.0,-0.471,0.5,-295.2,-0.89
All touches,1.0,10.0,10.0,559,24,529,6,4.3,-0.503,-280.91,8.86,-1.0,-0.506,0.47,-317.2,-0.89
All touches,1.0,10.5,10.5,559,18,535,6,3.3,-0.604,-337.91,8.96,-1.0,-0.608,0.37,-358.7,-0.94
All touches,1.0,11.0,11.0,559,15,538,6,2.7,-0.653,-364.91,9.11,-1.0,-0.656,0.32,-387.2,-0.94
All touches,1.0,11.5,11.5,559,15,538,6,2.7,-0.639,-357.41,9.5,-1.0,-0.643,0.34,-381.2,-0.94
All touches,1.0,12.0,12.0,559,14,539,6,2.5,-0.649,-362.91,9.78,-1.0,-0.653,0.33,-388.2,-0.93
All touches,1.0,12.5,12.5,559,12,541,6,2.2,-0.685,-382.91,9.88,-1.0,-0.689,0.29,-409.7,-0.93
All touches,1.0,13.0,13.0,559,11,542,6,2.0,-0.699,-390.91,10.07,-1.0,-0.703,0.28,-419.2,-0.93
All touches,1.0,13.5,13.5,559,11,542,6,2.0,-0.689,-385.41,10.44,-1.0,-0.693,0.29,-415.2,-0.93
All touches,1.0,14.0,14.0,559,9,542,8,1.6,-0.718,-401.18,9.39,-1.0,-0.721,0.26,-432.47,-0.93
All touches,1.0,14.5,14.5,559,9,542,8,1.6,-0.71,-396.68,9.69,-1.0,-0.713,0.27,-429.47,-0.92
All touches,1.0,15.0,15.0,559,9,542,8,1.6,-0.702,-392.18,9.99,-1.0,-0.705,0.28,-426.47,-0.92
All touches,1.25,1.5,1.2,559,220,331,2,39.9,-0.353,-197.09,1.51,-1.6,-0.358,0.63,-211.84,-0.93
All touches,1.25,2.0,1.6,559,175,382,2,31.4,-0.228,-127.5,2.0,-1.25,-0.233,0.73,-149.25,-0.85
All touches,1.25,2.5,2.0,559,150,407,2,26.9,-0.239,-133.75,2.5,-1.25,-0.244,0.74,-162.5,-0.82
All touches,1.25,3.0,2.4,559,129,428,2,23.2,-0.265,-148.0,3.0,-1.25,-0.269,0.72,-183.5,-0.81
All touches,1.25,3.5,2.8,559,121,436,2,21.7,-0.217,-121.5,3.5,-1.25,-0.222,0.78,-176.25,-0.69
All touches,1.25,4.0,3.2,559,112,445,2,20.1,-0.194,-108.25,4.0,-1.25,-0.198,0.81,-166.75,-0.65
All touches,1.25,4.5,3.6,559,101,455,3,18.2,-0.201,-112.52,4.47,-1.25,-0.206,0.8,-186.75,-0.6
All touches,1.25,5.0,4.0,559,92,464,3,16.5,-0.212,-118.27,4.96,-1.25,-0.216,0.8,-193.75,-0.61
All touches,1.25,5.5,4.4,559,84,471,4,15.1,-0.219,-122.46,5.42,-1.25,-0.224,0.79,-180.46,-0.68
All touches,1.25,6.0,4.8,559,74,481,4,13.3,-0.274,-152.96,5.9,-1.25,-0.278,0.75,-210.46,-0.73
All touches,1.25,6.5,5.2,559,62,493,4,11.2,-0.374,-208.96,6.36,-1.25,-0.378,0.66,-238.46,-0.88
All touches,1.25,7.0,5.6,559,56,498,5,10.1,-0.401,-224.41,6.75,-1.25,-0.406,0.64,-251.41,-0.89
All touches,1.25,7.5,6.0,559,55,498,6,9.9,-0.361,-201.91,7.13,-1.25,-0.366,0.68,-241.91,-0.83
All touches,1.25,8.0,6.4,559,49,504,6,8.9,-0.411,-229.91,7.55,-1.25,-0.416,0.64,-273.66,-0.84
All touches,1.25,8.5,6.8,559,42,511,6,7.6,-0.49,-273.66,7.94,-1.25,-0.494,0.57,-329.91,-0.83
All touches,1.25,9.0,7.2,559,32,521,6,5.8,-0.635,-355.16,8.22,-1.25,-0.64,0.45,-382.66,-0.93
All touches,1.25,9.5,7.6,559,28,525,6,5.1,-0.684,-382.16,8.57,-1.25,-0.688,0.42,-412.16,-0.93
All touches,1.25,10.0,8.0,559,25,528,6,4.5,-0.719,-401.91,8.9,-1.25,-0.723,0.39,-434.41,-0.93
All touches,1.25,10.5,8.4,559,19,534,6,3.4,-0.823,-459.91,9.03,-1.25,-0.827,0.31,-477.66,-0.96
All touches,1.25,11.0,8.8,559,16,537,6,2.9,-0.871,-487.16,9.2,-1.25,-0.876,0.27,-506.41,-0.96
All touches,1.25,11.5,9.2,559,16,537,6,2.9,-0.857,-479.16,9.6,-1.25,-0.862,0.29,-499.91,-0.96
All touches,1.25,12.0,9.6,559,15,538,6,2.7,-0.867,-484.41,9.9,-1.25,-0.871,0.28,-506.66,-0.96
All touches,1.25,12.5,10.0,559,13,540,6,2.4,-0.902,-504.41,10.03,-1.25,-0.907,0.25,-528.16,-0.96
All touches,1.25,13.0,10.4,559,12,541,6,2.2,-0.916,-512.16,10.26,-1.25,-0.921,0.24,-537.41,-0.95
All touches,1.25,13.5,10.8,559,12,541,6,2.2,-0.905,-506.16,10.63,-1.25,-0.91,0.25,-532.91,-0.95
All touches,1.25,14.0,11.2,559,10,541,8,1.8,-0.933,-521.43,9.68,-1.25,-0.937,0.23,-549.68,-0.95
All touches,1.25,14.5,11.6,559,10,541,8,1.8,-0.924,-516.43,9.99,-1.25,-0.928,0.24,-546.18,-0.95
All touches,1.25,15.0,12.0,559,10,541,8,1.8,-0.915,-511.43,10.3,-1.25,-0.919,0.24,-542.68,-0.94
All touches,1.5,2.0,1.33,559,199,357,3,35.8,-0.248,-138.49,2.0,-1.5,-0.253,0.74,-165.99,-0.83
All touches,1.5,2.5,1.67,559,166,390,3,29.9,-0.306,-170.99,2.5,-1.5,-0.311,0.71,-194.49,-0.88
All touches,1.5,3.0,2.0,559,146,410,3,26.3,-0.318,-177.99,3.0,-1.5,-0.324,0.71,-199.5,-0.89
All touches,1.5,3.5,2.33,559,137,419,3,24.6,-0.268,-149.99,3.5,-1.5,-0.274,0.76,-203.5,-0.74
All touches,1.5,4.0,2.67,559,128,428,3,23.0,-0.234,-130.99,4.0,-1.5,-0.24,0.8,-190.0,-0.69
All touches,1.5,4.5,3.0,559,117,438,4,21.1,-0.232,-129.76,4.48,-1.5,-0.237,0.8,-214.5,-0.6
All touches,1.5,5.0,3.33,559,104,451,4,18.7,-0.279,-155.76,4.97,-1.5,-0.284,0.77,-234.5,-0.66
All touches,1.5,5.5,3.67,559,90,464,5,16.2,-0.354,-197.7,5.43,-1.5,-0.359,0.72,-240.7,-0.82
All touches,1.5,6.0,4.0,559,80,474,5,14.4,-0.407,-227.7,5.91,-1.5,-0.413,0.68,-271.2,-0.84
All touches,1.5,6.5,4.33,559,70,484,5,12.6,-0.479,-267.7,6.38,-1.5,-0.484,0.63,-306.7,-0.87
All touches,1.5,7.0,4.67,559,64,489,6,11.6,-0.502,-280.4,6.78,-1.5,-0.507,0.62,-318.9,-0.88
All touches,1.5,7.5,5.0,559,63,489,7,11.4,-0.454,-253.9,7.17,-1.5,-0.46,0.65,-307.9,-0.82
All touches,1.5,8.0,5.33,559,54,498,7,9.8,-0.551,-307.9,7.59,-1.5,-0.556,0.59,-367.9,-0.84
All touches,1.5,8.5,5.67,559,47,504,8,8.5,-0.626,-349.97,7.99,-1.5,-0.631,0.54,-424.97,-0.82
All touches,1.5,9.0,6.0,559,37,513,9,6.7,-0.77,-430.36,8.32,-1.5,-0.775,0.44,-485.86,-0.89
All touches,1.5,9.5,6.33,559,35,515,9,6.4,-0.776,-433.86,8.73,-1.5,-0.781,0.44,-493.86,-0.88
All touches,1.5,10.0,6.67,559,32,518,9,5.8,-0.807,-450.86,9.11,-1.5,-0.812,0.42,-515.36,-0.87
All touches,1.5,10.5,7.0,559,26,524,9,4.7,-0.907,-506.86,9.37,-1.5,-0.912,0.36,-551.86,-0.92
All touches,1.5,11.0,7.33,559,23,527,9,4.2,-0.951,-531.36,9.67,-1.5,-0.956,0.33,-579.86,-0.92
All touches,1.5,11.5,7.67,559,23,527,9,4.2,-0.93,-519.86,10.1,-1.5,-0.935,0.34,-571.86,-0.91
All touches,1.5,12.0,8.0,559,22,528,9,4.0,-0.934,-521.86,10.47,-1.5,-0.939,0.34,-577.36,-0.9
All touches,1.5,12.5,8.33,559,20,530,9,3.6,-0.964,-538.86,10.75,-1.5,-0.969,0.32,-597.86,-0.9
All touches,1.5,13.0,8.67,559,19,531,9,3.5,-0.972,-543.36,11.09,-1.5,-0.977,0.32,-605.86,-0.9
All touches,1.5,13.5,9.0,559,19,531,9,3.5,-0.955,-533.86,11.5,-1.5,-0.96,0.33,-599.86,-0.89
All touches,1.5,14.0,9.33,559,17,531,11,3.1,-0.976,-545.63,10.99,-1.5,-0.981,0.32,-615.13,-0.89
All touches,1.5,14.5,9.67,559,17,531,11,3.1,-0.961,-537.13,11.36,-1.5,-0.966,0.33,-610.13,-0.88
All touches,1.5,15.0,10.0,559,17,531,11,3.1,-0.946,-528.63,11.73,-1.5,-0.951,0.34,-605.13,-0.87
All touches,1.75,2.0,1.14,559,213,342,4,38.4,-0.31,-173.43,1.99,-1.75,-0.317,0.71,-201.68,-0.86
All touches,1.75,2.5,1.43,559,179,376,4,32.3,-0.378,-211.43,2.49,-1.75,-0.384,0.68,-238.5,-0.89
All touches,1.75,3.0,1.71,559,158,397,4,28.5,-0.397,-221.68,2.98,-1.75,-0.403,0.68,-253.25,-0.88
All touches,1.75,3.5,2.0,559,147,408,4,26.5,-0.359,-200.43,3.48,-1.75,-0.365,0.72,-253.75,-0.79
All touches,1.75,4.0,2.29,559,138,417,4,24.9,-0.32,-178.68,3.97,-1.75,-0.326,0.76,-235.5,-0.76
All touches,1.75,4.5,2.57,559,127,427,5,22.9,-0.313,-174.95,4.44,-1.75,-0.319,0.77,-262.0,-0.67
All touches,1.75,5.0,2.86,559,114,440,5,20.6,-0.356,-199.2,4.93,-1.75,-0.363,0.74,-283.0,-0.7
All touches,1.75,5.5,3.14,559,98,455,6,17.7,-0.454,-253.89,5.38,-1.75,-0.46,0.68,-298.14,-0.85
All touches,1.75,6.0,3.43,559,86,467,6,15.6,-0.533,-297.89,5.85,-1.75,-0.539,0.64,-347.89,-0.86
All touches,1.75,6.5,3.71,559,77,476,6,13.9,-0.589,-329.14,6.31,-1.75,-0.595,0.61,-385.64,-0.85
All touches,1.75,7.0,4.0,559,70,482,7,12.7,-0.623,-348.34,6.7,-1.75,-0.629,0.59,-411.34,-0.85
All touches,1.75,7.5,4.29,559,69,482,8,12.5,-0.57,-318.84,7.1,-1.75,-0.577,0.62,-389.34,-0.82
All touches,1.75,8.0,4.57,559,60,491,8,10.9,-0.666,-372.09,7.51,-1.75,-0.672,0.57,-450.84,-0.83
All touches,1.75,8.5,4.86,559,53,497,9,9.6,-0.738,-412.66,7.91,-1.75,-0.744,0.53,-508.91,-0.81
All touches,1.75,9.0,5.14,559,43,506,10,7.8,-0.881,-492.3,8.23,-1.74,-0.887,0.45,-581.3,-0.85
All touches,1.75,9.5,5.43,559,42,507,10,7.7,-0.862,-482.05,8.66,-1.74,-0.869,0.46,-577.55,-0.83
All touches,1.75,10.0,5.71,559,39,510,10,7.1,-0.888,-496.3,9.05,-1.74,-0.894,0.45,-598.3,-0.83
All touches,1.75,10.5,6.0,559,33,516,10,6.0,-0.984,-550.3,9.33,-1.74,-0.991,0.39,-634.3,-0.87
All touches,1.75,11.0,6.29,559,30,519,10,5.5,-1.023,-572.05,9.66,-1.74,-1.03,0.37,-661.55,-0.86
All touches,1.75,11.5,6.57,559,30,519,10,5.5,-0.997,-557.05,10.09,-1.74,-1.003,0.39,-652.05,-0.85
All touches,1.75,12.0,6.86,559,29,520,10,5.3,-0.994,-555.8,10.48,-1.74,-1.001,0.39,-656.3,-0.85
All touches,1.75,12.5,7.14,559,27,522,10,4.9,-1.019,-569.8,10.8,-1.74,-1.026,0.38,-675.8,-0.84
All touches,1.75,13.0,7.43,559,26,523,10,4.7,-1.022,-571.05,11.17,-1.74,-1.028,0.38,-682.55,-0.84
All touches,1.75,13.5,7.71,559,26,523,10,4.7,-0.998,-558.05,11.59,-1.74,-1.005,0.39,-675.05,-0.83
All touches,1.75,14.0,8.0,559,24,523,12,4.4,-1.013,-566.32,11.32,-1.74,-1.019,0.38,-688.82,-0.82
All touches,1.75,14.5,8.29,559,24,523,12,4.4,-0.992,-554.32,11.71,-1.74,-0.998,0.4,-682.32,-0.81
All touches,1.75,15.0,8.57,559,23,524,12,4.2,-1.0,-559.07,12.0,-1.74,-1.006,0.39,-693.07,-0.81
All touches,2.0,2.5,1.25,559,194,361,4,35.0,-0.426,-237.93,2.49,-2.0,-0.433,0.67,-272.0,-0.87
All touches,2.0,3.0,1.5,559,171,384,4,30.8,-0.458,-255.93,2.98,-2.0,-0.465,0.67,-284.0,-0.9
All touches,2.0,3.5,1.75,559,155,400,4,27.9,-0.462,-258.43,3.48,-2.0,-0.469,0.68,-296.0,-0.87
All touches,2.0,4.0,2.0,559,146,409,4,26.3,-0.42,-234.93,3.97,-2.0,-0.427,0.71,-272.0,-0.86
All touches,2.0,4.5,2.25,559,135,419,5,24.4,-0.411,-229.7,4.45,-2.0,-0.418,0.73,-298.5,-0.77
All touches,2.0,5.0,2.5,559,121,433,5,21.8,-0.465,-260.2,4.93,-2.0,-0.473,0.7,-319.0,-0.82
All touches,2.0,5.5,2.75,559,103,450,6,18.6,-0.591,-330.14,5.39,-2.0,-0.598,0.63,-369.64,-0.89
All touches,2.0,6.0,3.0,559,90,463,6,16.3,-0.685,-382.64,5.85,-2.0,-0.692,0.59,-428.64,-0.89
All touches,2.0,6.5,3.25,559,82,471,6,14.8,-0.726,-405.64,6.32,-2.0,-0.733,0.57,-458.14,-0.89
All touches,2.0,7.0,3.5,559,75,477,7,13.6,-0.758,-423.84,6.72,-2.0,-0.765,0.56,-482.84,-0.88
All touches,2.0,7.5,3.75,559,74,477,8,13.4,-0.701,-391.84,7.13,-2.0,-0.708,0.59,-462.34,-0.85
All touches,2.0,8.0,4.0,559,64,487,8,11.6,-0.814,-454.84,7.54,-2.0,-0.821,0.53,-534.84,-0.85
All touches,2.0,8.5,4.25,559,57,491,11,10.4,-0.882,-492.77,7.95,-1.99,-0.889,0.5,-591.77,-0.83
All touches,2.0,9.0,4.5,559,49,498,12,9.0,-0.985,-550.66,8.32,-1.99,-0.992,0.45,-635.66,-0.87
All touches,2.0,9.5,4.75,559,48,499,12,8.8,-0.962,-537.66,8.76,-1.99,-0.969,0.46,-632.66,-0.85
All touches,2.0,10.0,5.0,559,44,503,12,8.0,-1.005,-561.66,9.15,-1.99,-1.012,0.44,-661.66,-0.85
All touches,2.0,10.5,5.25,559,37,509,13,6.8,-1.105,-617.74,9.4,-1.99,-1.112,0.4,-697.24,-0.89
All touches,2.0,11.0,5.5,559,34,512,13,6.2,-1.142,-638.24,9.74,-1.99,-1.149,0.38,-723.24,-0.88
All touches,2.0,11.5,5.75,559,34,512,13,6.2,-1.111,-621.24,10.16,-1.99,-1.118,0.4,-711.74,-0.87
All touches,2.0,12.0,6.0,559,33,513,13,6.0,-1.106,-618.24,10.55,-1.99,-1.113,0.4,-714.24,-0.87
All touches,2.0,12.5,6.25,559,31,515,13,5.7,-1.128,-630.74,10.89,-1.99,-1.135,0.39,-732.24,-0.86
All touches,2.0,13.0,6.5,559,30,516,13,5.5,-1.127,-630.24,11.27,-1.99,-1.135,0.39,-744.24,-0.85
All touches,2.0,13.5,6.75,559,30,516,13,5.5,-1.101,-615.24,11.68,-1.99,-1.108,0.41,-742.24,-0.83
All touches,2.0,14.0,7.0,559,28,516,15,5.1,-1.112,-621.51,11.51,-1.99,-1.119,0.4,-761.51,-0.82
All touches,2.0,14.5,7.25,559,28,516,15,5.1,-1.087,-607.51,11.9,-1.99,-1.094,0.41,-760.51,-0.8
All touches,2.0,15.0,7.5,559,27,517,15,5.0,-1.092,-610.51,12.21,-1.99,-1.099,0.41,-776.51,-0.79
All touches,2.25,2.5,1.11,559,208,347,4,37.5,-0.468,-261.68,2.49,-2.25,-0.476,0.67,-299.18,-0.87
All touches,2.25,3.0,1.33,559,186,369,4,33.5,-0.489,-273.18,2.98,-2.25,-0.497,0.67,-303.75,-0.9
All touches,2.25,3.5,1.56,559,168,387,4,30.3,-0.507,-283.68,3.48,-2.25,-0.516,0.67,-317.75,-0.89
All touches,2.25,4.0,1.78,559,159,396,4,28.6,-0.458,-255.93,3.98,-2.25,-0.466,0.71,-287.75,-0.89
All touches,2.25,4.5,2.0,559,146,408,5,26.4,-0.465,-260.2,4.45,-2.25,-0.474,0.72,-326.25,-0.8
All touches,2.25,5.0,2.22,559,132,422,5,23.8,-0.516,-288.7,4.94,-2.25,-0.524,0.7,-345.75,-0.83
All touches,2.25,5.5,2.44,559,110,443,6,19.9,-0.695,-388.39,5.39,-2.25,-0.703,0.61,-423.89,-0.92
All touches,2.25,6.0,2.67,559,98,455,6,17.7,-0.774,-432.39,5.86,-2.25,-0.782,0.58,-474.39,-0.91
All touches,2.25,6.5,2.89,559,89,464,6,16.1,-0.827,-462.14,6.34,-2.25,-0.835,0.56,-510.64,-0.91
All touches,2.25,7.0,3.11,559,82,470,7,14.9,-0.856,-478.34,6.75,-2.25,-0.864,0.55,-533.34,-0.9
All touches,2.25,7.5,3.33,559,81,470,8,14.7,-0.792,-442.84,7.16,-2.25,-0.8,0.58,-514.84,-0.86
All touches,2.25,8.0,3.56,559,71,480,8,12.9,-0.903,-504.84,7.58,-2.25,-0.911,0.53,-587.59,-0.86
All touches,2.25,8.5,3.78,559,64,484,11,11.7,-0.966,-540.27,8.0,-2.24,-0.975,0.51,-643.52,-0.84
All touches,2.25,9.0,4.0,559,57,490,12,10.4,-1.047,-585.16,8.41,-2.23,-1.055,0.47,-690.91,-0.85
All touches,2.25,9.5,4.22,559,56,491,12,10.2,-1.017,-568.41,8.85,-2.24,-1.025,0.49,-693.66,-0.82
All touches,2.25,10.0,4.44,559,52,495,12,9.5,-1.054,-589.41,9.27,-2.24,-1.062,0.47,-721.91,-0.82
All touches,2.25,10.5,4.67,559,43,501,15,7.9,-1.162,-649.3,9.45,-2.24,-1.17,0.43,-746.05,-0.87
All touches,2.25,11.0,4.89,559,40,504,15,7.4,-1.194,-667.55,9.8,-2.24,-1.202,0.41,-754.3,-0.88
All touches,2.25,11.5,5.11,559,39,505,15,7.2,-1.183,-661.3,10.19,-2.24,-1.191,0.42,-763.55,-0.87
All touches,2.25,12.0,5.33,559,38,506,15,7.0,-1.174,-656.05,10.57,-2.24,-1.182,0.43,-773.8,-0.85
All touches,2.25,12.5,5.56,559,36,508,15,6.6,-1.192,-666.55,10.92,-2.24,-1.2,0.42,-799.8,-0.83
All touches,2.25,13.0,5.78,559,35,509,15,6.4,-1.187,-663.8,11.29,-2.24,-1.195,0.42,-812.55,-0.82
All touches,2.25,13.5,6.0,559,35,509,15,6.4,-1.156,-646.3,11.69,-2.24,-1.164,0.44,-810.55,-0.8
All touches,2.25,14.0,6.22,559,33,509,17,6.1,-1.163,-650.07,11.6,-2.24,-1.171,0.43,-829.82,-0.78
All touches,2.25,14.5,6.44,559,33,509,17,6.1,-1.133,-633.57,11.99,-2.24,-1.141,0.45,-828.82,-0.76
All touches,2.25,15.0,6.67,559,32,510,17,5.9,-1.135,-634.32,12.31,-2.24,-1.143,0.45,-845.07,-0.75
All touches,2.5,3.0,1.2,559,208,347,4,37.5,-0.437,-244.43,2.99,-2.5,-0.446,0.72,-312.5,-0.78
All touches,2.5,3.5,1.4,559,190,365,4,34.2,-0.444,-248.43,3.48,-2.5,-0.453,0.73,-319.5,-0.78
All touches,2.5,4.0,1.6,559,181,374,4,32.6,-0.379,-211.93,3.98,-2.5,-0.388,0.77,-300.0,-0.71
All touches,2.5,4.5,1.8,559,163,391,5,29.4,-0.435,-243.2,4.46,-2.5,-0.444,0.75,-351.5,-0.69
All touches,2.5,5.0,2.0,559,149,405,5,26.9,-0.477,-266.7,4.95,-2.5,-0.486,0.74,-370.0,-0.72
All touches,2.5,5.5,2.2,559,125,428,6,22.6,-0.678,-379.14,5.41,-2.5,-0.687,0.65,-466.64,-0.81
All touches,2.5,6.0,2.4,559,113,440,6,20.4,-0.749,-418.64,5.88,-2.5,-0.758,0.62,-516.14,-0.81
All touches,2.5,6.5,2.6,559,103,450,6,18.6,-0.809,-452.14,6.36,-2.5,-0.818,0.6,-559.64,-0.81
All touches,2.5,7.0,2.8,559,96,456,7,17.4,-0.828,-462.84,6.78,-2.5,-0.837,0.59,-580.34,-0.8
All touches,2.5,7.5,3.0,559,95,456,8,17.2,-0.752,-420.34,7.21,-2.5,-0.761,0.63,-555.34,-0.76
All touches,2.5,8.0,3.2,559,84,467,8,15.2,-0.874,-488.34,7.64,-2.5,-0.883,0.58,-638.34,-0.77
All touches,2.5,8.5,3.4,559,77,471,11,14.1,-0.927,-518.27,8.08,-2.49,-0.936,0.56,-693.27,-0.75
All touches,2.5,9.0,3.6,559,68,478,13,12.5,-1.035,-578.81,8.5,-2.48,-1.044,0.52,-760.81,-0.76
All touches,2.5,9.5,3.8,559,65,481,13,11.9,-1.039,-580.81,8.94,-2.48,-1.048,0.52,-762.81,-0.76
All touches,2.5,10.0,4.0,559,60,485,14,11.0,-1.076,-601.39,9.32,-2.48,-1.085,0.51,-793.89,-0.76
All touches,2.5,10.5,4.2,559,51,491,17,9.4,-1.178,-658.78,9.54,-2.48,-1.187,0.47,-820.28,-0.8
All touches,2.5,11.0,4.4,559,48,494,17,8.9,-1.205,-673.78,9.92,-2.48,-1.214,0.46,-844.28,-0.8
All touches,2.5,11.5,4.6,559,47,495,17,8.7,-1.187,-663.78,10.32,-2.48,-1.196,0.47,-843.28,-0.79
All touches,2.5,12.0,4.8,559,46,496,17,8.5,-1.171,-654.78,10.71,-2.48,-1.18,0.47,-845.78,-0.77
All touches,2.5,12.5,5.0,559,44,498,17,8.1,-1.184,-661.78,11.08,-2.48,-1.193,0.47,-871.78,-0.76
All touches,2.5,13.0,5.2,559,43,499,17,7.9,-1.172,-655.28,11.46,-2.48,-1.181,0.48,-884.28,-0.74
All touches,2.5,13.5,5.4,559,43,499,17,7.9,-1.134,-633.78,11.88,-2.48,-1.143,0.49,-881.78,-0.72
All touches,2.5,14.0,5.6,559,41,499,19,7.6,-1.133,-633.55,11.88,-2.48,-1.142,0.49,-900.55,-0.7
All touches,2.5,14.5,5.8,559,41,499,19,7.6,-1.097,-613.05,12.28,-2.48,-1.106,0.51,-899.05,-0.68
All touches,2.5,15.0,6.0,559,40,500,19,7.4,-1.091,-610.05,12.63,-2.48,-1.1,0.51,-915.05,-0.67
All touches,2.75,3.0,1.09,559,216,339,4,38.9,-0.51,-285.18,2.99,-2.74,-0.52,0.69,-348.68,-0.82
All touches,2.75,3.5,1.27,559,198,357,4,35.7,-0.518,-289.68,3.48,-2.75,-0.528,0.71,-354.75,-0.82
All touches,2.75,4.0,1.45,559,189,366,4,34.1,-0.45,-251.43,3.98,-2.75,-0.46,0.75,-335.75,-0.75
All touches,2.75,4.5,1.64,559,170,384,5,30.7,-0.519,-290.2,4.46,-2.75,-0.529,0.73,-388.95,-0.75
All touches,2.75,5.0,1.82,559,156,398,5,28.2,-0.561,-313.7,4.95,-2.75,-0.571,0.71,-407.25,-0.77
All touches,2.75,5.5,2.0,559,130,423,6,23.5,-0.796,-444.89,5.41,-2.75,-0.806,0.62,-538.39,-0.83
All touches,2.75,6.0,2.18,559,118,435,6,21.3,-0.867,-484.89,5.89,-2.75,-0.877,0.59,-588.89,-0.82
All touches,2.75,6.5,2.36,559,108,445,6,19.5,-0.927,-518.39,6.36,-2.75,-0.937,0.58,-635.39,-0.82
All touches,2.75,7.0,2.55,559,100,452,7,18.1,-0.962,-537.84,6.79,-2.75,-0.972,0.57,-662.84,-0.81
All touches,2.75,7.5,2.73,559,99,452,8,18.0,-0.883,-493.34,7.22,-2.75,-0.892,0.6,-641.59,-0.77
All touches,2.75,8.0,2.91,559,88,463,8,16.0,-1.006,-562.09,7.66,-2.75,-1.015,0.56,-719.34,-0.78
All touches,2.75,8.5,3.09,559,81,467,11,14.8,-1.057,-591.02,8.1,-2.73,-1.067,0.54,-774.77,-0.76
All touches,2.75,9.0,3.27,559,71,475,13,13.0,-1.186,-663.06,8.52,-2.72,-1.196,0.49,-843.56,-0.79
All touches,2.75,9.5,3.45,559,68,478,13,12.5,-1.188,-664.31,8.96,-2.72,-1.198,0.5,-845.31,-0.79
All touches,2.75,10.0,3.64,559,63,482,14,11.6,-1.224,-684.39,9.35,-2.72,-1.234,0.49,-876.64,-0.78
All touches,2.75,10.5,3.82,559,54,488,17,10.0,-1.327,-741.78,9.59,-2.72,-1.337,0.45,-913.78,-0.81
All touches,2.75,11.0,4.0,559,50,492,17,9.2,-1.377,-769.78,9.95,-2.72,-1.387,0.43,-951.28,-0.81
All touches,2.75,11.5,4.18,559,49,493,17,9.0,-1.358,-759.03,10.36,-2.72,-1.368,0.44,-950.03,-0.8
All touches,2.75,12.0,4.36,559,48,494,17,8.9,-1.34,-749.28,10.76,-2.72,-1.35,0.45,-949.78,-0.79
All touches,2.75,12.5,4.55,559,46,496,17,8.5,-1.352,-755.78,11.13,-2.73,-1.362,0.45,-969.78,-0.78
All touches,2.75,13.0,4.73,559,45,497,17,8.3,-1.339,-748.53,11.52,-2.73,-1.349,0.45,-982.53,-0.76
All touches,2.75,13.5,4.91,559,45,497,17,8.3,-1.299,-726.03,11.94,-2.73,-1.309,0.47,-980.03,-0.74
All touches,2.75,14.0,5.09,559,43,497,19,8.0,-1.297,-724.8,11.96,-2.73,-1.306,0.47,-998.8,-0.73
All touches,2.75,14.5,5.27,559,43,497,19,8.0,-1.258,-703.3,12.36,-2.73,-1.268,0.49,-997.3,-0.71
All touches,2.75,15.0,5.45,559,42,498,19,7.8,-1.251,-699.55,12.72,-2.73,-1.261,0.49,-1013.55,-0.69
All touches,3.0,3.5,1.17,559,217,337,5,39.2,-0.455,-254.08,3.48,-2.99,-0.465,0.75,-323.5,-0.79
All touches,3.0,4.0,1.33,559,205,349,5,37.0,-0.411,-229.58,3.98,-2.99,-0.421,0.78,-301.0,-0.76
All touches,3.0,4.5,1.5,559,185,368,6,33.5,-0.487,-272.35,4.46,-2.99,-0.498,0.75,-352.5,-0.77
All touches,3.0,5.0,1.67,559,170,383,6,30.7,-0.536,-299.85,4.95,-2.99,-0.547,0.74,-382.0,-0.78
All touches,3.0,5.5,1.83,559,148,404,7,26.8,-0.709,-396.29,5.42,-2.99,-0.72,0.67,-488.5,-0.81
All touches,3.0,6.0,2.0,559,130,422,7,23.6,-0.866,-484.29,5.9,-2.99,-0.877,0.62,-594.0,-0.82
All touches,3.0,6.5,2.17,559,119,433,7,21.6,-0.937,-523.79,6.38,-2.99,-0.948,0.6,-640.5,-0.82
All touches,3.0,7.0,2.33,559,111,440,8,20.1,-0.965,-539.49,6.81,-2.99,-0.976,0.59,-666.0,-0.81
All touches,3.0,7.5,2.5,559,108,442,9,19.6,-0.913,-510.49,7.24,-2.99,-0.924,0.62,-652.99,-0.78
All touches,3.0,8.0,2.67,559,95,455,9,17.3,-1.072,-599.49,7.68,-2.99,-1.083,0.56,-754.49,-0.79
All touches,3.0,8.5,2.83,559,86,459,14,15.8,-1.153,-644.33,8.12,-2.97,-1.163,0.53,-826.83,-0.78
All touches,3.0,9.0,3.0,559,76,467,16,14.0,-1.281,-715.87,8.55,-2.96,-1.291,0.49,-895.87,-0.8
All touches,3.0,9.5,3.17,559,70,470,19,13.0,-1.296,-724.51,8.88,-2.96,-1.307,0.49,-905.51,-0.8
All touches,3.0,10.0,3.33,559,65,474,20,12.1,-1.332,-744.59,9.25,-2.96,-1.343,0.48,-937.59,-0.79
All touches,3.0,10.5,3.5,559,56,480,23,10.4,-1.436,-802.48,9.48,-2.96,-1.446,0.45,-971.98,-0.83
All touches,3.0,11.0,3.67,559,52,484,23,9.7,-1.486,-830.48,9.82,-2.96,-1.496,0.43,-1009.48,-0.82
All touches,3.0,11.5,3.83,559,51,485,23,9.5,-1.465,-818.98,10.21,-2.96,-1.476,0.44,-1007.48,-0.81
All touches,3.0,12.0,4.0,559,50,486,23,9.3,-1.446,-808.48,10.59,-2.96,-1.457,0.45,-1006.48,-0.8
All touches,3.0,12.5,4.17,559,48,488,23,9.0,-1.457,-814.48,10.94,-2.96,-1.468,0.45,-1033.48,-0.79
All touches,3.0,13.0,4.33,559,47,489,23,8.8,-1.443,-806.48,11.31,-2.96,-1.453,0.45,-1046.48,-0.77
All touches,3.0,13.5,4.5,559,47,489,23,8.8,-1.401,-782.98,11.71,-2.96,-1.411,0.47,-1043.98,-0.75
All touches,3.0,14.0,4.67,559,45,489,25,8.4,-1.397,-780.75,11.75,-2.96,-1.407,0.47,-1062.75,-0.73
All touches,3.0,14.5,4.83,559,45,489,25,8.4,-1.356,-758.25,12.13,-2.96,-1.367,0.49,-1061.25,-0.71
All touches,3.0,15.0,5.0,559,44,490,25,8.2,-1.348,-753.75,12.47,-2.96,-1.359,0.49,-1077.75,-0.7
All touches,3.25,3.5,1.08,559,229,325,5,41.3,-0.46,-257.33,3.49,-3.24,-0.472,0.76,-353.25,-0.73
All touches,3.25,4.0,1.23,559,215,339,5,38.8,-0.437,-244.33,3.98,-3.24,-0.449,0.78,-330.25,-0.74
All touches,3.25,4.5,1.38,559,190,363,6,34.4,-0.582,-325.6,4.46,-3.24,-0.594,0.72,-394.5,-0.83
All touches,3.25,5.0,1.54,559,178,375,6,32.2,-0.59,-329.6,4.95,-3.24,-0.601,0.73,-409.5,-0.8
All touches,3.25,5.5,1.69,559,153,399,7,27.7,-0.811,-453.54,5.42,-3.24,-0.823,0.65,-543.04,-0.84
All touches,3.25,6.0,1.85,559,134,418,7,24.3,-0.989,-552.79,5.9,-3.24,-1.0,0.59,-652.79,-0.85
All touches,3.25,6.5,2.0,559,123,429,7,22.3,-1.061,-593.04,6.38,-3.24,-1.072,0.58,-703.54,-0.84
All touches,3.25,7.0,2.15,559,115,435,9,20.9,-1.087,-607.53,6.82,-3.24,-1.098,0.57,-728.53,-0.83
All touches,3.25,7.5,2.31,559,112,437,10,20.4,-1.032,-577.03,7.25,-3.24,-1.044,0.6,-714.78,-0.81
All touches,3.25,8.0,2.46,559,99,450,10,18.0,-1.194,-667.28,7.69,-3.24,-1.205,0.55,-821.03,-0.81
All touches,3.25,8.5,2.62,559,90,454,15,16.5,-1.272,-711.12,8.14,-3.21,-1.284,0.52,-893.37,-0.8
All touches,3.25,9.0,2.77,559,80,462,17,14.8,-1.4,-782.66,8.57,-3.2,-1.412,0.48,-963.91,-0.81
All touches,3.25,9.5,2.92,559,74,465,20,13.7,-1.413,-790.05,8.91,-3.2,-1.425,0.48,-972.3,-0.81
All touches,3.25,10.0,3.08,559,68,470,21,12.6,-1.471,-822.38,9.28,-3.2,-1.483,0.46,-1017.13,-0.81
All touches,3.25,10.5,3.23,559,59,476,24,11.0,-1.575,-880.27,9.52,-3.2,-1.586,0.43,-1047.27,-0.84
All touches,3.25,11.0,3.38,559,55,480,24,10.3,-1.624,-907.77,9.87,-3.2,-1.635,0.42,-1084.27,-0.84
All touches,3.25,11.5,3.54,559,54,481,24,10.1,-1.601,-895.02,10.27,-3.2,-1.613,0.43,-1082.02,-0.83
All touches,3.25,12.0,3.69,559,53,482,24,9.9,-1.58,-883.27,10.65,-3.2,-1.592,0.44,-1086.27,-0.81
All touches,3.25,12.5,3.85,559,51,484,24,9.5,-1.589,-888.27,11.02,-3.2,-1.6,0.44,-1113.27,-0.8
All touches,3.25,13.0,4.0,559,50,485,24,9.3,-1.572,-879.02,11.4,-3.2,-1.584,0.45,-1126.02,-0.78
All touches,3.25,13.5,4.15,559,50,485,24,9.3,-1.528,-854.02,11.8,-3.2,-1.539,0.46,-1123.02,-0.76
All touches,3.25,14.0,4.31,559,47,486,26,8.8,-1.552,-867.54,11.82,-3.2,-1.563,0.45,-1158.54,-0.75
All touches,3.25,14.5,4.46,559,47,486,26,8.8,-1.51,-844.04,12.21,-3.2,-1.521,0.47,-1157.04,-0.73
All touches,3.25,15.0,4.62,559,46,487,26,8.6,-1.501,-838.79,12.55,-3.2,-1.512,0.47,-1173.79,-0.71
All touches,3.5,4.0,1.14,559,235,319,5,42.4,-0.32,-179.08,3.98,-3.49,-0.333,0.84,-314.0,-0.57
All touches,3.5,4.5,1.29,559,206,347,6,37.3,-0.516,-288.35,4.47,-3.49,-0.528,0.76,-403.5,-0.71
All touches,3.5,5.0,1.43,559,193,360,6,34.9,-0.529,-295.85,4.96,-3.49,-0.542,0.77,-425.0,-0.7
All touches,3.5,5.5,1.57,559,165,387,7,29.9,-0.797,-445.29,5.43,-3.49,-0.809,0.67,-571.29,-0.78
All touches,3.5,6.0,1.71,559,146,406,7,26.4,-0.972,-543.29,5.91,-3.49,-0.984,0.62,-694.79,-0.78
All touches,3.5,6.5,1.86,559,135,417,7,24.5,-1.038,-580.29,6.39,-3.49,-1.051,0.6,-749.29,-0.77
All touches,3.5,7.0,2.0,559,127,423,9,23.1,-1.056,-590.28,6.83,-3.49,-1.068,0.6,-768.78,-0.77
All touches,3.5,7.5,2.14,559,124,425,10,22.6,-0.992,-554.28,7.27,-3.49,-1.004,0.63,-766.28,-0.72
All touches,3.5,8.0,2.29,559,112,437,10,20.4,-1.128,-630.28,7.73,-3.49,-1.14,0.59,-875.78,-0.72
All touches,3.5,8.5,2.43,559,103,441,15,18.9,-1.196,-668.62,8.18,-3.46,-1.208,0.57,-947.62,-0.71
All touches,3.5,9.0,2.57,559,93,449,17,17.2,-1.316,-735.66,8.62,-3.44,-1.328,0.53,-1019.16,-0.72
All touches,3.5,9.5,2.71,559,87,452,20,16.1,-1.319,-737.3,8.99,-3.44,-1.331,0.54,-1026.3,-0.72
All touches,3.5,10.0,2.86,559,81,457,21,15.1,-1.367,-764.38,9.38,-3.44,-1.38,0.52,-1070.38,-0.71
All touches,3.5,10.5,3.0,559,72,463,24,13.5,-1.462,-817.27,9.67,-3.45,-1.474,0.5,-1097.27,-0.74
All touches,3.5,11.0,3.14,559,68,467,24,12.7,-1.501,-839.27,10.06,-3.45,-1.514,0.49,-1118.27,-0.75
All touches,3.5,11.5,3.29,559,67,468,24,12.5,-1.467,-820.27,10.47,-3.45,-1.48,0.5,-1126.27,-0.73
All touches,3.5,12.0,3.43,559,67,468,24,12.5,-1.407,-786.77,10.89,-3.45,-1.42,0.52,-1119.77,-0.7
All touches,3.5,12.5,3.57,559,65,470,24,12.1,-1.405,-785.27,11.29,-3.45,-1.417,0.53,-1145.27,-0.69
All touches,3.5,13.0,3.71,559,64,471,24,12.0,-1.376,-769.27,11.69,-3.45,-1.388,0.54,-1156.27,-0.67
All touches,3.5,13.5,3.86,559,64,471,24,12.0,-1.319,-737.27,12.11,-3.45,-1.331,0.56,-1151.27,-0.64
All touches,3.5,14.0,4.0,559,60,473,26,11.3,-1.362,-761.54,12.21,-3.45,-1.375,0.54,-1202.54,-0.63
All touches,3.5,14.5,4.14,559,60,473,26,11.3,-1.309,-731.54,12.61,-3.45,-1.321,0.56,-1199.54,-0.61
All touches,3.5,15.0,4.29,559,59,474,26,11.1,-1.288,-720.04,12.99,-3.45,-1.3,0.57,-1215.04,-0.59
All touches,3.75,4.0,1.07,559,241,313,5,43.5,-0.38,-212.33,3.98,-3.73,-0.393,0.82,-363.0,-0.58
All touches,3.75,4.5,1.2,559,212,341,6,38.3,-0.582,-325.6,4.47,-3.74,-0.596,0.75,-456.85,-0.71
All touches,3.75,5.0,1.33,559,199,354,6,36.0,-0.596,-333.35,4.96,-3.74,-0.61,0.75,-480.0,-0.69
All touches,3.75,5.5,1.47,559,171,381,7,31.0,-0.87,-486.54,5.43,-3.74,-0.884,0.66,-631.04,-0.77
All touches,3.75,6.0,1.6,559,152,400,7,27.5,-1.049,-586.29,5.91,-3.74,-1.062,0.61,-758.04,-0.77
All touches,3.75,6.5,1.73,559,141,411,7,25.5,-1.115,-623.04,6.39,-3.74,-1.128,0.6,-813.04,-0.77
All touches,3.75,7.0,1.87,559,133,417,9,24.2,-1.13,-631.53,6.84,-3.73,-1.143,0.6,-833.28,-0.76
All touches,3.75,7.5,2.0,559,130,419,10,23.7,-1.061,-593.03,7.28,-3.74,-1.074,0.62,-829.28,-0.72
All touches,3.75,8.0,2.13,559,118,431,10,21.5,-1.197,-669.03,7.74,-3.74,-1.21,0.59,-940.78,-0.71
All touches,3.75,8.5,2.27,559,108,436,15,19.9,-1.284,-717.62,8.2,-3.7,-1.297,0.56,-1024.87,-0.7
All touches,3.75,9.0,2.4,559,98,444,17,18.1,-1.403,-784.16,8.64,-3.69,-1.416,0.53,-1098.41,-0.71
All touches,3.75,9.5,2.53,559,92,447,20,17.1,-1.403,-784.05,9.02,-3.69,-1.416,0.53,-1105.3,-0.71
All touches,3.75,10.0,2.67,559,86,452,21,16.0,-1.449,-809.88,9.42,-3.69,-1.462,0.52,-1149.88,-0.7
All touches,3.75,10.5,2.8,559,77,458,24,14.4,-1.542,-861.77,9.72,-3.69,-1.555,0.5,-1176.77,-0.73
All touches,3.75,11.0,2.93,559,73,462,24,13.6,-1.578,-882.27,10.11,-3.69,-1.592,0.49,-1197.77,-0.74
All touches,3.75,11.5,3.07,559,72,463,24,13.5,-1.54,-861.02,10.53,-3.69,-1.553,0.51,-1205.52,-0.71
All touches,3.75,12.0,3.2,559,72,463,24,13.5,-1.476,-825.02,10.96,-3.69,-1.489,0.53,-1198.52,-0.69
All touches,3.75,12.5,3.33,559,70,465,24,13.1,-1.47,-821.52,11.36,-3.69,-1.483,0.53,-1224.02,-0.67
All touches,3.75,13.0,3.47,559,69,466,24,12.9,-1.437,-803.27,11.77,-3.69,-1.45,0.54,-1234.77,-0.65
All touches,3.75,13.5,3.6,559,69,466,24,12.9,-1.375,-768.77,12.2,-3.69,-1.388,0.56,-1229.27,-0.63
All touches,3.75,14.0,3.73,559,65,468,26,12.2,-1.415,-791.04,12.32,-3.69,-1.428,0.55,-1280.54,-0.62
All touches,3.75,14.5,3.87,559,65,468,26,12.2,-1.357,-758.54,12.73,-3.69,-1.37,0.57,-1277.04,-0.59
All touches,3.75,15.0,4.0,559,64,469,26,12.0,-1.332,-744.79,13.12,-3.69,-1.346,0.58,-1292.29,-0.58
All touches,4.0,4.5,1.12,559,220,332,7,39.9,-0.612,-341.93,4.47,-3.98,-0.626,0.74,-486.0,-0.7
All touches,4.0,5.0,1.25,559,207,345,7,37.5,-0.624,-348.93,4.96,-3.98,-0.638,0.75,-511.0,-0.68
All touches,4.0,5.5,1.38,559,179,372,8,32.5,-0.903,-504.87,5.43,-3.98,-0.917,0.66,-657.0,-0.77
All touches,4.0,6.0,1.5,559,160,391,8,29.0,-1.083,-605.37,5.92,-3.98,-1.097,0.61,-786.0,-0.77
All touches,4.0,6.5,1.62,559,149,402,8,27.0,-1.146,-640.87,6.4,-3.98,-1.161,0.6,-842.5,-0.76
All touches,4.0,7.0,1.75,559,141,408,10,25.7,-1.157,-646.86,6.85,-3.98,-1.171,0.61,-859.49,-0.75
All touches,4.0,7.5,1.88,559,138,410,11,25.2,-1.082,-604.86,7.29,-3.98,-1.096,0.63,-860.49,-0.7
All touches,4.0,8.0,2.0,559,126,421,12,23.0,-1.213,-678.06,7.76,-3.98,-1.227,0.6,-964.69,-0.7
All touches,4.0,8.5,2.12,559,110,428,21,20.4,-1.363,-761.68,8.1,-3.94,-1.377,0.56,-1073.53,-0.71
All touches,4.0,9.0,2.25,559,100,436,23,18.7,-1.483,-829.22,8.53,-3.93,-1.497,0.53,-1149.07,-0.72
All touches,4.0,9.5,2.38,559,94,439,26,17.6,-1.483,-828.86,8.88,-3.93,-1.497,0.53,-1155.71,-0.72
All touches,4.0,10.0,2.5,559,88,444,27,16.5,-1.529,-854.94,9.26,-3.93,-1.543,0.52,-1200.79,-0.71
All touches,4.0,10.5,2.62,559,81,448,30,15.3,-1.571,-878.33,9.57,-3.93,-1.585,0.51,-1227.68,-0.72
All touches,4.0,11.0,2.75,559,77,452,30,14.6,-1.606,-897.83,9.94,-3.93,-1.62,0.51,-1248.68,-0.72
All touches,4.0,11.5,2.88,559,77,452,30,14.6,-1.537,-859.33,10.36,-3.93,-1.551,0.53,-1240.68,-0.69
All touches,4.0,12.0,3.0,559,77,452,30,14.6,-1.468,-820.83,10.77,-3.93,-1.482,0.55,-1232.68,-0.67
All touches,4.0,12.5,3.12,559,75,454,30,14.2,-1.459,-815.33,11.16,-3.93,-1.473,0.55,-1257.68,-0.65
All touches,4.0,13.0,3.25,559,74,455,30,14.0,-1.422,-794.83,11.55,-3.93,-1.436,0.57,-1267.68,-0.63
All touches,4.0,13.5,3.38,559,74,455,30,14.0,-1.356,-757.83,11.96,-3.93,-1.37,0.59,-1261.18,-0.6
All touches,4.0,14.0,3.5,559,70,457,32,13.3,-1.392,-778.1,12.1,-3.93,-1.406,0.58,-1311.95,-0.59
All touches,4.0,14.5,3.62,559,70,457,32,13.3,-1.329,-743.1,12.49,-3.93,-1.343,0.6,-1307.45,-0.57
All touches,4.0,15.0,3.75,559,69,458,32,13.1,-1.301,-727.1,12.87,-3.93,-1.315,0.61,-1321.95,-0.55
All touches,4.25,4.5,1.06,559,225,326,8,40.8,-0.68,-380.28,4.47,-4.23,-0.695,0.73,-520.25,-0.73
All touches,4.25,5.0,1.18,559,213,338,8,38.7,-0.678,-378.78,4.96,-4.23,-0.693,0.74,-546.0,-0.69
All touches,4.25,5.5,1.29,559,185,365,9,33.6,-0.963,-538.47,5.44,-4.23,-0.978,0.65,-709.75,-0.76
All touches,4.25,6.0,1.41,559,167,383,9,30.4,-1.128,-630.47,5.92,-4.23,-1.143,0.61,-843.25,-0.75
All touches,4.25,6.5,1.53,559,156,394,9,28.4,-1.19,-665.22,6.4,-4.23,-1.205,0.6,-899.25,-0.74
All touches,4.25,7.0,1.65,559,148,400,11,27.0,-1.197,-669.21,6.86,-4.23,-1.212,0.61,-919.99,-0.73
All touches,4.25,7.5,1.76,559,145,402,12,26.5,-1.117,-624.21,7.3,-4.23,-1.132,0.64,-915.24,-0.68
All touches,4.25,8.0,1.88,559,132,413,14,24.2,-1.252,-699.61,7.75,-4.22,-1.267,0.6,-1029.39,-0.68
All touches,4.25,8.5,2.0,559,116,420,23,21.6,-1.399,-781.98,8.1,-4.18,-1.414,0.57,-1138.48,-0.69
All touches,4.25,9.0,2.12,559,106,428,25,19.9,-1.518,-848.52,8.52,-4.17,-1.533,0.54,-1216.02,-0.7
All touches,4.25,9.5,2.24,559,100,431,28,18.8,-1.513,-845.91,8.88,-4.17,-1.528,0.54,-1222.41,-0.69
All touches,4.25,10.0,2.35,559,94,436,29,17.7,-1.557,-870.24,9.27,-4.17,-1.572,0.53,-1267.99,-0.69
All touches,4.25,10.5,2.47,559,88,439,32,16.7,-1.569,-876.88,9.59,-4.17,-1.584,0.53,-1280.13,-0.68
All touches,4.25,11.0,2.59,559,84,443,32,15.9,-1.599,-893.88,9.97,-4.17,-1.614,0.53,-1300.63,-0.69
All touches,4.25,11.5,2.71,559,84,443,32,15.9,-1.524,-851.88,10.38,-4.17,-1.539,0.55,-1291.63,-0.66
All touches,4.25,12.0,2.82,559,84,443,32,15.9,-1.449,-809.88,10.8,-4.17,-1.464,0.57,-1282.63,-0.63
All touches,4.25,12.5,2.94,559,82,445,32,15.6,-1.434,-801.38,11.19,-4.17,-1.449,0.58,-1307.13,-0.61
All touches,4.25,13.0,3.06,559,81,446,32,15.4,-1.391,-777.63,11.59,-4.17,-1.406,0.59,-1316.63,-0.59
All touches,4.25,13.5,3.18,559,81,446,32,15.4,-1.319,-737.13,12.0,-4.17,-1.334,0.61,-1309.63,-0.56
All touches,4.25,14.0,3.29,559,77,448,34,14.7,-1.35,-754.4,12.16,-4.17,-1.364,0.61,-1360.4,-0.55
All touches,4.25,14.5,3.41,559,76,449,34,14.5,-1.314,-734.65,12.54,-4.17,-1.329,0.62,-1374.15,-0.53
All touches,4.25,15.0,3.53,559,75,450,34,14.3,-1.281,-715.9,12.92,-4.17,-1.296,0.63,-1388.9,-0.52
All touches,4.5,5.0,1.11,559,214,337,8,38.8,-0.812,-453.78,4.96,-4.47,-0.828,0.7,-599.0,-0.76
All touches,4.5,5.5,1.22,559,186,364,9,33.8,-1.109,-619.72,5.44,-4.48,-1.125,0.62,-775.5,-0.8
All touches,4.5,6.0,1.33,559,168,382,9,30.5,-1.28,-715.72,5.92,-4.48,-1.296,0.59,-912.0,-0.78
All touches,4.5,6.5,1.44,559,157,393,9,28.5,-1.347,-752.72,6.41,-4.48,-1.363,0.58,-974.0,-0.77
All touches,4.5,7.0,1.56,559,149,399,11,27.2,-1.355,-757.71,6.86,-4.47,-1.371,0.58,-991.99,-0.76
All touches,4.5,7.5,1.67,559,146,401,12,26.7,-1.275,-712.71,7.31,-4.47,-1.291,0.61,-992.99,-0.72
All touches,4.5,8.0,1.78,559,132,413,14,24.2,-1.436,-802.86,7.75,-4.47,-1.452,0.57,-1115.14,-0.72
All touches,4.5,8.5,1.89,559,116,420,23,21.6,-1.587,-886.98,8.1,-4.43,-1.603,0.53,-1225.98,-0.72
All touches,4.5,9.0,2.0,559,106,428,25,19.9,-1.709,-955.52,8.52,-4.41,-1.725,0.51,-1305.02,-0.73
All touches,4.5,9.5,2.11,559,100,431,28,18.8,-1.706,-953.66,8.88,-4.41,-1.722,0.51,-1311.66,-0.73
All touches,4.5,10.0,2.22,559,94,436,29,17.7,-1.752,-979.24,9.27,-4.41,-1.768,0.51,-1358.24,-0.72
All touches,4.5,10.5,2.33,559,88,439,32,16.7,-1.765,-986.63,9.59,-4.41,-1.781,0.51,-1370.63,-0.72
All touches,4.5,11.0,2.44,559,87,440,32,16.5,-1.714,-958.13,10.0,-4.41,-1.73,0.52,-1376.13,-0.7
All touches,4.5,11.5,2.56,559,87,440,32,16.5,-1.636,-914.63,10.42,-4.41,-1.652,0.54,-1366.63,-0.67
All touches,4.5,12.0,2.67,559,85,442,32,16.1,-1.617,-904.13,10.81,-4.41,-1.633,0.55,-1357.13,-0.67
All touches,4.5,12.5,2.78,559,83,444,32,15.7,-1.602,-895.63,11.2,-4.41,-1.618,0.56,-1381.63,-0.65
All touches,4.5,13.0,2.89,559,82,445,32,15.6,-1.559,-871.63,11.6,-4.41,-1.575,0.57,-1390.63,-0.63
All touches,4.5,13.5,3.0,559,82,445,32,15.6,-1.486,-830.63,12.02,-4.41,-1.502,0.59,-1382.63,-0.6
All touches,4.5,14.0,3.11,559,78,447,34,14.9,-1.517,-847.9,12.18,-4.41,-1.533,0.58,-1433.4,-0.59
All touches,4.5,14.5,3.22,559,77,448,34,14.7,-1.481,-827.9,12.56,-4.41,-1.497,0.59,-1446.9,-0.57
All touches,4.5,15.0,3.33,559,76,449,34,14.5,-1.447,-808.9,12.94,-4.41,-1.463,0.6,-1461.4,-0.55
All touches,4.75,5.0,1.05,559,216,335,8,39.2,-0.928,-518.53,4.96,-4.72,-0.944,0.68,-642.5,-0.81
All touches,4.75,5.5,1.16,559,187,363,9,34.0,-1.253,-700.47,5.44,-4.72,-1.27,0.6,-844.25,-0.83
All touches,4.75,6.0,1.26,559,169,381,9,30.7,-1.432,-800.47,5.92,-4.72,-1.449,0.56,-985.0,-0.81
All touches,4.75,6.5,1.37,559,158,392,9,28.7,-1.502,-839.72,6.41,-4.72,-1.519,0.55,-1050.5,-0.8
All touches,4.75,7.0,1.47,559,150,398,11,27.4,-1.513,-845.71,6.86,-4.72,-1.53,0.56,-1069.24,-0.79
All touches,4.75,7.5,1.58,559,146,401,12,26.7,-1.454,-812.96,7.31,-4.72,-1.471,0.58,-1070.74,-0.76
All touches,4.75,8.0,1.68,559,132,413,14,24.2,-1.621,-906.11,7.75,-4.71,-1.638,0.54,-1200.89,-0.75
All touches,4.75,8.5,1.79,559,116,420,23,21.6,-1.775,-991.98,8.1,-4.67,-1.791,0.51,-1313.48,-0.76
All touches,4.75,9.0,1.89,559,106,428,25,19.9,-1.901,-1062.52,8.52,-4.65,-1.917,0.48,-1394.02,-0.76
All touches,4.75,9.5,2.0,559,100,431,28,18.8,-1.899,-1061.41,8.88,-4.65,-1.915,0.49,-1400.91,-0.76
All touches,4.75,10.0,2.11,559,94,436,29,17.7,-1.947,-1088.24,9.27,-4.65,-1.963,0.48,-1448.49,-0.75
All touches,4.75,10.5,2.21,559,88,439,32,16.7,-1.961,-1096.38,9.59,-4.65,-1.978,0.48,-1461.13,-0.75
All touches,4.75,11.0,2.32,559,87,440,32,16.5,-1.911,-1068.13,10.0,-4.65,-1.927,0.49,-1466.88,-0.73
All touches,4.75,11.5,2.42,559,87,440,32,16.5,-1.833,-1024.63,10.42,-4.65,-1.85,0.51,-1457.38,-0.7
All touches,4.75,12.0,2.53,559,85,442,32,16.1,-1.815,-1014.63,10.81,-4.65,-1.832,0.52,-1447.88,-0.7
All touches,4.75,12.5,2.63,559,83,444,32,15.7,-1.801,-1006.63,11.2,-4.65,-1.817,0.53,-1472.88,-0.68
All touches,4.75,13.0,2.74,559,82,445,32,15.6,-1.758,-982.88,11.6,-4.65,-1.775,0.54,-1482.13,-0.66
All touches,4.75,13.5,2.84,559,82,445,32,15.6,-1.685,-941.88,12.02,-4.65,-1.702,0.56,-1474.13,-0.64
All touches,4.75,14.0,2.95,559,78,447,34,14.9,-1.717,-959.65,12.18,-4.65,-1.733,0.55,-1524.9,-0.63
All touches,4.75,14.5,3.05,559,77,448,34,14.7,-1.681,-939.9,12.56,-4.65,-1.698,0.56,-1538.4,-0.61
All touches,4.75,15.0,3.16,559,76,449,34,14.5,-1.648,-921.15,12.94,-4.66,-1.665,0.57,-1553.15,-0.59
All touches,5.0,5.5,1.1,559,194,353,12,35.5,-1.276,-713.54,5.44,-4.96,-1.294,0.6,-862.82,-0.83
All touches,5.0,6.0,1.2,559,176,371,12,32.2,-1.457,-814.54,5.92,-4.96,-1.475,0.57,-1011.82,-0.81
All touches,5.0,6.5,1.3,559,165,381,13,30.2,-1.523,-851.38,6.41,-4.96,-1.541,0.56,-1063.66,-0.8
All touches,5.0,7.0,1.4,559,155,389,15,28.5,-1.573,-879.37,6.86,-4.95,-1.591,0.55,-1080.65,-0.81
All touches,5.0,7.5,1.5,559,151,392,16,27.8,-1.511,-844.87,7.31,-4.95,-1.529,0.57,-1082.65,-0.78
All touches,5.0,8.0,1.6,559,137,404,18,25.3,-1.679,-938.52,7.76,-4.95,-1.697,0.54,-1215.8,-0.77
All touches,5.0,8.5,1.7,559,121,411,27,22.7,-1.831,-1023.64,8.11,-4.9,-1.849,0.51,-1327.64,-0.77
All touches,5.0,9.0,1.8,559,111,419,29,20.9,-1.956,-1093.68,8.54,-4.88,-1.974,0.49,-1407.18,-0.78
All touches,5.0,9.5,1.9,559,105,422,32,19.9,-1.951,-1090.82,8.91,-4.88,-1.969,0.49,-1411.82,-0.77
All touches,5.0,10.0,2.0,559,99,427,33,18.8,-1.997,-1116.4,9.3,-4.88,-2.015,0.48,-1457.9,-0.77
All touches,5.0,10.5,2.1,559,93,430,36,17.8,-2.009,-1122.79,9.63,-4.88,-2.026,0.49,-1468.29,-0.76
All touches,5.0,11.0,2.2,559,92,431,36,17.6,-1.954,-1092.29,10.04,-4.88,-1.971,0.5,-1471.79,-0.74
All touches,5.0,11.5,2.3,559,92,431,36,17.6,-1.872,-1046.29,10.47,-4.88,-1.889,0.52,-1459.79,-0.72
All touches,5.0,12.0,2.4,559,90,433,36,17.2,-1.85,-1034.29,10.87,-4.88,-1.868,0.53,-1447.79,-0.71
All touches,5.0,12.5,2.5,559,88,435,36,16.8,-1.832,-1024.29,11.26,-4.88,-1.85,0.54,-1470.79,-0.7
All touches,5.0,13.0,2.6,559,85,438,36,16.3,-1.85,-1034.29,11.65,-4.88,-1.868,0.53,-1513.79,-0.68
All touches,5.0,13.5,2.7,559,85,438,36,16.3,-1.774,-991.79,12.06,-4.88,-1.792,0.55,-1504.29,-0.66
All touches,5.0,14.0,2.8,559,81,440,38,15.5,-1.804,-1008.56,12.24,-4.88,-1.822,0.55,-1554.06,-0.65
All touches,5.0,14.5,2.9,559,80,441,38,15.4,-1.767,-987.56,12.62,-4.88,-1.784,0.56,-1566.06,-0.63
All touches,5.0,15.0,3.0,559,79,442,38,15.2,-1.731,-967.56,13.01,-4.88,-1.748,0.57,-1579.06,-0.61
All touches,5.25,5.5,1.05,559,194,351,14,35.6,-1.426,-796.89,5.44,-5.19,-1.444,0.57,-923.8,-0.86
All touches,5.25,6.0,1.14,559,176,369,14,32.3,-1.614,-902.39,5.92,-5.19,-1.633,0.54,-1077.05,-0.84
All touches,5.25,6.5,1.24,559,165,379,15,30.3,-1.685,-941.73,6.41,-5.19,-1.703,0.53,-1135.39,-0.83
All touches,5.25,7.0,1.33,559,155,387,17,28.6,-1.738,-971.72,6.86,-5.18,-1.757,0.53,-1154.88,-0.84
All touches,5.25,7.5,1.43,559,151,390,18,27.9,-1.678,-937.97,7.31,-5.18,-1.696,0.55,-1160.63,-0.81
All touches,5.25,8.0,1.52,559,137,402,20,25.4,-1.851,-1034.62,7.76,-5.18,-1.869,0.52,-1296.78,-0.8
All touches,5.25,8.5,1.62,559,121,409,29,22.8,-2.006,-1121.49,8.11,-5.13,-2.025,0.49,-1410.37,-0.8
All touches,5.25,9.0,1.71,559,111,417,31,21.0,-2.135,-1193.53,8.54,-5.11,-2.153,0.46,-1491.41,-0.8
All touches,5.25,9.5,1.81,559,105,420,34,20.0,-2.131,-1191.42,8.91,-5.11,-2.15,0.47,-1496.3,-0.8
All touches,5.25,10.0,1.9,559,100,424,35,19.1,-2.152,-1203.0,9.3,-5.11,-2.17,0.47,-1528.13,-0.79
All touches,5.25,10.5,2.0,559,94,427,38,18.0,-2.164,-1209.64,9.64,-5.11,-2.182,0.47,-1538.27,-0.79
All touches,5.25,11.0,2.1,559,93,428,38,17.9,-2.109,-1178.89,10.05,-5.11,-2.127,0.48,-1541.52,-0.76
All touches,5.25,11.5,2.19,559,93,428,38,17.9,-2.026,-1132.39,10.48,-5.11,-2.044,0.5,-1529.02,-0.74
All touches,5.25,12.0,2.29,559,91,430,38,17.5,-2.004,-1120.39,10.88,-5.11,-2.023,0.51,-1516.52,-0.74
All touches,5.25,12.5,2.38,559,89,432,38,17.1,-1.986,-1110.39,11.28,-5.11,-2.005,0.52,-1539.52,-0.72
All touches,5.25,13.0,2.48,559,86,435,38,16.5,-2.005,-1120.64,11.66,-5.11,-2.023,0.52,-1582.77,-0.71
All touches,5.25,13.5,2.57,559,86,435,38,16.5,-1.928,-1077.64,12.08,-5.11,-1.946,0.54,-1572.77,-0.69
All touches,5.25,14.0,2.67,559,82,437,40,15.8,-1.958,-1094.41,12.25,-5.11,-1.976,0.53,-1622.54,-0.67
All touches,5.25,14.5,2.76,559,80,439,40,15.4,-1.955,-1092.91,12.62,-5.11,-1.973,0.53,-1654.04,-0.66
All touches,5.25,15.0,2.86,559,79,440,40,15.2,-1.92,-1073.16,13.01,-5.11,-1.938,0.54,-1667.29,-0.64
All touches,5.5,6.0,1.09,559,179,365,15,32.9,-1.715,-958.51,5.92,-5.43,-1.734,0.53,-1142.92,-0.84
All touches,5.5,6.5,1.18,559,168,375,16,30.9,-1.787,-998.85,6.41,-5.43,-1.806,0.52,-1195.76,-0.84
All touches,5.5,7.0,1.27,559,158,383,18,29.2,-1.841,-1029.34,6.87,-5.42,-1.861,0.52,-1220.25,-0.84
All touches,5.5,7.5,1.36,559,154,386,19,28.5,-1.78,-994.84,7.32,-5.42,-1.799,0.54,-1226.25,-0.81
All touches,5.5,8.0,1.45,559,140,398,21,26.0,-1.955,-1092.99,7.76,-5.42,-1.975,0.51,-1364.9,-0.8
All touches,5.5,8.5,1.55,559,124,405,30,23.4,-2.111,-1180.11,8.12,-5.36,-2.13,0.48,-1479.74,-0.8
All touches,5.5,9.0,1.64,559,115,412,32,21.8,-2.215,-1238.15,8.56,-5.34,-2.234,0.46,-1547.28,-0.8
All touches,5.5,9.5,1.73,559,109,415,35,20.8,-2.209,-1234.79,8.93,-5.34,-2.228,0.47,-1551.42,-0.8
All touches,5.5,10.0,1.82,559,104,419,36,19.9,-2.228,-1245.37,9.33,-5.34,-2.247,0.47,-1583.0,-0.79
All touches,5.5,10.5,1.91,559,98,422,39,18.8,-2.237,-1250.76,9.67,-5.35,-2.257,0.47,-1592.39,-0.79
All touches,5.5,11.0,2.0,559,97,423,39,18.7,-2.179,-1218.26,10.09,-5.35,-2.198,0.49,-1594.89,-0.76
All touches,5.5,11.5,2.09,559,97,423,39,18.7,-2.093,-1169.76,10.51,-5.35,-2.112,0.51,-1582.39,-0.74
All touches,5.5,12.0,2.18,559,95,425,39,18.3,-2.068,-1156.26,10.92,-5.35,-2.088,0.51,-1569.89,-0.74
All touches,5.5,12.5,2.27,559,92,428,39,17.7,-2.08,-1162.76,11.31,-5.35,-2.099,0.51,-1611.39,-0.72
All touches,5.5,13.0,2.36,559,89,431,39,17.1,-2.097,-1172.26,11.7,-5.35,-2.116,0.51,-1655.89,-0.71
All touches,5.5,13.5,2.45,559,89,431,39,17.1,-2.017,-1127.76,12.12,-5.35,-2.037,0.53,-1646.39,-0.68
All touches,5.5,14.0,2.55,559,85,433,41,16.4,-2.046,-1143.53,12.3,-5.35,-2.065,0.53,-1697.16,-0.67
All touches,5.5,14.5,2.64,559,83,435,41,16.0,-2.041,-1141.03,12.68,-5.35,-2.06,0.53,-1729.66,-0.66
All touches,5.5,15.0,2.73,559,82,436,41,15.8,-2.004,-1120.03,13.06,-5.35,-2.023,0.54,-1743.66,-0.64
All touches,5.75,6.0,1.04,559,180,363,16,33.1,-1.854,-1036.39,5.93,-5.67,-1.874,0.51,-1208.55,-0.86
All touches,5.75,6.5,1.13,559,169,373,17,31.2,-1.93,-1078.73,6.41,-5.67,-1.95,0.51,-1267.64,-0.85
All touches,5.75,7.0,1.22,559,159,381,19,29.4,-1.987,-1110.72,6.87,-5.66,-2.007,0.5,-1297.63,-0.86
All touches,5.75,7.5,1.3,559,155,384,20,28.8,-1.926,-1076.47,7.32,-5.66,-1.946,0.52,-1304.38,-0.83
All touches,5.75,8.0,1.39,559,143,394,22,26.6,-2.057,-1149.62,7.77,-5.65,-2.077,0.5,-1418.53,-0.81
All touches,5.75,8.5,1.48,559,127,401,31,24.1,-2.213,-1236.99,8.13,-5.6,-2.233,0.47,-1534.12,-0.81
All touches,5.75,9.0,1.57,559,118,408,33,22.4,-2.317,-1295.28,8.57,-5.58,-2.337,0.46,-1601.91,-0.81
All touches,5.75,9.5,1.65,559,112,411,36,21.4,-2.31,-1291.17,8.94,-5.58,-2.33,0.46,-1605.3,-0.8
All touches,5.75,10.0,1.74,559,107,415,37,20.5,-2.328,-1301.25,9.34,-5.58,-2.348,0.46,-1636.63,-0.8
All touches,5.75,10.5,1.83,559,101,418,40,19.5,-2.336,-1305.89,9.69,-5.58,-2.356,0.47,-1645.27,-0.79
All touches,5.75,11.0,1.91,559,100,419,40,19.3,-2.276,-1272.14,10.11,-5.58,-2.296,0.48,-1647.02,-0.77
All touches,5.75,11.5,2.0,559,100,419,40,19.3,-2.186,-1222.14,10.54,-5.58,-2.206,0.5,-1632.52,-0.75
All touches,5.75,12.0,2.09,559,98,421,40,18.9,-2.16,-1207.64,10.95,-5.58,-2.18,0.51,-1619.02,-0.75
All touches,5.75,12.5,2.17,559,95,424,40,18.3,-2.171,-1213.39,11.34,-5.58,-2.191,0.51,-1660.27,-0.73
All touches,5.75,13.0,2.26,559,92,427,40,17.7,-2.186,-1222.14,11.73,-5.58,-2.206,0.51,-1706.27,-0.72
All touches,5.75,13.5,2.35,559,92,427,40,17.7,-2.104,-1176.14,12.15,-5.58,-2.124,0.53,-1698.27,-0.69
All touches,5.75,14.0,2.43,559,88,429,42,17.0,-2.13,-1190.91,12.35,-5.58,-2.15,0.53,-1751.04,-0.68
All touches,5.75,14.5,2.52,559,86,431,42,16.6,-2.124,-1187.41,12.73,-5.58,-2.144,0.53,-1785.54,-0.67
All touches,5.75,15.0,2.61,559,85,432,42,16.4,-2.084,-1165.16,13.12,-5.58,-2.104,0.54,-1801.29,-0.65
All touches,6.0,6.5,1.08,559,169,372,18,31.2,-2.092,-1169.53,6.41,-5.9,-2.113,0.49,-1338.44,-0.87
All touches,6.0,7.0,1.17,559,159,380,20,29.5,-2.153,-1203.52,6.87,-5.9,-2.174,0.48,-1373.93,-0.88
All touches,6.0,7.5,1.25,559,155,383,21,28.8,-2.093,-1170.02,7.32,-5.9,-2.114,0.5,-1381.43,-0.85
All touches,6.0,8.0,1.33,559,143,393,23,26.7,-2.228,-1245.67,7.77,-5.89,-2.249,0.48,-1498.08,-0.83
All touches,6.0,8.5,1.42,559,127,400,32,24.1,-2.388,-1334.79,8.13,-5.83,-2.409,0.45,-1615.42,-0.83
All touches,6.0,9.0,1.5,559,120,405,34,22.9,-2.442,-1364.83,8.57,-5.81,-2.462,0.45,-1654.46,-0.82
All touches,6.0,9.5,1.58,559,114,408,37,21.8,-2.434,-1360.47,8.95,-5.81,-2.455,0.46,-1657.1,-0.82
All touches,6.0,10.0,1.67,559,109,412,38,20.9,-2.452,-1370.55,9.36,-5.81,-2.473,0.46,-1688.18,-0.81
All touches,6.0,10.5,1.75,559,103,415,41,19.9,-2.46,-1374.94,9.7,-5.81,-2.48,0.46,-1696.07,-0.81
All touches,6.0,11.0,1.83,559,102,416,41,19.7,-2.398,-1340.44,10.12,-5.81,-2.419,0.47,-1697.07,-0.79
All touches,6.0,11.5,1.92,559,102,416,41,19.7,-2.307,-1289.44,10.55,-5.81,-2.327,0.49,-1681.57,-0.77
All touches,6.0,12.0,2.0,559,100,418,41,19.3,-2.28,-1274.44,10.96,-5.81,-2.301,0.5,-1666.07,-0.76
All touches,6.0,12.5,2.08,559,97,421,41,18.7,-2.29,-1279.94,11.36,-5.81,-2.31,0.5,-1707.07,-0.75
All touches,6.0,13.0,2.17,559,94,424,41,18.1,-2.305,-1288.44,11.76,-5.81,-2.326,0.5,-1751.07,-0.74
All touches,6.0,13.5,2.25,559,92,426,41,17.8,-2.291,-1280.44,12.15,-5.82,-2.311,0.51,-1780.07,-0.72
All touches,6.0,14.0,2.33,559,88,428,43,17.1,-2.318,-1295.71,12.35,-5.82,-2.339,0.5,-1833.34,-0.71
All touches,6.0,14.5,2.42,559,86,430,43,16.7,-2.313,-1292.71,12.73,-5.82,-2.333,0.51,-1868.34,-0.69
All touches,6.0,15.0,2.5,559,85,431,43,16.5,-2.273,-1270.71,13.12,-5.82,-2.294,0.52,-1884.34,-0.67
First-1,0.5,1.0,2.0,128,39,84,1,31.7,-0.329,-42.1,1.17,-1.05,-0.337,0.53,-58.89,-0.71
First-1,0.5,1.5,3.0,128,30,94,1,24.2,-0.277,-35.46,1.68,-0.94,-0.284,0.6,-58.75,-0.6
First-1,0.5,2.0,4.0,128,25,102,1,19.7,-0.008,-1.0,2.0,-0.5,-0.012,0.98,-22.5,-0.04
First-1,0.5,2.5,5.0,128,20,107,1,15.7,-0.027,-3.5,2.5,-0.5,-0.031,0.93,-35.0,-0.1
First-1,0.5,3.0,6.0,128,19,108,1,15.0,0.023,3.0,3.0,-0.5,0.02,1.06,-35.0,0.09
First-1,0.5,3.5,7.0,128,19,108,1,15.0,0.098,12.5,3.5,-0.5,0.094,1.23,-35.0,0.36
First-1,0.5,4.0,8.0,128,19,108,1,15.0,0.172,22.0,4.0,-0.5,0.168,1.41,-35.0,0.63
First-1,0.5,4.5,9.0,128,17,109,2,13.5,0.185,23.73,4.35,-0.5,0.181,1.44,-35.0,0.68
First-1,0.5,5.0,10.0,128,16,110,2,12.7,0.209,26.73,4.81,-0.5,0.205,1.49,-35.0,0.76
First-1,0.5,5.5,11.0,128,15,110,3,12.0,0.248,31.79,5.11,-0.5,0.244,1.58,-35.0,0.91
First-1,0.5,6.0,12.0,128,14,111,3,11.2,0.256,32.79,5.52,-0.5,0.252,1.59,-35.0,0.94
First-1,0.5,6.5,13.0,128,13,112,3,10.4,0.256,32.79,5.92,-0.5,0.252,1.59,-35.0,0.94
First-1,0.5,7.0,14.0,128,11,114,3,8.8,0.19,24.29,6.25,-0.5,0.186,1.43,-37.0,0.66
First-1,0.5,7.5,15.0,128,11,114,3,8.8,0.233,29.79,6.68,-0.5,0.229,1.52,-37.0,0.81
First-1,0.5,8.0,16.0,128,10,115,3,8.0,0.209,26.79,7.02,-0.5,0.205,1.47,-41.0,0.65
First-1,0.5,8.5,17.0,128,8,117,3,6.4,0.108,13.79,7.23,-0.5,0.104,1.24,-43.0,0.32
First-1,0.5,9.0,18.0,128,8,117,3,6.4,0.139,17.79,7.63,-0.5,0.135,1.3,-43.0,0.41
First-1,0.5,9.5,19.0,128,7,118,3,5.6,0.092,11.79,7.87,-0.5,0.088,1.2,-44.0,0.27
First-1,0.5,10.0,20.0,128,7,118,3,5.6,0.119,15.29,8.25,-0.5,0.116,1.26,-44.0,0.35
First-1,0.5,10.5,21.0,128,5,120,3,4.0,-0.025,-3.21,8.11,-0.5,-0.029,0.95,-44.0,-0.07
First-1,0.5,11.0,22.0,128,3,122,3,2.4,-0.185,-23.71,7.46,-0.5,-0.189,0.61,-47.5,-0.5
First-1,0.5,11.5,23.0,128,3,122,3,2.4,-0.174,-22.21,7.76,-0.5,-0.177,0.64,-47.5,-0.47
First-1,0.5,12.0,24.0,128,3,122,3,2.4,-0.162,-20.71,8.06,-0.5,-0.166,0.66,-47.5,-0.44
First-1,0.5,12.5,25.0,128,3,122,3,2.4,-0.15,-19.21,8.36,-0.5,-0.154,0.69,-47.5,-0.4
First-1,0.5,13.0,26.0,128,3,122,3,2.4,-0.138,-17.71,8.66,-0.5,-0.142,0.71,-47.5,-0.37
First-1,0.5,13.5,27.0,128,3,122,3,2.4,-0.127,-16.21,8.96,-0.5,-0.131,0.73,-47.5,-0.34
First-1,0.5,14.0,28.0,128,2,122,4,1.6,-0.198,-25.33,7.13,-0.5,-0.202,0.58,-49.12,-0.52
First-1,0.5,14.5,29.0,128,2,122,4,1.6,-0.19,-24.33,7.33,-0.5,-0.194,0.6,-49.12,-0.5
First-1,0.5,15.0,30.0,128,2,122,4,1.6,-0.182,-23.33,7.53,-0.5,-0.186,0.62,-49.12,-0.47
First-1,0.75,1.0,1.33,128,51,73,1,41.1,-0.388,-49.65,1.02,-1.37,-0.399,0.52,-58.64,-0.85
First-1,0.75,1.5,2.0,128,40,85,1,32.0,-0.344,-44.01,1.51,-1.23,-0.353,0.58,-61.0,-0.72
First-1,0.75,2.0,2.67,128,34,93,1,26.8,-0.014,-1.75,2.0,-0.75,-0.02,0.97,-25.0,-0.07
First-1,0.75,2.5,3.33,128,28,99,1,22.0,-0.033,-4.25,2.5,-0.75,-0.039,0.94,-39.5,-0.11
First-1,0.75,3.0,4.0,128,26,101,1,20.5,0.018,2.25,3.0,-0.75,0.012,1.03,-37.5,0.06
First-1,0.75,3.5,4.67,128,26,101,1,20.5,0.119,15.25,3.5,-0.75,0.113,1.2,-35.5,0.43
First-1,0.75,4.0,5.33,128,26,101,1,20.5,0.221,28.25,4.0,-0.75,0.215,1.37,-33.5,0.84
First-1,0.75,4.5,6.0,128,23,103,2,18.3,0.219,27.98,4.38,-0.75,0.213,1.36,-31.5,0.89
First-1,0.75,5.0,6.67,128,22,104,2,17.5,0.264,33.73,4.86,-0.75,0.258,1.43,-30.0,1.12
First-1,0.75,5.5,7.33,128,21,104,3,16.8,0.326,41.79,5.21,-0.75,0.321,1.54,-28.5,1.47
First-1,0.75,6.0,8.0,128,19,106,3,15.2,0.303,38.79,5.63,-0.75,0.297,1.49,-33.75,1.15
First-1,0.75,6.5,8.67,128,18,107,3,14.4,0.321,41.04,6.06,-0.75,0.315,1.51,-32.75,1.25
First-1,0.75,7.0,9.33,128,16,109,3,12.8,0.27,34.54,6.46,-0.75,0.264,1.42,-34.75,0.99
First-1,0.75,7.5,10.0,128,16,109,3,12.8,0.332,42.54,6.9,-0.75,0.326,1.52,-33.75,1.26
First-1,0.75,8.0,10.67,128,15,110,3,12.0,0.326,41.79,7.31,-0.75,0.321,1.51,-37.25,1.12
First-1,0.75,8.5,11.33,128,12,113,3,9.6,0.168,21.54,7.59,-0.75,0.162,1.25,-45.5,0.47
First-1,0.75,9.0,12.0,128,12,113,3,9.6,0.215,27.54,8.02,-0.75,0.209,1.32,-45.0,0.61
First-1,0.75,9.5,12.67,128,11,114,3,8.8,0.182,23.29,8.37,-0.75,0.176,1.27,-44.5,0.52
First-1,0.75,10.0,13.33,128,10,115,3,8.0,0.141,18.04,8.69,-0.75,0.135,1.21,-54.75,0.33
First-1,0.75,10.5,14.0,128,6,119,3,4.8,-0.172,-21.96,8.41,-0.75,-0.177,0.75,-66.0,-0.33
First-1,0.75,11.0,14.67,128,4,121,3,3.2,-0.332,-42.46,8.05,-0.75,-0.338,0.53,-71.25,-0.6
First-1,0.75,11.5,15.33,128,4,121,3,3.2,-0.316,-40.46,8.38,-0.75,-0.322,0.55,-71.25,-0.57
First-1,0.75,12.0,16.0,128,4,121,3,3.2,-0.3,-38.46,8.72,-0.75,-0.306,0.58,-71.25,-0.54
First-1,0.75,12.5,16.67,128,4,121,3,3.2,-0.285,-36.46,9.05,-0.75,-0.291,0.6,-71.25,-0.51
First-1,0.75,13.0,17.33,128,4,121,3,3.2,-0.269,-34.46,9.38,-0.75,-0.275,0.62,-71.25,-0.48
First-1,0.75,13.5,18.0,128,4,121,3,3.2,-0.254,-32.46,9.72,-0.75,-0.259,0.64,-71.25,-0.46
First-1,0.75,14.0,18.67,128,3,121,4,2.4,-0.321,-41.08,8.28,-0.75,-0.327,0.55,-75.37,-0.55
First-1,0.75,14.5,19.33,128,3,121,4,2.4,-0.309,-39.58,8.53,-0.75,-0.315,0.56,-75.37,-0.53
First-1,0.75,15.0,20.0,128,3,121,4,2.4,-0.298,-38.08,8.78,-0.75,-0.303,0.58,-75.37,-0.51
First-1,1.0,1.5,1.5,128,48,76,1,38.7,-0.652,-83.4,1.51,-2.02,-0.667,0.47,-97.89,-0.85
First-1,1.0,2.0,2.0,128,41,86,1,32.3,-0.031,-4.0,2.0,-1.0,-0.039,0.95,-31.0,-0.13
First-1,1.0,2.5,2.5,128,34,93,1,26.8,-0.062,-8.0,2.5,-1.0,-0.07,0.91,-49.0,-0.16
First-1,1.0,3.0,3.0,128,32,95,1,25.2,0.008,1.0,3.0,-1.0,0.0,1.01,-46.0,0.02
First-1,1.0,3.5,3.5,128,32,95,1,25.2,0.133,17.0,3.5,-1.0,0.125,1.18,-43.0,0.4
First-1,1.0,4.0,4.0,128,31,96,1,24.4,0.219,28.0,4.0,-1.0,0.211,1.29,-40.0,0.7
First-1,1.0,4.5,4.5,128,28,98,2,22.2,0.232,29.73,4.4,-1.0,0.224,1.3,-37.0,0.8
First-1,1.0,5.0,5.0,128,27,99,2,21.4,0.295,37.73,4.88,-1.0,0.287,1.38,-35.0,1.08
First-1,1.0,5.5,5.5,128,24,101,3,19.2,0.276,35.29,5.24,-1.0,0.268,1.35,-34.0,1.04
First-1,1.0,6.0,6.0,128,22,103,3,17.6,0.26,33.29,5.68,-1.0,0.252,1.32,-40.0,0.83
First-1,1.0,6.5,6.5,128,21,104,3,16.8,0.287,36.79,6.12,-1.0,0.28,1.35,-40.0,0.92
First-1,1.0,7.0,7.0,128,18,106,4,14.5,0.204,26.09,6.29,-1.0,0.196,1.25,-40.0,0.65
First-1,1.0,7.5,7.5,128,18,106,4,14.5,0.274,35.09,6.72,-1.0,0.266,1.33,-40.0,0.88
First-1,1.0,8.0,8.0,128,17,107,4,13.7,0.274,35.09,7.1,-1.0,0.266,1.33,-40.0,0.88
First-1,1.0,8.5,8.5,128,14,110,4,11.3,0.118,15.09,7.36,-1.0,0.11,1.14,-44.7,0.34
First-1,1.0,9.0,9.0,128,14,110,4,11.3,0.173,22.09,7.77,-1.0,0.165,1.2,-43.0,0.51
First-1,1.0,9.5,9.5,128,13,111,4,10.5,0.145,18.59,8.1,-1.0,0.137,1.17,-41.5,0.45
First-1,1.0,10.0,10.0,128,12,112,4,9.7,0.11,14.09,8.41,-1.0,0.102,1.13,-51.0,0.28
First-1,1.0,10.5,10.5,128,8,116,4,6.5,-0.202,-25.91,8.19,-1.0,-0.21,0.78,-63.0,-0.41
First-1,1.0,11.0,11.0,128,6,118,4,4.8,-0.359,-45.91,8.01,-1.0,-0.366,0.61,-69.0,-0.67
First-1,1.0,11.5,11.5,128,6,118,4,4.8,-0.335,-42.91,8.34,-1.0,-0.343,0.64,-68.0,-0.63
First-1,1.0,12.0,12.0,128,6,118,4,4.8,-0.312,-39.91,8.68,-1.0,-0.32,0.66,-67.0,-0.6
First-1,1.0,12.5,12.5,128,5,119,4,4.0,-0.394,-50.41,8.57,-1.0,-0.402,0.58,-79.5,-0.63
First-1,1.0,13.0,13.0,128,5,119,4,4.0,-0.374,-47.91,8.89,-1.0,-0.382,0.6,-79.0,-0.61
First-1,1.0,13.5,13.5,128,5,119,4,4.0,-0.355,-45.41,9.2,-1.0,-0.363,0.62,-78.5,-0.58
First-1,1.0,14.0,14.0,128,4,119,5,3.3,-0.418,-53.53,8.18,-1.0,-0.426,0.55,-83.82,-0.64
First-1,1.0,14.5,14.5,128,4,119,5,3.3,-0.403,-51.53,8.43,-1.0,-0.41,0.57,-83.32,-0.62
First-1,1.0,15.0,15.0,128,4,119,5,3.3,-0.387,-49.53,8.68,-1.0,-0.395,0.58,-82.82,-0.6
First-1,1.25,1.5,1.2,128,56,67,1,45.5,-0.591,-75.67,1.54,-2.39,-0.61,0.54,-92.39,-0.82
First-1,1.25,2.0,1.6,128,48,79,1,37.8,-0.021,-2.75,2.0,-1.25,-0.031,0.97,-28.5,-0.1
First-1,1.25,2.5,2.0,128,40,87,1,31.5,-0.068,-8.75,2.5,-1.25,-0.078,0.92,-50.0,-0.18
First-1,1.25,3.0,2.4,128,36,91,1,28.3,-0.045,-5.75,3.0,-1.25,-0.055,0.95,-52.25,-0.11
First-1,1.25,3.5,2.8,128,36,91,1,28.3,0.096,12.25,3.5,-1.25,0.086,1.11,-48.25,0.25
First-1,1.25,4.0,3.2,128,35,92,1,27.6,0.195,25.0,4.0,-1.25,0.186,1.22,-45.75,0.55
First-1,1.25,4.5,3.6,128,31,95,2,24.6,0.176,22.48,4.41,-1.25,0.166,1.19,-46.0,0.49
First-1,1.25,5.0,4.0,128,30,96,2,23.8,0.248,31.73,4.89,-1.25,0.238,1.26,-43.75,0.73
First-1,1.25,5.5,4.4,128,27,98,3,21.6,0.237,30.29,5.27,-1.25,0.227,1.25,-42.75,0.71
First-1,1.25,6.0,4.8,128,24,101,3,19.2,0.172,22.04,5.7,-1.25,0.162,1.17,-50.25,0.44
First-1,1.25,6.5,5.2,128,23,102,3,18.4,0.205,26.29,6.15,-1.25,0.196,1.21,-50.0,0.53
First-1,1.25,7.0,5.6,128,20,104,4,16.1,0.126,16.09,6.35,-1.25,0.116,1.12,-50.75,0.32
First-1,1.25,7.5,6.0,128,20,104,4,16.1,0.204,26.09,6.79,-1.25,0.194,1.2,-50.0,0.52
First-1,1.25,8.0,6.4,128,19,105,4,15.3,0.21,26.84,7.19,-1.25,0.2,1.2,-54.25,0.49
First-1,1.25,8.5,6.8,128,15,109,4,12.1,-0.021,-2.66,7.42,-1.25,-0.031,0.98,-66.95,-0.04
First-1,1.25,9.0,7.2,128,14,110,4,11.3,-0.042,-5.41,7.77,-1.25,-0.052,0.96,-64.45,-0.08
First-1,1.25,9.5,7.6,128,13,111,4,10.5,-0.072,-9.16,8.1,-1.25,-0.081,0.93,-61.95,-0.15
First-1,1.25,10.0,8.0,128,12,112,4,9.7,-0.109,-13.91,8.41,-1.25,-0.118,0.9,-70.7,-0.2
First-1,1.25,10.5,8.4,128,8,116,4,6.5,-0.429,-54.91,8.19,-1.25,-0.439,0.62,-85.45,-0.64
First-1,1.25,11.0,8.8,128,6,118,4,4.8,-0.589,-75.41,8.01,-1.25,-0.599,0.49,-95.45,-0.79
First-1,1.25,11.5,9.2,128,6,118,4,4.8,-0.566,-72.41,8.34,-1.25,-0.575,0.51,-93.45,-0.77
First-1,1.25,12.0,9.6,128,6,118,4,4.8,-0.542,-69.41,8.68,-1.25,-0.552,0.53,-91.5,-0.76
First-1,1.25,12.5,10.0,128,5,119,4,4.0,-0.626,-80.16,8.57,-1.25,-0.636,0.46,-103.75,-0.77
First-1,1.25,13.0,10.4,128,5,119,4,4.0,-0.607,-77.66,8.89,-1.25,-0.616,0.48,-102.75,-0.76
First-1,1.25,13.5,10.8,128,5,119,4,4.0,-0.587,-75.16,9.2,-1.25,-0.597,0.49,-101.75,-0.74
First-1,1.25,14.0,11.2,128,4,119,5,3.3,-0.651,-83.28,8.18,-1.25,-0.66,0.44,-109.57,-0.76
First-1,1.25,14.5,11.6,128,4,119,5,3.3,-0.635,-81.28,8.43,-1.25,-0.645,0.45,-109.07,-0.75
First-1,1.25,15.0,12.0,128,4,119,5,3.3,-0.619,-79.28,8.68,-1.25,-0.629,0.47,-108.57,-0.73
First-1,1.5,2.0,1.33,128,56,70,2,44.4,0.047,6.01,2.0,-1.49,0.035,1.06,-28.0,0.21
First-1,1.5,2.5,1.67,128,46,80,2,36.5,-0.047,-5.99,2.5,-1.49,-0.058,0.95,-56.5,-0.11
First-1,1.5,3.0,2.0,128,40,86,2,31.7,-0.078,-9.99,3.0,-1.49,-0.09,0.92,-57.0,-0.18
First-1,1.5,3.5,2.33,128,40,86,2,31.7,0.078,10.01,3.5,-1.49,0.067,1.08,-53.0,0.19
First-1,1.5,4.0,2.67,128,39,87,2,31.0,0.191,24.51,4.0,-1.49,0.18,1.19,-52.0,0.47
First-1,1.5,4.5,3.0,128,35,90,3,28.0,0.182,23.24,4.42,-1.49,0.17,1.17,-51.0,0.46
First-1,1.5,5.0,3.33,128,33,92,3,26.4,0.217,27.74,4.9,-1.49,0.205,1.2,-53.0,0.52
First-1,1.5,5.5,3.67,128,29,95,4,23.4,0.159,20.3,5.28,-1.49,0.147,1.14,-53.0,0.38
First-1,1.5,6.0,4.0,128,26,98,4,21.0,0.096,12.3,5.72,-1.49,0.084,1.08,-64.5,0.19
First-1,1.5,6.5,4.33,128,25,99,4,20.2,0.135,17.3,6.18,-1.49,0.123,1.12,-62.5,0.28
First-1,1.5,7.0,4.67,128,22,101,5,17.9,0.059,7.6,6.4,-1.5,0.048,1.05,-67.0,0.11
First-1,1.5,7.5,5.0,128,22,101,5,17.9,0.145,18.6,6.84,-1.5,0.134,1.12,-64.5,0.29
First-1,1.5,8.0,5.33,128,20,103,5,16.3,0.083,10.6,7.22,-1.5,0.071,1.07,-71.5,0.15
First-1,1.5,8.5,5.67,128,16,106,6,13.1,-0.144,-18.47,7.48,-1.49,-0.156,0.88,-88.27,-0.21
First-1,1.5,9.0,6.0,128,15,107,6,12.3,-0.164,-20.97,7.84,-1.49,-0.175,0.87,-85.77,-0.24
First-1,1.5,9.5,6.33,128,15,107,6,12.3,-0.105,-13.47,8.26,-1.49,-0.117,0.92,-83.27,-0.16
First-1,1.5,10.0,6.67,128,14,108,6,11.5,-0.136,-17.47,8.59,-1.49,-0.148,0.89,-92.27,-0.19
First-1,1.5,10.5,7.0,128,10,112,6,8.2,-0.457,-58.47,8.55,-1.49,-0.468,0.66,-105.27,-0.56
First-1,1.5,11.0,7.33,128,8,114,6,6.6,-0.613,-78.47,8.55,-1.49,-0.625,0.55,-103.77,-0.76
First-1,1.5,11.5,7.67,128,8,114,6,6.6,-0.582,-74.47,8.92,-1.49,-0.593,0.57,-102.27,-0.73
First-1,1.5,12.0,8.0,128,8,114,6,6.6,-0.551,-70.47,9.28,-1.49,-0.562,0.59,-100.77,-0.7
First-1,1.5,12.5,8.33,128,7,115,6,5.7,-0.629,-80.47,9.36,-1.49,-0.64,0.54,-113.27,-0.71
First-1,1.5,13.0,8.67,128,7,115,6,5.7,-0.601,-76.97,9.71,-1.49,-0.613,0.56,-112.27,-0.69
First-1,1.5,13.5,9.0,128,7,115,6,5.7,-0.574,-73.47,10.06,-1.49,-0.586,0.58,-111.27,-0.66
First-1,1.5,14.0,9.33,128,6,115,7,5.0,-0.63,-80.59,9.35,-1.49,-0.641,0.54,-120.89,-0.67
First-1,1.5,14.5,9.67,128,6,115,7,5.0,-0.606,-77.59,9.65,-1.49,-0.618,0.55,-120.39,-0.64
First-1,1.5,15.0,10.0,128,6,115,7,5.0,-0.583,-74.59,9.95,-1.49,-0.594,0.57,-119.89,-0.62
First-1,1.75,2.0,1.14,128,58,67,3,46.4,-0.017,-2.18,1.97,-1.74,-0.031,0.98,-31.25,-0.07
First-1,1.75,2.5,1.43,128,47,78,3,37.6,-0.156,-19.93,2.45,-1.74,-0.169,0.86,-65.0,-0.31
First-1,1.75,3.0,1.71,128,43,82,3,34.4,-0.121,-15.43,2.93,-1.74,-0.134,0.89,-66.75,-0.23
First-1,1.75,3.5,2.0,128,43,82,3,34.4,0.047,6.07,3.42,-1.74,0.034,1.04,-63.0,0.1
First-1,1.75,4.0,2.29,128,42,83,3,33.6,0.17,21.82,3.91,-1.74,0.157,1.15,-62.0,0.35
First-1,1.75,4.5,2.57,128,38,86,4,30.6,0.166,21.3,4.32,-1.74,0.153,1.14,-61.0,0.35
First-1,1.75,5.0,2.86,128,36,88,4,29.0,0.209,26.8,4.78,-1.74,0.196,1.17,-63.5,0.42
First-1,1.75,5.5,3.14,128,32,91,5,26.0,0.157,20.11,5.15,-1.74,0.144,1.13,-62.5,0.32
First-1,1.75,6.0,3.43,128,29,94,5,23.6,0.1,12.86,5.57,-1.74,0.087,1.08,-72.5,0.18
First-1,1.75,6.5,3.71,128,28,95,5,22.8,0.149,19.11,6.01,-1.74,0.136,1.11,-70.5,0.27
First-1,1.75,7.0,4.0,128,25,97,6,20.5,0.081,10.41,6.25,-1.74,0.068,1.06,-75.25,0.14
First-1,1.75,7.5,4.29,128,25,97,6,20.5,0.179,22.91,6.68,-1.74,0.165,1.13,-72.25,0.32
First-1,1.75,8.0,4.57,128,23,99,6,18.9,0.124,15.91,7.04,-1.74,0.111,1.09,-79.75,0.2
First-1,1.75,8.5,4.86,128,19,102,7,15.7,-0.097,-12.41,7.29,-1.73,-0.11,0.93,-100.02,-0.12
First-1,1.75,9.0,5.14,128,18,103,7,14.9,-0.107,-13.66,7.64,-1.73,-0.12,0.92,-97.02,-0.14
First-1,1.75,9.5,5.43,128,18,103,7,14.9,-0.036,-4.66,8.05,-1.73,-0.05,0.97,-94.02,-0.05
First-1,1.75,10.0,5.71,128,17,104,7,14.0,-0.058,-7.41,8.39,-1.73,-0.071,0.96,-102.77,-0.07
First-1,1.75,10.5,6.0,128,13,108,7,10.7,-0.374,-47.91,8.39,-1.73,-0.388,0.75,-116.02,-0.41
First-1,1.75,11.0,6.29,128,11,110,7,9.1,-0.523,-66.91,8.48,-1.73,-0.536,0.66,-114.02,-0.59
First-1,1.75,11.5,6.57,128,11,110,7,9.1,-0.48,-61.41,8.84,-1.73,-0.493,0.68,-112.02,-0.55
First-1,1.75,12.0,6.86,128,11,110,7,9.1,-0.437,-55.91,9.21,-1.73,-0.45,0.71,-110.02,-0.51
First-1,1.75,12.5,7.14,128,10,111,7,8.3,-0.505,-64.66,9.37,-1.73,-0.519,0.67,-122.27,-0.53
First-1,1.75,13.0,7.43,128,10,111,7,8.3,-0.466,-59.66,9.72,-1.73,-0.48,0.7,-120.77,-0.49
First-1,1.75,13.5,7.71,128,10,111,7,8.3,-0.427,-54.66,10.08,-1.73,-0.441,0.72,-119.27,-0.46
First-1,1.75,14.0,8.0,128,9,111,8,7.5,-0.471,-60.28,9.68,-1.73,-0.484,0.69,-128.39,-0.47
First-1,1.75,14.5,8.29,128,9,111,8,7.5,-0.436,-55.78,10.0,-1.73,-0.449,0.72,-127.39,-0.44
First-1,1.75,15.0,8.57,128,8,112,8,6.7,-0.531,-68.03,9.96,-1.73,-0.545,0.66,-143.14,-0.48
First-1,2.0,2.5,1.25,128,51,74,3,40.8,-0.167,-21.43,2.45,-1.99,-0.183,0.86,-70.5,-0.3
First-1,2.0,3.0,1.5,128,45,80,3,36.0,-0.203,-25.93,2.94,-1.99,-0.218,0.84,-76.0,-0.34
First-1,2.0,3.5,1.75,128,44,81,3,35.2,-0.07,-8.93,3.42,-1.99,-0.085,0.95,-70.0,-0.13
First-1,2.0,4.0,2.0,128,43,82,3,34.4,0.055,7.07,3.91,-1.99,0.04,1.04,-66.0,0.11
First-1,2.0,4.5,2.25,128,39,85,4,31.5,0.049,6.3,4.32,-1.99,0.034,1.04,-64.5,0.1
First-1,2.0,5.0,2.5,128,37,87,4,29.8,0.092,11.8,4.79,-1.99,0.077,1.07,-67.0,0.18
First-1,2.0,5.5,2.75,128,33,90,5,26.8,0.038,4.86,5.16,-1.99,0.022,1.03,-68.5,0.07
First-1,2.0,6.0,3.0,128,29,94,5,23.6,-0.083,-10.64,5.57,-1.99,-0.099,0.94,-88.0,-0.12
First-1,2.0,6.5,3.25,128,28,95,5,22.8,-0.036,-4.64,6.01,-1.99,-0.052,0.98,-85.0,-0.05
First-1,2.0,7.0,3.5,128,25,97,6,20.5,-0.108,-13.84,6.25,-1.99,-0.124,0.93,-93.0,-0.15
First-1,2.0,7.5,3.75,128,25,97,6,20.5,-0.01,-1.34,6.68,-1.99,-0.026,0.99,-89.5,-0.01
First-1,2.0,8.0,4.0,128,23,99,6,18.9,-0.069,-8.84,7.04,-1.99,-0.085,0.96,-98.0,-0.09
First-1,2.0,8.5,4.25,128,19,101,8,15.8,-0.288,-36.84,7.29,-1.97,-0.303,0.82,-120.7,-0.31
First-1,2.0,9.0,4.5,128,18,102,8,15.0,-0.3,-38.34,7.64,-1.97,-0.315,0.81,-117.7,-0.33
First-1,2.0,9.5,4.75,128,18,102,8,15.0,-0.229,-29.34,8.05,-1.97,-0.245,0.86,-114.7,-0.26
First-1,2.0,10.0,5.0,128,17,103,8,14.2,-0.253,-32.34,8.39,-1.97,-0.268,0.84,-123.7,-0.26
First-1,2.0,10.5,5.25,128,13,107,8,10.8,-0.577,-73.84,8.39,-1.97,-0.592,0.66,-137.7,-0.54
First-1,2.0,11.0,5.5,128,11,109,8,9.2,-0.729,-93.34,8.48,-1.97,-0.745,0.58,-138.7,-0.67
First-1,2.0,11.5,5.75,128,11,109,8,9.2,-0.686,-87.84,8.84,-1.97,-0.702,0.6,-135.2,-0.65
First-1,2.0,12.0,6.0,128,11,109,8,9.2,-0.643,-82.34,9.21,-1.97,-0.659,0.63,-131.7,-0.63
First-1,2.0,12.5,6.25,128,10,110,8,8.3,-0.714,-91.34,9.37,-1.97,-0.729,0.59,-144.2,-0.63
First-1,2.0,13.0,6.5,128,10,110,8,8.3,-0.675,-86.34,9.72,-1.97,-0.69,0.61,-142.7,-0.61
First-1,2.0,13.5,6.75,128,10,110,8,8.3,-0.635,-81.34,10.08,-1.97,-0.651,0.63,-141.2,-0.58
First-1,2.0,14.0,7.0,128,9,110,9,7.6,-0.679,-86.96,9.68,-1.97,-0.695,0.61,-150.32,-0.58
First-1,2.0,14.5,7.25,128,9,110,9,7.6,-0.644,-82.46,10.0,-1.97,-0.66,0.63,-149.32,-0.55
First-1,2.0,15.0,7.5,128,8,111,9,6.7,-0.742,-94.96,9.96,-1.97,-0.757,0.58,-165.32,-0.57
First-1,2.25,2.5,1.11,128,53,72,3,42.4,-0.238,-30.43,2.45,-2.23,-0.255,0.81,-80.25,-0.38
First-1,2.25,3.0,1.33,128,49,76,3,39.2,-0.195,-24.93,2.94,-2.23,-0.212,0.86,-84.75,-0.29
First-1,2.25,3.5,1.56,128,48,77,3,38.4,-0.048,-6.18,3.43,-2.23,-0.066,0.96,-78.25,-0.08
First-1,2.25,4.0,1.78,128,47,78,3,37.6,0.09,11.57,3.92,-2.23,0.073,1.07,-75.75,0.15
First-1,2.25,4.5,2.0,128,43,81,4,34.7,0.094,12.05,4.34,-2.23,0.077,1.07,-74.25,0.16
First-1,2.25,5.0,2.22,128,41,83,4,33.1,0.149,19.05,4.81,-2.24,0.131,1.1,-77.25,0.25
First-1,2.25,5.5,2.44,128,36,87,5,29.3,0.044,5.61,5.19,-2.24,0.026,1.03,-83.25,0.07
First-1,2.25,6.0,2.67,128,33,90,5,26.8,-0.009,-1.14,5.62,-2.24,-0.026,0.99,-95.25,-0.01
First-1,2.25,6.5,2.89,128,31,92,5,25.2,-0.017,-2.14,6.05,-2.24,-0.034,0.99,-100.5,-0.02
First-1,2.25,7.0,3.11,128,28,94,6,23.0,-0.081,-10.34,6.32,-2.24,-0.098,0.95,-110.75,-0.09
First-1,2.25,7.5,3.33,128,28,94,6,23.0,0.029,3.66,6.75,-2.24,0.011,1.02,-107.25,0.03
First-1,2.25,8.0,3.56,128,26,96,6,21.3,-0.022,-2.84,7.14,-2.24,-0.04,0.99,-116.25,-0.02
First-1,2.25,8.5,3.78,128,22,98,8,18.3,-0.233,-29.84,7.43,-2.21,-0.25,0.87,-128.2,-0.23
First-1,2.25,9.0,4.0,128,21,99,8,17.5,-0.235,-30.09,7.81,-2.21,-0.252,0.87,-125.7,-0.24
First-1,2.25,9.5,4.22,128,21,99,8,17.5,-0.153,-19.59,8.23,-2.21,-0.17,0.91,-123.2,-0.16
First-1,2.25,10.0,4.44,128,20,100,8,16.7,-0.167,-21.34,8.59,-2.21,-0.184,0.91,-132.95,-0.16
First-1,2.25,10.5,4.67,128,14,104,10,11.9,-0.536,-68.65,8.39,-2.21,-0.554,0.71,-148.2,-0.46
First-1,2.25,11.0,4.89,128,12,106,10,10.2,-0.689,-88.15,8.49,-2.21,-0.706,0.63,-146.95,-0.6
First-1,2.25,11.5,5.11,128,12,106,10,10.2,-0.642,-82.15,8.82,-2.21,-0.659,0.66,-145.2,-0.57
First-1,2.25,12.0,5.33,128,12,106,10,10.2,-0.595,-76.15,9.16,-2.21,-0.612,0.68,-143.7,-0.53
First-1,2.25,12.5,5.56,128,11,107,10,9.3,-0.663,-84.9,9.31,-2.21,-0.681,0.65,-156.95,-0.54
First-1,2.25,13.0,5.78,128,11,107,10,9.3,-0.62,-79.4,9.64,-2.21,-0.638,0.67,-155.95,-0.51
First-1,2.25,13.5,6.0,128,11,107,10,9.3,-0.577,-73.9,9.96,-2.21,-0.595,0.7,-154.95,-0.48
First-1,2.25,14.0,6.22,128,10,107,11,8.5,-0.617,-79.02,9.66,-2.21,-0.635,0.68,-153.95,-0.51
First-1,2.25,14.5,6.44,128,10,107,11,8.5,-0.578,-74.02,9.95,-2.21,-0.596,0.7,-152.95,-0.48
First-1,2.25,15.0,6.67,128,9,108,11,7.7,-0.674,-86.27,9.95,-2.21,-0.691,0.65,-169.2,-0.51
First-1,2.5,3.0,1.2,128,54,71,3,43.2,-0.128,-16.43,2.95,-2.48,-0.148,0.91,-83.0,-0.2
First-1,2.5,3.5,1.4,128,53,72,3,42.4,0.036,4.57,3.44,-2.48,0.016,1.03,-81.0,0.06
First-1,2.5,4.0,1.6,128,51,74,3,40.8,0.141,18.07,3.92,-2.48,0.122,1.1,-79.5,0.23
First-1,2.5,4.5,1.8,128,47,77,4,37.9,0.155,19.8,4.35,-2.48,0.135,1.1,-78.5,0.25
First-1,2.5,5.0,2.0,128,45,79,4,36.3,0.221,28.3,4.83,-2.48,0.202,1.14,-82.5,0.34
First-1,2.5,5.5,2.2,128,40,83,5,32.5,0.124,15.86,5.22,-2.48,0.105,1.08,-81.5,0.19
First-1,2.5,6.0,2.4,128,37,86,5,30.1,0.081,10.36,5.66,-2.48,0.062,1.05,-97.5,0.11
First-1,2.5,6.5,2.6,128,35,88,5,28.5,0.085,10.86,6.1,-2.48,0.065,1.05,-100.5,0.11
First-1,2.5,7.0,2.8,128,32,90,6,26.2,0.032,4.16,6.39,-2.48,0.013,1.02,-106.5,0.04
First-1,2.5,7.5,3.0,128,32,90,6,26.2,0.158,20.16,6.84,-2.48,0.138,1.09,-102.5,0.2
First-1,2.5,8.0,3.2,128,30,92,6,24.6,0.118,15.16,7.24,-2.48,0.099,1.07,-109.0,0.14
First-1,2.5,8.5,3.4,128,26,94,8,21.7,-0.081,-10.34,7.57,-2.45,-0.1,0.96,-116.5,-0.09
First-1,2.5,9.0,3.6,128,23,96,9,19.3,-0.23,-29.49,7.89,-2.43,-0.249,0.88,-130.85,-0.23
First-1,2.5,9.5,3.8,128,22,97,9,18.5,-0.234,-29.99,8.28,-2.43,-0.253,0.88,-127.85,-0.23
First-1,2.5,10.0,4.0,128,21,98,9,17.6,-0.246,-31.49,8.65,-2.43,-0.265,0.87,-137.35,-0.23
First-1,2.5,10.5,4.2,128,15,102,11,12.8,-0.62,-79.3,8.49,-2.43,-0.639,0.69,-152.85,-0.52
First-1,2.5,11.0,4.4,128,13,104,11,11.1,-0.772,-98.8,8.62,-2.43,-0.791,0.62,-152.35,-0.65
First-1,2.5,11.5,4.6,128,13,104,11,11.1,-0.721,-92.3,8.97,-2.43,-0.74,0.65,-149.85,-0.62
First-1,2.5,12.0,4.8,128,13,104,11,11.1,-0.67,-85.8,9.31,-2.43,-0.689,0.67,-147.35,-0.58
First-1,2.5,12.5,5.0,128,12,105,11,10.3,-0.737,-94.3,9.49,-2.43,-0.756,0.64,-159.85,-0.59
First-1,2.5,13.0,5.2,128,12,105,11,10.3,-0.69,-88.3,9.82,-2.43,-0.709,0.67,-158.35,-0.56
First-1,2.5,13.5,5.4,128,12,105,11,10.3,-0.643,-82.3,10.16,-2.43,-0.662,0.69,-156.85,-0.52
First-1,2.5,14.0,5.6,128,11,105,12,9.5,-0.679,-86.92,9.9,-2.43,-0.698,0.67,-157.28,-0.55
First-1,2.5,14.5,5.8,128,11,105,12,9.5,-0.636,-81.42,10.21,-2.43,-0.655,0.69,-155.78,-0.52
First-1,2.5,15.0,6.0,128,10,106,12,8.6,-0.73,-93.42,10.25,-2.43,-0.749,0.65,-171.78,-0.54
First-1,2.75,3.0,1.09,128,57,68,3,45.6,-0.132,-16.93,2.95,-2.72,-0.154,0.91,-81.0,-0.21
First-1,2.75,3.5,1.27,128,56,69,3,44.8,0.042,5.32,3.44,-2.72,0.02,1.03,-78.0,0.07
First-1,2.75,4.0,1.45,128,54,71,3,43.2,0.155,19.82,3.93,-2.73,0.134,1.1,-75.0,0.26
First-1,2.75,4.5,1.64,128,50,74,4,40.3,0.174,22.3,4.36,-2.73,0.153,1.11,-75.0,0.3
First-1,2.75,5.0,1.82,128,48,76,4,38.7,0.248,31.8,4.84,-2.73,0.227,1.15,-78.25,0.41
First-1,2.75,5.5,2.0,128,41,82,5,33.3,0.026,3.36,5.22,-2.73,0.005,1.01,-93.5,0.04
First-1,2.75,6.0,2.18,128,38,85,5,30.9,-0.019,-2.39,5.67,-2.73,-0.04,0.99,-107.25,-0.02
First-1,2.75,6.5,2.36,128,36,87,5,29.3,-0.015,-1.89,6.11,-2.73,-0.036,0.99,-112.5,-0.02
First-1,2.75,7.0,2.55,128,33,89,6,27.0,-0.067,-8.59,6.41,-2.73,-0.088,0.97,-122.75,-0.07
First-1,2.75,7.5,2.73,128,33,89,6,27.0,0.062,7.91,6.86,-2.73,0.04,1.03,-118.75,0.07
First-1,2.75,8.0,2.91,128,31,91,6,25.4,0.023,2.91,7.26,-2.73,0.001,1.01,-125.5,0.02
First-1,2.75,8.5,3.09,128,27,93,8,22.5,-0.176,-22.59,7.6,-2.69,-0.198,0.91,-133.25,-0.17
First-1,2.75,9.0,3.27,128,23,96,9,19.3,-0.418,-53.49,7.89,-2.67,-0.439,0.8,-149.35,-0.36
First-1,2.75,9.5,3.45,128,22,97,9,18.5,-0.424,-54.24,8.28,-2.67,-0.445,0.8,-146.35,-0.37
First-1,2.75,10.0,3.64,128,21,98,9,17.6,-0.437,-55.99,8.65,-2.67,-0.458,0.79,-156.1,-0.36
First-1,2.75,10.5,3.82,128,15,102,11,12.8,-0.819,-104.8,8.49,-2.67,-0.84,0.63,-172.35,-0.61
First-1,2.75,11.0,4.0,128,13,104,11,11.1,-0.975,-124.8,8.62,-2.67,-0.996,0.57,-173.1,-0.72
First-1,2.75,11.5,4.18,128,13,104,11,11.1,-0.924,-118.3,8.97,-2.67,-0.945,0.59,-170.6,-0.69
First-1,2.75,12.0,4.36,128,13,104,11,11.1,-0.873,-111.8,9.31,-2.67,-0.894,0.61,-168.1,-0.67
First-1,2.75,12.5,4.55,128,12,105,11,10.3,-0.942,-120.55,9.49,-2.67,-0.963,0.59,-180.85,-0.67
First-1,2.75,13.0,4.73,128,12,105,11,10.3,-0.895,-114.55,9.82,-2.67,-0.916,0.61,-178.85,-0.64
First-1,2.75,13.5,4.91,128,12,105,11,10.3,-0.848,-108.55,10.16,-2.67,-0.869,0.63,-176.85,-0.61
First-1,2.75,14.0,5.09,128,11,105,12,9.5,-0.884,-113.17,9.9,-2.67,-0.905,0.61,-179.03,-0.63
First-1,2.75,14.5,5.27,128,11,105,12,9.5,-0.841,-107.67,10.21,-2.67,-0.862,0.63,-177.53,-0.61
First-1,2.75,15.0,5.45,128,10,106,12,8.6,-0.937,-119.92,10.25,-2.67,-0.958,0.59,-193.78,-0.62
First-1,3.0,3.5,1.17,128,59,66,3,47.2,0.059,7.57,3.44,-2.97,0.036,1.04,-85.0,0.09
First-1,3.0,4.0,1.33,128,57,68,3,45.6,0.18,23.07,3.93,-2.97,0.157,1.11,-83.0,0.28
First-1,3.0,4.5,1.5,128,53,71,4,42.7,0.205,26.3,4.37,-2.97,0.182,1.12,-81.0,0.32
First-1,3.0,5.0,1.67,128,51,73,4,41.1,0.288,36.8,4.85,-2.97,0.264,1.17,-82.0,0.45
First-1,3.0,5.5,1.83,128,43,80,5,35.0,-0.001,-0.14,5.24,-2.98,-0.024,1.0,-108.5,-0.0
First-1,3.0,6.0,2.0,128,40,83,5,32.5,-0.044,-5.64,5.68,-2.98,-0.067,0.98,-120.0,-0.05
First-1,3.0,6.5,2.17,128,38,85,5,30.9,-0.036,-4.64,6.13,-2.98,-0.06,0.98,-124.5,-0.04
First-1,3.0,7.0,2.33,128,35,87,6,28.7,-0.085,-10.84,6.44,-2.98,-0.108,0.96,-139.0,-0.08
First-1,3.0,7.5,2.5,128,34,88,6,27.9,-0.03,-3.84,6.87,-2.98,-0.053,0.99,-135.0,-0.03
First-1,3.0,8.0,2.67,128,32,90,6,26.2,-0.069,-8.84,7.28,-2.98,-0.092,0.97,-142.0,-0.06
First-1,3.0,8.5,2.83,128,27,92,9,22.7,-0.341,-43.6,7.6,-2.91,-0.363,0.84,-150.0,-0.29
First-1,3.0,9.0,3.0,128,23,95,10,19.5,-0.588,-75.25,7.89,-2.88,-0.61,0.74,-165.61,-0.45
First-1,3.0,9.5,3.17,128,22,96,10,18.6,-0.596,-76.25,8.28,-2.89,-0.618,0.74,-162.61,-0.47
First-1,3.0,10.0,3.33,128,21,97,10,17.8,-0.611,-78.25,8.65,-2.89,-0.634,0.73,-172.61,-0.45
First-1,3.0,10.5,3.5,128,15,101,12,12.9,-1.0,-128.06,8.49,-2.89,-1.023,0.58,-189.61,-0.68
First-1,3.0,11.0,3.67,128,13,103,12,11.2,-1.161,-148.56,8.62,-2.89,-1.183,0.52,-194.61,-0.76
First-1,3.0,11.5,3.83,128,13,103,12,11.2,-1.11,-142.06,8.97,-2.89,-1.132,0.55,-190.61,-0.75
First-1,3.0,12.0,4.0,128,13,103,12,11.2,-1.059,-135.56,9.31,-2.89,-1.082,0.57,-186.61,-0.73
First-1,3.0,12.5,4.17,128,12,104,12,10.3,-1.129,-144.56,9.49,-2.89,-1.152,0.54,-199.61,-0.72
First-1,3.0,13.0,4.33,128,12,104,12,10.3,-1.082,-138.56,9.82,-2.89,-1.105,0.56,-197.61,-0.7
First-1,3.0,13.5,4.5,128,12,104,12,10.3,-1.036,-132.56,10.16,-2.89,-1.058,0.58,-195.61,-0.68
First-1,3.0,14.0,4.67,128,11,104,13,9.6,-1.072,-137.18,9.9,-2.89,-1.094,0.57,-199.54,-0.69
First-1,3.0,14.5,4.83,128,11,104,13,9.6,-1.029,-131.68,10.21,-2.89,-1.051,0.58,-197.54,-0.67
First-1,3.0,15.0,5.0,128,10,105,13,8.7,-1.126,-144.18,10.25,-2.89,-1.149,0.55,-213.54,-0.68
First-1,3.25,3.5,1.08,128,62,63,3,49.6,0.088,11.32,3.45,-3.21,0.063,1.06,-83.25,0.14
First-1,3.25,4.0,1.23,128,60,65,3,48.0,0.217,27.82,3.94,-3.22,0.192,1.13,-80.75,0.34
First-1,3.25,4.5,1.38,128,55,69,4,44.4,0.188,24.05,4.37,-3.22,0.163,1.11,-86.0,0.28
First-1,3.25,5.0,1.54,128,53,71,4,42.7,0.274,35.05,4.85,-3.22,0.249,1.15,-84.0,0.42
First-1,3.25,5.5,1.69,128,45,78,5,36.6,-0.021,-2.64,5.25,-3.22,-0.046,0.99,-106.0,-0.02
First-1,3.25,6.0,1.85,128,41,82,5,33.3,-0.134,-17.14,5.69,-3.22,-0.159,0.94,-126.75,-0.14
First-1,3.25,6.5,2.0,128,39,84,5,31.7,-0.126,-16.14,6.14,-3.22,-0.151,0.94,-130.0,-0.12
First-1,3.25,7.0,2.15,128,36,86,6,29.5,-0.175,-22.34,6.45,-3.22,-0.2,0.92,-145.0,-0.15
First-1,3.25,7.5,2.31,128,35,87,6,28.7,-0.118,-15.09,6.89,-3.22,-0.143,0.95,-140.5,-0.11
First-1,3.25,8.0,2.46,128,33,89,6,27.0,-0.157,-20.09,7.3,-3.22,-0.182,0.93,-147.25,-0.14
First-1,3.25,8.5,2.62,128,28,91,9,23.5,-0.429,-54.85,7.63,-3.15,-0.453,0.82,-155.21,-0.35
First-1,3.25,9.0,2.77,128,24,94,10,20.3,-0.678,-86.75,7.93,-3.12,-0.702,0.72,-171.61,-0.51
First-1,3.25,9.5,2.92,128,23,95,10,19.5,-0.684,-87.5,8.32,-3.12,-0.708,0.72,-168.11,-0.52
First-1,3.25,10.0,3.08,128,21,97,10,17.8,-0.801,-102.5,8.65,-3.12,-0.825,0.68,-191.11,-0.54
First-1,3.25,10.5,3.23,128,15,101,12,12.9,-1.198,-153.31,8.49,-3.13,-1.222,0.54,-209.67,-0.73
First-1,3.25,11.0,3.38,128,13,103,12,11.2,-1.362,-174.31,8.62,-3.13,-1.386,0.48,-218.42,-0.8
First-1,3.25,11.5,3.54,128,13,103,12,11.2,-1.311,-167.81,8.97,-3.13,-1.335,0.5,-214.11,-0.78
First-1,3.25,12.0,3.69,128,13,103,12,11.2,-1.26,-161.31,9.31,-3.13,-1.285,0.52,-210.11,-0.77
First-1,3.25,12.5,3.85,128,12,104,12,10.3,-1.332,-170.56,9.49,-3.13,-1.357,0.5,-221.86,-0.77
First-1,3.25,13.0,4.0,128,12,104,12,10.3,-1.286,-164.56,9.82,-3.13,-1.31,0.52,-218.36,-0.75
First-1,3.25,13.5,4.15,128,12,104,12,10.3,-1.239,-158.56,10.16,-3.13,-1.263,0.54,-216.36,-0.73
First-1,3.25,14.0,4.31,128,11,104,13,9.6,-1.275,-163.18,9.9,-3.13,-1.299,0.52,-222.29,-0.73
First-1,3.25,14.5,4.46,128,11,104,13,9.6,-1.232,-157.68,10.21,-3.13,-1.256,0.54,-220.29,-0.72
First-1,3.25,15.0,4.62,128,10,105,13,8.7,-1.331,-170.43,10.25,-3.13,-1.356,0.51,-236.54,-0.72
First-1,3.5,4.0,1.14,128,64,61,3,51.2,0.325,41.57,3.94,-3.46,0.298,1.19,-81.0,0.51
First-1,3.5,4.5,1.29,128,58,66,4,46.8,0.241,30.8,4.38,-3.46,0.214,1.13,-94.0,0.33
First-1,3.5,5.0,1.43,128,56,68,4,45.2,0.334,42.8,4.86,-3.46,0.307,1.18,-92.0,0.47
First-1,3.5,5.5,1.57,128,48,75,5,39.0,0.038,4.86,5.26,-3.47,0.011,1.02,-109.5,0.04
First-1,3.5,6.0,1.71,128,44,79,5,35.8,-0.071,-9.14,5.71,-3.47,-0.099,0.97,-136.5,-0.07
First-1,3.5,6.5,1.86,128,42,81,5,34.1,-0.056,-7.14,6.16,-3.47,-0.083,0.97,-140.0,-0.05
First-1,3.5,7.0,2.0,128,39,83,6,32.0,-0.096,-12.34,6.49,-3.47,-0.124,0.96,-140.0,-0.09
First-1,3.5,7.5,2.14,128,38,84,6,31.1,-0.03,-3.84,6.93,-3.47,-0.057,0.99,-140.0,-0.03
First-1,3.5,8.0,2.29,128,36,86,6,29.5,-0.061,-7.84,7.35,-3.47,-0.088,0.97,-140.0,-0.06
First-1,3.5,8.5,2.43,128,31,88,9,26.1,-0.325,-41.6,7.7,-3.38,-0.351,0.87,-143.6,-0.29
First-1,3.5,9.0,2.57,128,27,91,10,22.9,-0.568,-72.75,8.04,-3.35,-0.595,0.77,-153.25,-0.47
First-1,3.5,9.5,2.71,128,26,92,10,22.0,-0.564,-72.25,8.44,-3.35,-0.591,0.78,-148.61,-0.49
First-1,3.5,10.0,2.86,128,24,94,10,20.3,-0.674,-86.25,8.79,-3.36,-0.7,0.74,-169.11,-0.51
First-1,3.5,10.5,3.0,128,18,98,12,15.5,-1.067,-136.56,8.74,-3.36,-1.093,0.61,-189.06,-0.72
First-1,3.5,11.0,3.14,128,16,100,12,13.8,-1.223,-156.56,8.95,-3.37,-1.249,0.56,-200.56,-0.78
First-1,3.5,11.5,3.29,128,16,100,12,13.8,-1.161,-148.56,9.31,-3.37,-1.187,0.58,-194.56,-0.76
First-1,3.5,12.0,3.43,128,16,100,12,13.8,-1.098,-140.56,9.67,-3.37,-1.124,0.6,-188.56,-0.75
First-1,3.5,12.5,3.57,128,15,101,12,12.9,-1.161,-148.56,9.92,-3.37,-1.187,0.58,-198.56,-0.75
First-1,3.5,13.0,3.71,128,15,101,12,12.9,-1.102,-141.06,10.28,-3.37,-1.128,0.6,-193.06,-0.73
First-1,3.5,13.5,3.86,128,15,101,12,12.9,-1.043,-133.56,10.64,-3.37,-1.07,0.63,-187.61,-0.71
First-1,3.5,14.0,4.0,128,13,102,13,11.3,-1.205,-154.18,10.31,-3.37,-1.231,0.57,-210.18,-0.73
First-1,3.5,14.5,4.14,128,13,102,13,11.3,-1.154,-147.68,10.64,-3.37,-1.18,0.59,-207.18,-0.71
First-1,3.5,15.0,4.29,128,12,103,13,10.4,-1.248,-159.68,10.75,-3.37,-1.274,0.56,-222.68,-0.72
First-1,3.75,4.0,1.07,128,64,61,3,51.2,0.206,26.32,3.94,-3.71,0.177,1.11,-88.5,0.3
First-1,3.75,4.5,1.2,128,58,66,4,46.8,0.112,14.3,4.38,-3.71,0.083,1.06,-102.0,0.14
First-1,3.75,5.0,1.33,128,56,68,4,45.2,0.202,25.8,4.86,-3.71,0.173,1.1,-100.0,0.26
First-1,3.75,5.5,1.47,128,48,75,5,39.0,-0.109,-13.89,5.26,-3.71,-0.138,0.95,-118.5,-0.12
First-1,3.75,6.0,1.6,128,44,79,5,35.8,-0.226,-28.89,5.71,-3.72,-0.255,0.9,-146.25,-0.2
First-1,3.75,6.5,1.73,128,42,81,5,34.1,-0.214,-27.39,6.16,-3.72,-0.243,0.91,-150.0,-0.18
First-1,3.75,7.0,1.87,128,39,83,6,32.0,-0.259,-33.09,6.49,-3.72,-0.288,0.89,-150.0,-0.22
First-1,3.75,7.5,2.0,128,38,84,6,31.1,-0.194,-24.84,6.93,-3.72,-0.223,0.92,-150.0,-0.17
First-1,3.75,8.0,2.13,128,36,86,6,29.5,-0.229,-29.34,7.35,-3.72,-0.258,0.91,-150.0,-0.2
First-1,3.75,8.5,2.27,128,31,88,9,26.1,-0.497,-63.6,7.7,-3.62,-0.525,0.81,-158.35,-0.4
First-1,3.75,9.0,2.4,128,27,91,10,22.9,-0.746,-95.5,8.04,-3.59,-0.774,0.72,-172.75,-0.55
First-1,3.75,9.5,2.53,128,26,92,10,22.0,-0.744,-95.25,8.44,-3.59,-0.772,0.73,-166.25,-0.57
First-1,3.75,10.0,2.67,128,24,94,10,20.3,-0.857,-109.75,8.79,-3.59,-0.886,0.69,-187.25,-0.59
First-1,3.75,10.5,2.8,128,18,98,12,15.5,-1.258,-161.06,8.74,-3.6,-1.286,0.57,-209.81,-0.77
First-1,3.75,11.0,2.93,128,16,100,12,13.8,-1.418,-181.56,8.95,-3.6,-1.447,0.52,-225.56,-0.8
First-1,3.75,11.5,3.07,128,16,100,12,13.8,-1.356,-173.56,9.31,-3.6,-1.384,0.54,-219.56,-0.79
First-1,3.75,12.0,3.2,128,16,100,12,13.8,-1.293,-165.56,9.67,-3.6,-1.322,0.56,-213.56,-0.78
First-1,3.75,12.5,3.33,128,15,101,12,12.9,-1.358,-173.81,9.92,-3.61,-1.386,0.55,-223.81,-0.78
First-1,3.75,13.0,3.47,128,15,101,12,12.9,-1.299,-166.31,10.28,-3.61,-1.327,0.56,-218.31,-0.76
First-1,3.75,13.5,3.6,128,15,101,12,12.9,-1.241,-158.81,10.64,-3.61,-1.269,0.58,-212.81,-0.75
First-1,3.75,14.0,3.73,128,13,102,13,11.3,-1.404,-179.68,10.31,-3.61,-1.432,0.53,-235.68,-0.76
First-1,3.75,14.5,3.87,128,13,102,13,11.3,-1.353,-173.18,10.64,-3.61,-1.381,0.55,-231.18,-0.75
First-1,3.75,15.0,4.0,128,12,103,13,10.4,-1.449,-185.43,10.75,-3.61,-1.477,0.52,-245.43,-0.76
First-1,4.0,4.5,1.12,128,60,63,5,48.8,0.123,15.72,4.38,-3.94,0.092,1.06,-110.0,0.14
First-1,4.0,5.0,1.25,128,58,65,5,47.2,0.217,27.72,4.86,-3.94,0.186,1.1,-108.0,0.26
First-1,4.0,5.5,1.38,128,50,72,6,41.0,-0.099,-12.72,5.27,-3.95,-0.13,0.96,-127.5,-0.1
First-1,4.0,6.0,1.5,128,46,76,6,37.7,-0.217,-27.72,5.72,-3.95,-0.247,0.91,-156.0,-0.18
First-1,4.0,6.5,1.62,128,44,78,6,36.1,-0.201,-25.72,6.18,-3.95,-0.232,0.92,-160.0,-0.16
First-1,4.0,7.0,1.75,128,41,80,7,33.9,-0.242,-30.92,6.51,-3.95,-0.272,0.9,-160.0,-0.19
First-1,4.0,7.5,1.88,128,40,81,7,33.1,-0.171,-21.92,6.96,-3.95,-0.202,0.93,-160.0,-0.14
First-1,4.0,8.0,2.0,128,38,83,7,31.4,-0.202,-25.92,7.38,-3.95,-0.233,0.92,-160.0,-0.16
First-1,4.0,8.5,2.12,128,31,86,11,26.5,-0.589,-75.39,7.64,-3.85,-0.619,0.78,-170.46,-0.44
First-1,4.0,9.0,2.25,128,27,89,12,23.3,-0.844,-108.04,7.95,-3.82,-0.874,0.7,-186.61,-0.58
First-1,4.0,9.5,2.38,128,26,90,12,22.4,-0.844,-108.04,8.34,-3.82,-0.874,0.71,-181.61,-0.59
First-1,4.0,10.0,2.5,128,24,92,12,20.7,-0.961,-123.04,8.67,-3.82,-0.991,0.67,-204.61,-0.6
First-1,4.0,10.5,2.62,128,19,95,14,16.7,-1.257,-160.85,8.68,-3.83,-1.287,0.58,-215.11,-0.75
First-1,4.0,11.0,2.75,128,17,97,14,14.9,-1.417,-181.35,8.88,-3.83,-1.447,0.54,-228.61,-0.79
First-1,4.0,11.5,2.88,128,17,97,14,14.9,-1.35,-172.85,9.23,-3.83,-1.38,0.56,-222.61,-0.78
First-1,4.0,12.0,3.0,128,17,97,14,14.9,-1.284,-164.35,9.59,-3.83,-1.314,0.58,-216.61,-0.76
First-1,4.0,12.5,3.12,128,16,98,14,14.0,-1.346,-172.35,9.83,-3.83,-1.376,0.57,-227.11,-0.76
First-1,4.0,13.0,3.25,128,16,98,14,14.0,-1.284,-164.35,10.18,-3.83,-1.314,0.59,-221.61,-0.74
First-1,4.0,13.5,3.38,128,16,98,14,14.0,-1.221,-156.35,10.53,-3.83,-1.251,0.61,-216.11,-0.72
First-1,4.0,14.0,3.5,128,14,99,15,12.4,-1.383,-176.97,10.25,-3.83,-1.413,0.56,-234.54,-0.75
First-1,4.0,14.5,3.62,128,14,99,15,12.4,-1.328,-169.97,10.57,-3.83,-1.358,0.58,-230.04,-0.74
First-1,4.0,15.0,3.75,128,13,100,15,11.5,-1.422,-181.97,10.69,-3.83,-1.452,0.55,-246.54,-0.74
First-1,4.25,4.5,1.06,128,60,62,6,49.2,0.007,0.87,4.38,-4.17,-0.026,1.0,-118.0,0.01
First-1,4.25,5.0,1.18,128,59,63,6,48.4,0.169,21.62,4.87,-4.17,0.136,1.08,-116.0,0.19
First-1,4.25,5.5,1.29,128,51,70,7,42.1,-0.157,-20.07,5.28,-4.18,-0.189,0.93,-136.5,-0.15
First-1,4.25,6.0,1.41,128,48,73,7,39.7,-0.198,-25.32,5.73,-4.18,-0.23,0.92,-165.75,-0.15
First-1,4.25,6.5,1.53,128,46,75,7,38.0,-0.178,-22.82,6.19,-4.18,-0.211,0.93,-170.0,-0.13
First-1,4.25,7.0,1.65,128,43,77,8,35.8,-0.215,-27.52,6.54,-4.18,-0.248,0.92,-170.0,-0.16
First-1,4.25,7.5,1.76,128,42,78,8,35.0,-0.139,-17.77,6.98,-4.18,-0.172,0.95,-170.0,-0.1
First-1,4.25,8.0,1.88,128,40,80,8,33.3,-0.166,-21.27,7.41,-4.19,-0.199,0.94,-170.0,-0.13
First-1,4.25,8.5,2.0,128,33,83,12,28.4,-0.551,-70.49,7.68,-4.07,-0.583,0.81,-187.46,-0.38
First-1,4.25,9.0,2.12,128,29,86,13,25.2,-0.804,-102.89,8.01,-4.04,-0.835,0.73,-203.86,-0.5
First-1,4.25,9.5,2.24,128,28,87,13,24.3,-0.798,-102.14,8.41,-4.04,-0.83,0.73,-198.86,-0.51
First-1,4.25,10.0,2.35,128,26,89,13,22.6,-0.911,-116.64,8.76,-4.04,-0.943,0.7,-222.36,-0.52
First-1,4.25,10.5,2.47,128,21,92,15,18.6,-1.205,-154.2,8.81,-4.05,-1.236,0.62,-233.42,-0.66
First-1,4.25,11.0,2.59,128,19,94,15,16.8,-1.361,-174.2,9.04,-4.05,-1.393,0.57,-229.61,-0.76
First-1,4.25,11.5,2.71,128,19,94,15,16.8,-1.287,-164.7,9.41,-4.05,-1.318,0.6,-226.11,-0.73
First-1,4.25,12.0,2.82,128,19,94,15,16.8,-1.212,-155.2,9.77,-4.05,-1.244,0.62,-222.61,-0.7
First-1,4.25,12.5,2.94,128,18,95,15,15.9,-1.269,-162.45,10.05,-4.05,-1.301,0.61,-235.86,-0.69
First-1,4.25,13.0,3.06,128,18,95,15,15.9,-1.199,-153.45,10.41,-4.05,-1.231,0.63,-232.86,-0.66
First-1,4.25,13.5,3.18,128,18,95,15,15.9,-1.129,-144.45,10.77,-4.05,-1.16,0.65,-229.86,-0.63
First-1,4.25,14.0,3.29,128,16,96,16,14.3,-1.284,-164.32,10.56,-4.06,-1.315,0.61,-252.54,-0.65
First-1,4.25,14.5,3.41,128,16,96,16,14.3,-1.221,-156.32,10.9,-4.06,-1.253,0.63,-250.04,-0.63
First-1,4.25,15.0,3.53,128,15,97,16,13.4,-1.309,-167.57,11.07,-4.06,-1.341,0.6,-266.79,-0.63
First-1,4.5,5.0,1.11,128,59,63,6,48.4,0.046,5.87,4.87,-4.41,0.011,1.02,-124.0,0.05
First-1,4.5,5.5,1.22,128,51,70,7,42.1,-0.294,-37.57,5.28,-4.42,-0.328,0.88,-145.5,-0.26
First-1,4.5,6.0,1.33,128,48,73,7,39.7,-0.34,-43.57,5.73,-4.42,-0.375,0.87,-175.5,-0.25
First-1,4.5,6.5,1.44,128,46,75,7,38.0,-0.325,-41.57,6.19,-4.42,-0.359,0.88,-180.0,-0.23
First-1,4.5,7.0,1.56,128,43,77,8,35.8,-0.365,-46.77,6.54,-4.42,-0.4,0.87,-180.0,-0.26
First-1,4.5,7.5,1.67,128,42,78,8,35.0,-0.291,-37.27,6.98,-4.42,-0.326,0.9,-180.0,-0.21
First-1,4.5,8.0,1.78,128,40,80,8,33.3,-0.322,-41.27,7.41,-4.43,-0.357,0.89,-180.0,-0.23
First-1,4.5,8.5,1.89,128,33,83,12,28.4,-0.713,-91.24,7.68,-4.31,-0.746,0.76,-205.96,-0.44
First-1,4.5,9.0,2.0,128,29,86,13,25.2,-0.972,-124.39,8.01,-4.27,-1.005,0.69,-221.11,-0.56
First-1,4.5,9.5,2.11,128,28,87,13,24.3,-0.968,-123.89,8.41,-4.27,-1.001,0.69,-216.11,-0.57
First-1,4.5,10.0,2.22,128,26,89,13,22.6,-1.085,-138.89,8.76,-4.27,-1.118,0.66,-240.11,-0.58
First-1,4.5,10.5,2.33,128,21,92,15,18.6,-1.384,-177.2,8.81,-4.28,-1.418,0.58,-252.92,-0.7
First-1,4.5,11.0,2.44,128,21,92,15,18.6,-1.302,-166.7,9.18,-4.28,-1.336,0.61,-248.92,-0.67
First-1,4.5,11.5,2.56,128,21,92,15,18.6,-1.22,-156.2,9.56,-4.28,-1.254,0.63,-244.92,-0.64
First-1,4.5,12.0,2.67,128,19,94,15,16.8,-1.396,-178.7,9.77,-4.29,-1.43,0.59,-240.92,-0.74
First-1,4.5,12.5,2.78,128,18,95,15,15.9,-1.455,-186.2,10.05,-4.29,-1.488,0.57,-254.11,-0.73
First-1,4.5,13.0,2.89,128,18,95,15,15.9,-1.384,-177.2,10.41,-4.29,-1.418,0.59,-251.11,-0.71
First-1,4.5,13.5,3.0,128,18,95,15,15.9,-1.314,-168.2,10.77,-4.29,-1.348,0.62,-248.11,-0.68
First-1,4.5,14.0,3.11,128,16,96,16,14.3,-1.471,-188.32,10.56,-4.29,-1.505,0.57,-272.54,-0.69
First-1,4.5,14.5,3.22,128,16,96,16,14.3,-1.409,-180.32,10.9,-4.29,-1.442,0.59,-270.04,-0.67
First-1,4.5,15.0,3.33,128,15,97,16,13.4,-1.499,-191.82,11.07,-4.29,-1.532,0.57,-287.04,-0.67
First-1,4.75,5.0,1.05,128,61,61,6,50.0,0.075,9.62,4.87,-4.64,0.039,1.03,-122.25,0.08
First-1,4.75,5.5,1.16,128,52,69,7,43.0,-0.35,-44.82,5.28,-4.66,-0.387,0.87,-154.5,-0.29
First-1,4.75,6.0,1.26,128,49,72,7,40.5,-0.399,-51.07,5.74,-4.66,-0.435,0.85,-185.25,-0.28
First-1,4.75,6.5,1.37,128,47,74,7,38.8,-0.383,-49.07,6.2,-4.66,-0.42,0.86,-190.0,-0.26
First-1,4.75,7.0,1.47,128,44,76,8,36.7,-0.424,-54.27,6.54,-4.66,-0.46,0.85,-190.0,-0.29
First-1,4.75,7.5,1.58,128,42,78,8,35.0,-0.444,-56.77,6.98,-4.67,-0.48,0.85,-190.0,-0.3
First-1,4.75,8.0,1.68,128,40,80,8,33.3,-0.479,-61.27,7.41,-4.67,-0.515,0.84,-193.75,-0.32
First-1,4.75,8.5,1.79,128,33,83,12,28.4,-0.875,-111.99,7.68,-4.54,-0.91,0.72,-224.46,-0.5
First-1,4.75,9.0,1.89,128,29,86,13,25.2,-1.14,-145.89,8.01,-4.5,-1.175,0.65,-239.86,-0.61
First-1,4.75,9.5,2.0,128,28,87,13,24.3,-1.138,-145.64,8.41,-4.5,-1.173,0.66,-233.36,-0.62
First-1,4.75,10.0,2.11,128,26,89,13,22.6,-1.259,-161.14,8.76,-4.51,-1.294,0.63,-257.86,-0.62
First-1,4.75,10.5,2.21,128,21,92,15,18.6,-1.564,-200.2,8.81,-4.51,-1.599,0.55,-272.42,-0.73
First-1,4.75,11.0,2.32,128,21,92,15,18.6,-1.482,-189.7,9.18,-4.51,-1.517,0.58,-268.42,-0.71
First-1,4.75,11.5,2.42,128,21,92,15,18.6,-1.4,-179.2,9.56,-4.51,-1.435,0.6,-264.42,-0.68
First-1,4.75,12.0,2.53,128,19,94,15,16.8,-1.58,-202.2,9.77,-4.52,-1.615,0.56,-260.42,-0.78
First-1,4.75,12.5,2.63,128,18,95,15,15.9,-1.64,-209.95,10.05,-4.52,-1.676,0.54,-273.67,-0.77
First-1,4.75,13.0,2.74,128,18,95,15,15.9,-1.57,-200.95,10.41,-4.52,-1.605,0.56,-270.17,-0.74
First-1,4.75,13.5,2.84,128,18,95,15,15.9,-1.5,-191.95,10.77,-4.52,-1.535,0.58,-266.67,-0.72
First-1,4.75,14.0,2.95,128,16,96,16,14.3,-1.659,-212.32,10.56,-4.52,-1.694,0.54,-292.54,-0.73
First-1,4.75,14.5,3.05,128,16,96,16,14.3,-1.596,-204.32,10.9,-4.52,-1.632,0.56,-290.04,-0.7
First-1,4.75,15.0,3.16,128,15,97,16,13.4,-1.688,-216.07,11.07,-4.52,-1.723,0.54,-307.29,-0.7
First-1,5.0,5.5,1.1,128,54,66,8,45.0,-0.302,-38.69,5.29,-4.86,-0.34,0.89,-163.5,-0.24
First-1,5.0,6.0,1.2,128,51,69,8,42.5,-0.349,-44.69,5.75,-4.86,-0.387,0.87,-195.0,-0.23
First-1,5.0,6.5,1.3,128,49,70,9,41.2,-0.317,-40.53,6.21,-4.85,-0.354,0.89,-200.0,-0.2
First-1,5.0,7.0,1.4,128,46,72,10,39.0,-0.353,-45.23,6.56,-4.85,-0.391,0.88,-200.0,-0.23
First-1,5.0,7.5,1.5,128,44,74,10,37.3,-0.369,-47.23,7.0,-4.85,-0.407,0.88,-200.0,-0.24
First-1,5.0,8.0,1.6,128,42,76,10,35.6,-0.4,-51.23,7.44,-4.86,-0.438,0.87,-200.0,-0.26
First-1,5.0,8.5,1.7,128,35,79,14,30.7,-0.795,-101.7,7.72,-4.72,-0.831,0.75,-211.92,-0.48
First-1,5.0,9.0,1.8,128,31,82,15,27.4,-1.057,-135.35,8.07,-4.68,-1.094,0.68,-227.61,-0.59
First-1,5.0,9.5,1.9,128,30,83,15,26.5,-1.05,-134.35,8.47,-4.68,-1.086,0.69,-221.61,-0.61
First-1,5.0,10.0,2.0,128,28,85,15,24.8,-1.167,-149.35,8.83,-4.69,-1.203,0.66,-245.61,-0.61
First-1,5.0,10.5,2.1,128,23,88,17,20.7,-1.47,-188.16,8.92,-4.7,-1.507,0.59,-259.88,-0.72
First-1,5.0,11.0,2.2,128,23,88,17,20.7,-1.38,-176.66,9.3,-4.7,-1.417,0.61,-257.88,-0.69
First-1,5.0,11.5,2.3,128,23,88,17,20.7,-1.29,-165.16,9.69,-4.7,-1.327,0.64,-256.11,-0.64
First-1,5.0,12.0,2.4,128,21,90,17,18.9,-1.466,-187.66,9.93,-4.7,-1.503,0.6,-254.61,-0.74
First-1,5.0,12.5,2.5,128,20,91,17,18.0,-1.521,-194.66,10.23,-4.71,-1.558,0.59,-270.61,-0.72
First-1,5.0,13.0,2.6,128,19,92,17,17.1,-1.583,-202.66,10.51,-4.71,-1.62,0.57,-269.61,-0.75
First-1,5.0,13.5,2.7,128,19,92,17,17.1,-1.509,-193.16,10.87,-4.71,-1.546,0.59,-268.61,-0.72
First-1,5.0,14.0,2.8,128,17,93,18,15.5,-1.666,-213.28,10.7,-4.71,-1.703,0.56,-289.5,-0.74
First-1,5.0,14.5,2.9,128,17,93,18,15.5,-1.6,-204.78,11.04,-4.71,-1.637,0.57,-286.5,-0.71
First-1,5.0,15.0,3.0,128,16,94,18,14.5,-1.69,-216.28,11.23,-4.72,-1.727,0.55,-303.5,-0.71
First-1,5.25,5.5,1.05,128,54,66,8,45.0,-0.431,-55.19,5.29,-5.09,-0.471,0.85,-172.5,-0.32
First-1,5.25,6.0,1.14,128,51,69,8,42.5,-0.484,-61.94,5.75,-5.1,-0.524,0.83,-204.75,-0.3
First-1,5.25,6.5,1.24,128,49,70,9,41.2,-0.453,-58.03,6.21,-5.08,-0.493,0.85,-210.0,-0.28
First-1,5.25,7.0,1.33,128,46,72,10,39.0,-0.494,-63.23,6.56,-5.08,-0.534,0.84,-210.0,-0.3
First-1,5.25,7.5,1.43,128,44,74,10,37.3,-0.514,-65.73,7.0,-5.09,-0.553,0.84,-210.0,-0.31
First-1,5.25,8.0,1.52,128,42,76,10,35.6,-0.549,-70.23,7.44,-5.09,-0.588,0.83,-210.0,-0.33
First-1,5.25,8.5,1.62,128,35,79,14,30.7,-0.949,-121.45,7.72,-4.95,-0.987,0.72,-229.42,-0.53
First-1,5.25,9.0,1.71,128,31,82,15,27.4,-1.218,-155.85,8.07,-4.9,-1.256,0.65,-244.36,-0.64
First-1,5.25,9.5,1.81,128,30,83,15,26.5,-1.212,-155.1,8.47,-4.91,-1.25,0.66,-238.36,-0.65
First-1,5.25,10.0,1.9,128,29,84,15,25.7,-1.214,-155.35,8.87,-4.91,-1.252,0.66,-247.61,-0.63
First-1,5.25,10.5,2.0,128,24,87,17,21.6,-1.519,-194.41,8.97,-4.92,-1.557,0.59,-259.63,-0.75
First-1,5.25,11.0,2.1,128,24,87,17,21.6,-1.425,-182.41,9.36,-4.92,-1.464,0.61,-257.13,-0.71
First-1,5.25,11.5,2.19,128,24,87,17,21.6,-1.331,-170.41,9.75,-4.92,-1.37,0.64,-254.63,-0.67
First-1,5.25,12.0,2.29,128,22,89,17,19.8,-1.507,-192.91,10.0,-4.93,-1.546,0.6,-252.13,-0.77
First-1,5.25,12.5,2.38,128,21,90,17,18.9,-1.56,-199.66,10.31,-4.93,-1.598,0.59,-267.61,-0.75
First-1,5.25,13.0,2.48,128,20,91,17,18.0,-1.62,-207.41,10.6,-4.94,-1.659,0.58,-269.61,-0.77
First-1,5.25,13.5,2.57,128,20,91,17,18.0,-1.542,-197.41,10.97,-4.94,-1.581,0.6,-265.36,-0.74
First-1,5.25,14.0,2.67,128,18,92,18,16.4,-1.698,-217.28,10.83,-4.94,-1.736,0.56,-289.5,-0.75
First-1,5.25,14.5,2.76,128,17,93,18,15.5,-1.781,-228.03,11.04,-4.94,-1.82,0.55,-305.75,-0.75
First-1,5.25,15.0,2.86,128,16,94,18,14.5,-1.873,-239.78,11.23,-4.94,-1.912,0.53,-323.0,-0.74
First-1,5.5,6.0,1.09,128,52,68,8,43.3,-0.529,-67.69,5.75,-5.33,-0.57,0.82,-214.5,-0.32
First-1,5.5,6.5,1.18,128,50,69,9,42.0,-0.496,-63.53,6.21,-5.31,-0.538,0.84,-220.5,-0.29
First-1,5.5,7.0,1.27,128,47,71,10,39.8,-0.537,-68.73,6.57,-5.31,-0.578,0.83,-220.0,-0.31
First-1,5.5,7.5,1.36,128,45,73,10,38.1,-0.556,-71.23,7.01,-5.32,-0.598,0.83,-220.0,-0.32
First-1,5.5,8.0,1.45,128,43,75,10,36.4,-0.592,-75.73,7.45,-5.32,-0.633,0.82,-220.0,-0.34
First-1,5.5,8.5,1.55,128,36,78,14,31.6,-0.994,-127.2,7.74,-5.17,-1.034,0.71,-246.92,-0.52
First-1,5.5,9.0,1.64,128,32,81,15,28.3,-1.264,-161.85,8.09,-5.13,-1.304,0.65,-262.07,-0.62
First-1,5.5,9.5,1.73,128,31,82,15,27.4,-1.257,-160.85,8.5,-5.13,-1.297,0.66,-255.11,-0.63
First-1,5.5,10.0,1.82,128,30,83,15,26.5,-1.257,-160.85,8.9,-5.13,-1.297,0.66,-264.61,-0.61
First-1,5.5,10.5,1.91,128,25,86,17,22.5,-1.564,-200.16,9.02,-5.15,-1.604,0.59,-277.88,-0.72
First-1,5.5,11.0,2.0,128,25,86,17,22.5,-1.466,-187.66,9.41,-5.15,-1.506,0.62,-272.38,-0.69
First-1,5.5,11.5,2.09,128,25,86,17,22.5,-1.368,-175.16,9.8,-5.15,-1.409,0.64,-269.88,-0.65
First-1,5.5,12.0,2.18,128,23,88,17,20.7,-1.544,-197.66,10.07,-5.15,-1.584,0.6,-267.38,-0.74
First-1,5.5,12.5,2.27,128,22,89,17,19.8,-1.595,-204.16,10.38,-5.16,-1.635,0.6,-282.88,-0.72
First-1,5.5,13.0,2.36,128,21,90,17,18.9,-1.654,-211.66,10.68,-5.16,-1.694,0.59,-288.88,-0.73
First-1,5.5,13.5,2.45,128,21,90,17,18.9,-1.572,-201.16,11.06,-5.16,-1.612,0.61,-283.61,-0.71
First-1,5.5,14.0,2.55,128,19,91,18,17.3,-1.725,-220.78,10.94,-5.16,-1.765,0.57,-308.5,-0.72
First-1,5.5,14.5,2.64,128,18,92,18,16.4,-1.807,-231.28,11.17,-5.17,-1.847,0.56,-325.0,-0.71
First-1,5.5,15.0,2.73,128,17,93,18,15.5,-1.897,-242.78,11.38,-5.17,-1.937,0.54,-342.5,-0.71
First-1,5.75,6.0,1.04,128,53,67,8,44.2,-0.57,-72.94,5.76,-5.57,-0.613,0.82,-224.25,-0.33
First-1,5.75,6.5,1.13,128,51,68,9,42.9,-0.535,-68.53,6.22,-5.54,-0.579,0.83,-232.0,-0.3
First-1,5.75,7.0,1.22,128,48,70,10,40.7,-0.576,-73.73,6.58,-5.55,-0.619,0.82,-230.0,-0.32
First-1,5.75,7.5,1.3,128,46,72,10,39.0,-0.596,-76.23,7.02,-5.55,-0.639,0.82,-230.0,-0.33
First-1,5.75,8.0,1.39,128,44,74,10,37.3,-0.631,-80.73,7.46,-5.56,-0.674,0.82,-230.0,-0.35
First-1,5.75,8.5,1.48,128,37,77,14,32.5,-1.035,-132.45,7.76,-5.39,-1.077,0.71,-264.42,-0.5
First-1,5.75,9.0,1.57,128,33,80,15,29.2,-1.307,-167.35,8.12,-5.35,-1.349,0.65,-279.82,-0.6
First-1,5.75,9.5,1.65,128,32,81,15,28.3,-1.298,-166.1,8.53,-5.35,-1.339,0.66,-272.32,-0.61
First-1,5.75,10.0,1.74,128,31,82,15,27.4,-1.296,-165.85,8.93,-5.35,-1.338,0.66,-281.61,-0.59
First-1,5.75,10.5,1.83,128,26,85,17,23.4,-1.605,-205.41,9.06,-5.37,-1.647,0.59,-296.13,-0.69
First-1,5.75,11.0,1.91,128,26,85,17,23.4,-1.503,-192.41,9.46,-5.37,-1.545,0.62,-290.63,-0.66
First-1,5.75,11.5,2.0,128,26,85,17,23.4,-1.402,-179.41,9.85,-5.37,-1.444,0.64,-285.13,-0.63
First-1,5.75,12.0,2.09,128,24,87,17,21.6,-1.577,-201.91,10.13,-5.38,-1.619,0.61,-284.38,-0.71
First-1,5.75,12.5,2.17,128,23,88,17,20.7,-1.626,-208.16,10.45,-5.38,-1.668,0.6,-298.38,-0.7
First-1,5.75,13.0,2.26,128,22,89,17,19.8,-1.683,-215.41,10.76,-5.38,-1.725,0.59,-308.88,-0.7
First-1,5.75,13.5,2.35,128,22,89,17,19.8,-1.597,-204.41,11.14,-5.38,-1.639,0.61,-303.38,-0.67
First-1,5.75,14.0,2.43,128,20,90,18,18.2,-1.748,-223.78,11.05,-5.39,-1.79,0.58,-328.25,-0.68
First-1,5.75,14.5,2.52,128,19,91,18,17.3,-1.828,-234.03,11.3,-5.39,-1.87,0.57,-344.25,-0.68
First-1,5.75,15.0,2.61,128,18,92,18,16.4,-1.916,-245.28,11.52,-5.39,-1.958,0.55,-362.0,-0.68
First-1,6.0,6.5,1.08,128,51,68,9,42.9,-0.668,-85.53,6.22,-5.77,-0.713,0.8,-243.5,-0.35
First-1,6.0,7.0,1.17,128,48,70,10,40.7,-0.713,-91.23,6.58,-5.78,-0.758,0.79,-241.0,-0.38
First-1,6.0,7.5,1.25,128,46,72,10,39.0,-0.736,-94.23,7.02,-5.78,-0.781,0.79,-240.0,-0.39
First-1,6.0,8.0,1.33,128,44,74,10,37.3,-0.775,-99.23,7.46,-5.79,-0.82,0.78,-242.0,-0.41
First-1,6.0,8.5,1.42,128,37,77,14,32.5,-1.185,-151.7,7.76,-5.62,-1.229,0.68,-281.92,-0.54
First-1,6.0,9.0,1.5,128,33,80,15,29.2,-1.464,-187.35,8.12,-5.57,-1.507,0.62,-297.57,-0.63
First-1,6.0,9.5,1.58,128,32,81,15,28.3,-1.456,-186.35,8.53,-5.58,-1.499,0.63,-290.07,-0.64
First-1,6.0,10.0,1.67,128,31,82,15,27.4,-1.456,-186.35,8.93,-5.58,-1.499,0.63,-298.61,-0.62
First-1,6.0,10.5,1.75,128,26,85,17,23.4,-1.771,-226.66,9.06,-5.59,-1.814,0.57,-314.38,-0.72
First-1,6.0,11.0,1.83,128,26,85,17,23.4,-1.669,-213.66,9.46,-5.59,-1.713,0.59,-308.88,-0.69
First-1,6.0,11.5,1.92,128,26,85,17,23.4,-1.568,-200.66,9.85,-5.59,-1.611,0.62,-303.38,-0.66
First-1,6.0,12.0,2.0,128,24,87,17,21.6,-1.747,-223.66,10.13,-5.6,-1.791,0.58,-303.88,-0.74
First-1,6.0,12.5,2.08,128,23,88,17,20.7,-1.798,-230.16,10.45,-5.61,-1.842,0.58,-315.88,-0.73
First-1,6.0,13.0,2.17,128,22,89,17,19.8,-1.857,-237.66,10.76,-5.61,-1.901,0.57,-328.88,-0.72
First-1,6.0,13.5,2.25,128,22,89,17,19.8,-1.771,-226.66,11.14,-5.61,-1.815,0.59,-323.38,-0.7
First-1,6.0,14.0,2.33,128,20,90,18,18.2,-1.924,-246.28,11.05,-5.61,-1.968,0.56,-348.5,-0.71
First-1,6.0,14.5,2.42,128,19,91,18,17.3,-2.006,-256.78,11.3,-5.62,-2.05,0.54,-364.5,-0.7
First-1,6.0,15.0,2.5,128,18,92,18,16.4,-2.096,-268.28,11.52,-5.62,-2.14,0.53,-381.5,-0.7
First-2,0.5,1.0,2.0,231,67,146,2,31.5,-1.333,-307.99,1.14,-2.48,-1.355,0.21,-325.07,-0.95
First-2,0.5,1.5,3.0,231,55,166,2,24.9,-0.314,-72.51,1.62,-1.01,-0.323,0.57,-98.29,-0.74
First-2,0.5,2.0,4.0,231,46,182,2,20.2,0.014,3.3,2.01,-0.5,0.01,1.04,-28.7,0.11
First-2,0.5,2.5,5.0,231,38,191,2,16.6,-0.002,-0.5,2.5,-0.5,-0.006,0.99,-49.0,-0.01
First-2,0.5,3.0,6.0,231,33,196,2,14.4,0.004,1.0,3.0,-0.5,-0.0,1.01,-53.5,0.02
First-2,0.5,3.5,7.0,231,32,197,2,14.0,0.058,13.5,3.5,-0.5,0.054,1.14,-56.0,0.24
First-2,0.5,4.0,8.0,231,31,198,2,13.5,0.108,25.0,4.0,-0.5,0.104,1.25,-55.0,0.45
First-2,0.5,4.5,9.0,231,27,201,3,11.8,0.098,22.73,4.4,-0.5,0.094,1.23,-59.0,0.39
First-2,0.5,5.0,10.0,231,26,202,3,11.4,0.133,30.73,4.88,-0.5,0.129,1.3,-58.5,0.53
First-2,0.5,5.5,11.0,231,24,203,4,10.6,0.151,34.79,5.24,-0.5,0.146,1.34,-58.5,0.59
First-2,0.5,6.0,12.0,231,23,204,4,10.1,0.174,40.29,5.69,-0.5,0.17,1.4,-58.0,0.69
First-2,0.5,6.5,13.0,231,21,206,4,9.3,0.164,37.79,6.12,-0.5,0.159,1.37,-57.5,0.66
First-2,0.5,7.0,14.0,231,17,210,4,7.5,0.079,18.29,6.49,-0.5,0.075,1.17,-59.5,0.31
First-2,0.5,7.5,15.0,231,16,210,5,7.1,0.092,21.29,6.65,-0.5,0.088,1.2,-59.0,0.36
First-2,0.5,8.0,16.0,231,15,211,5,6.6,0.09,20.79,7.02,-0.5,0.086,1.2,-66.0,0.32
First-2,0.5,8.5,17.0,231,13,213,5,5.8,0.045,10.29,7.3,-0.5,0.04,1.1,-65.5,0.16
First-2,0.5,9.0,18.0,231,12,214,5,5.3,0.032,7.29,7.62,-0.5,0.027,1.07,-68.5,0.11
First-2,0.5,9.5,19.0,231,11,215,5,4.9,0.014,3.29,7.91,-0.5,0.01,1.03,-69.5,0.05
First-2,0.5,10.0,20.0,231,11,215,5,4.9,0.038,8.79,8.31,-0.5,0.034,1.08,-69.0,0.13
First-2,0.5,10.5,21.0,231,9,217,5,4.0,-0.033,-7.71,8.4,-0.5,-0.038,0.93,-68.5,-0.11
First-2,0.5,11.0,22.0,231,6,220,5,2.7,-0.163,-37.71,8.03,-0.5,-0.168,0.66,-85.5,-0.44
First-2,0.5,11.5,23.0,231,6,220,5,2.7,-0.15,-34.71,8.37,-0.5,-0.155,0.68,-85.5,-0.41
First-2,0.5,12.0,24.0,231,6,220,5,2.7,-0.137,-31.71,8.7,-0.5,-0.142,0.71,-85.5,-0.37
First-2,0.5,12.5,25.0,231,6,220,5,2.7,-0.124,-28.71,9.03,-0.5,-0.129,0.74,-85.5,-0.34
First-2,0.5,13.0,26.0,231,6,220,5,2.7,-0.111,-25.71,9.37,-0.5,-0.116,0.77,-85.5,-0.3
First-2,0.5,13.5,27.0,231,6,220,5,2.7,-0.098,-22.71,9.7,-0.5,-0.103,0.79,-85.5,-0.27
First-2,0.5,14.0,28.0,231,4,220,7,1.8,-0.177,-40.98,7.67,-0.5,-0.182,0.63,-86.27,-0.48
First-2,0.5,14.5,29.0,231,4,220,7,1.8,-0.169,-38.98,7.89,-0.5,-0.173,0.65,-86.27,-0.45
First-2,0.5,15.0,30.0,231,4,220,7,1.8,-0.16,-36.98,8.11,-0.5,-0.164,0.66,-86.27,-0.43
First-2,0.75,1.0,1.33,231,87,130,2,40.1,-1.045,-241.44,1.04,-2.44,-1.066,0.28,-250.19,-0.97
First-2,0.75,1.5,2.0,231,71,152,2,31.8,-0.351,-81.1,1.53,-1.27,-0.362,0.59,-101.63,-0.8
First-2,0.75,2.0,2.67,231,61,168,2,26.6,-0.017,-4.0,2.0,-0.75,-0.024,0.97,-35.5,-0.11
First-2,0.75,2.5,3.33,231,51,178,2,22.3,-0.026,-6.0,2.5,-0.75,-0.032,0.96,-57.0,-0.11
First-2,0.75,3.0,4.0,231,44,185,2,19.2,-0.029,-6.75,3.0,-0.75,-0.036,0.95,-62.25,-0.11
First-2,0.75,3.5,4.67,231,44,185,2,19.2,0.066,15.25,3.5,-0.75,0.06,1.11,-58.0,0.26
First-2,0.75,4.0,5.33,231,43,186,2,18.8,0.141,32.5,4.0,-0.75,0.134,1.23,-54.5,0.6
First-2,0.75,4.5,6.0,231,37,191,3,16.2,0.108,24.98,4.43,-0.75,0.102,1.17,-61.5,0.41
First-2,0.75,5.0,6.67,231,36,192,3,15.8,0.163,37.73,4.91,-0.75,0.157,1.26,-59.0,0.64
First-2,0.75,5.5,7.33,231,34,193,4,15.0,0.201,46.54,5.31,-0.75,0.195,1.32,-57.25,0.81
First-2,0.75,6.0,8.0,231,32,195,4,14.1,0.217,50.04,5.77,-0.75,0.21,1.34,-61.5,0.81
First-2,0.75,6.5,8.67,231,29,198,4,12.8,0.192,44.29,6.22,-0.75,0.185,1.3,-59.5,0.74
First-2,0.75,7.0,9.33,231,25,202,4,11.0,0.12,27.79,6.64,-0.75,0.114,1.18,-61.25,0.45
First-2,0.75,7.5,10.0,231,24,202,5,10.6,0.151,34.79,6.9,-0.75,0.144,1.23,-59.25,0.59
First-2,0.75,8.0,10.67,231,23,203,5,10.2,0.165,38.04,7.32,-0.75,0.158,1.25,-64.75,0.59
First-2,0.75,8.5,11.33,231,20,206,5,8.8,0.094,21.79,7.66,-0.75,0.088,1.14,-72.0,0.3
First-2,0.75,9.0,12.0,231,17,209,5,7.5,0.011,2.54,7.96,-0.75,0.005,1.02,-80.25,0.03
First-2,0.75,9.5,12.67,231,16,210,5,7.1,0.003,0.79,8.33,-0.75,-0.003,1.01,-79.25,0.01
First-2,0.75,10.0,13.33,231,14,212,5,6.2,-0.055,-12.71,8.61,-0.75,-0.062,0.92,-91.75,-0.14
First-2,0.75,10.5,14.0,231,10,216,5,4.4,-0.22,-50.71,8.56,-0.75,-0.226,0.69,-108.0,-0.47
First-2,0.75,11.0,14.67,231,7,219,5,3.1,-0.35,-80.96,8.33,-0.75,-0.357,0.51,-128.25,-0.63
First-2,0.75,11.5,15.33,231,7,219,5,3.1,-0.335,-77.46,8.68,-0.75,-0.342,0.53,-128.25,-0.6
First-2,0.75,12.0,16.0,231,7,219,5,3.1,-0.32,-73.96,9.03,-0.75,-0.327,0.55,-128.25,-0.58
First-2,0.75,12.5,16.67,231,7,219,5,3.1,-0.305,-70.46,9.38,-0.75,-0.312,0.57,-128.25,-0.55
First-2,0.75,13.0,17.33,231,7,219,5,3.1,-0.29,-66.96,9.73,-0.75,-0.296,0.59,-128.25,-0.52
First-2,0.75,13.5,18.0,231,7,219,5,3.1,-0.275,-63.46,10.08,-0.75,-0.281,0.61,-128.25,-0.49
First-2,0.75,14.0,18.67,231,5,219,7,2.2,-0.352,-81.23,8.3,-0.75,-0.358,0.51,-133.77,-0.61
First-2,0.75,14.5,19.33,231,5,219,7,2.2,-0.341,-78.73,8.55,-0.75,-0.347,0.52,-133.77,-0.59
First-2,0.75,15.0,20.0,231,5,219,7,2.2,-0.33,-76.23,8.8,-0.75,-0.336,0.54,-133.77,-0.57
First-2,1.0,1.5,1.5,231,86,137,2,38.6,-0.533,-123.04,1.51,-1.84,-0.549,0.52,-135.04,-0.91
First-2,1.0,2.0,2.0,231,74,155,2,32.3,-0.03,-7.0,2.0,-1.0,-0.039,0.95,-43.0,-0.16
First-2,1.0,2.5,2.5,231,62,167,2,27.1,-0.052,-12.0,2.5,-1.0,-0.061,0.93,-71.0,-0.17
First-2,1.0,3.0,3.0,231,55,174,2,24.0,-0.039,-9.0,3.0,-1.0,-0.048,0.95,-75.0,-0.12
First-2,1.0,3.5,3.5,231,55,174,2,24.0,0.08,18.5,3.5,-1.0,0.071,1.11,-68.5,0.27
First-2,1.0,4.0,4.0,231,53,176,2,23.1,0.156,36.0,4.0,-1.0,0.147,1.2,-62.0,0.58
First-2,1.0,4.5,4.5,231,47,181,3,20.6,0.14,32.23,4.44,-1.0,0.131,1.18,-66.5,0.48
First-2,1.0,5.0,5.0,231,46,182,3,20.2,0.215,49.73,4.93,-1.0,0.207,1.27,-62.0,0.8
First-2,1.0,5.5,5.5,231,42,185,4,18.5,0.218,50.29,5.35,-1.0,0.209,1.27,-58.0,0.87
First-2,1.0,6.0,6.0,231,38,189,4,16.7,0.187,43.29,5.81,-1.0,0.179,1.23,-71.0,0.61
First-2,1.0,6.5,6.5,231,34,193,4,15.0,0.14,32.29,6.26,-1.0,0.131,1.17,-71.0,0.45
First-2,1.0,7.0,7.0,231,29,197,5,12.8,0.052,12.09,6.53,-1.0,0.044,1.06,-71.0,0.17
First-2,1.0,7.5,7.5,231,28,197,6,12.4,0.091,21.09,6.82,-1.0,0.083,1.11,-71.0,0.3
First-2,1.0,8.0,8.0,231,27,198,6,12.0,0.113,26.09,7.23,-1.0,0.104,1.13,-71.0,0.37
First-2,1.0,8.5,8.5,231,24,201,6,10.7,0.048,11.09,7.57,-1.0,0.039,1.06,-75.0,0.15
First-2,1.0,9.0,9.0,231,21,204,6,9.3,-0.03,-6.91,7.88,-1.0,-0.039,0.97,-82.0,-0.08
First-2,1.0,9.5,9.5,231,20,205,6,8.9,-0.03,-6.91,8.25,-1.0,-0.039,0.97,-79.5,-0.09
First-2,1.0,10.0,10.0,231,18,207,6,8.0,-0.082,-18.91,8.55,-1.0,-0.091,0.91,-94.0,-0.2
First-2,1.0,10.5,10.5,231,13,212,6,5.8,-0.292,-67.41,8.51,-1.0,-0.3,0.68,-112.0,-0.6
First-2,1.0,11.0,11.0,231,10,215,6,4.4,-0.42,-96.91,8.44,-1.0,-0.428,0.55,-134.0,-0.72
First-2,1.0,11.5,11.5,231,10,215,6,4.4,-0.398,-91.91,8.79,-1.0,-0.407,0.57,-132.5,-0.69
First-2,1.0,12.0,12.0,231,10,215,6,4.4,-0.376,-86.91,9.15,-1.0,-0.385,0.6,-131.0,-0.66
First-2,1.0,12.5,12.5,231,8,217,6,3.6,-0.471,-108.91,9.01,-1.0,-0.48,0.5,-156.5,-0.7
First-2,1.0,13.0,13.0,231,8,217,6,3.6,-0.454,-104.91,9.34,-1.0,-0.463,0.52,-156.0,-0.67
First-2,1.0,13.5,13.5,231,8,217,6,3.6,-0.437,-100.91,9.67,-1.0,-0.445,0.53,-155.5,-0.65
First-2,1.0,14.0,14.0,231,6,217,8,2.7,-0.512,-118.18,8.24,-1.0,-0.52,0.46,-163.47,-0.72
First-2,1.0,14.5,14.5,231,6,217,8,2.7,-0.499,-115.18,8.49,-1.0,-0.507,0.47,-162.97,-0.71
First-2,1.0,15.0,15.0,231,6,217,8,2.7,-0.486,-112.18,8.74,-1.0,-0.494,0.48,-162.47,-0.69
First-2,1.25,1.5,1.2,231,97,126,2,43.5,-0.543,-125.34,1.53,-2.16,-0.561,0.55,-132.55,-0.95
First-2,1.25,2.0,1.6,231,82,147,2,35.8,-0.085,-19.75,2.0,-1.25,-0.096,0.89,-49.0,-0.4
First-2,1.25,2.5,2.0,231,69,160,2,30.1,-0.119,-27.5,2.5,-1.25,-0.13,0.86,-81.25,-0.34
First-2,1.25,3.0,2.4,231,60,169,2,26.2,-0.135,-31.25,3.0,-1.25,-0.146,0.85,-92.5,-0.34
First-2,1.25,3.5,2.8,231,60,169,2,26.2,-0.005,-1.25,3.5,-1.25,-0.016,0.99,-85.0,-0.01
First-2,1.25,4.0,3.2,231,58,171,2,25.3,0.079,18.25,4.0,-1.25,0.068,1.09,-77.5,0.24
First-2,1.25,4.5,3.6,231,51,177,3,22.4,0.043,9.98,4.45,-1.25,0.032,1.05,-87.5,0.11
First-2,1.25,5.0,4.0,231,49,179,3,21.5,0.099,22.98,4.93,-1.25,0.089,1.1,-82.5,0.28
First-2,1.25,5.5,4.4,231,45,182,4,19.8,0.105,24.29,5.36,-1.25,0.094,1.11,-77.5,0.31
First-2,1.25,6.0,4.8,231,40,187,4,17.6,0.046,10.54,5.82,-1.25,0.035,1.05,-94.25,0.11
First-2,1.25,6.5,5.2,231,36,191,4,15.9,-0.002,-0.46,6.27,-1.25,-0.013,1.0,-93.25,-0.0
First-2,1.25,7.0,5.6,231,31,195,5,13.7,-0.089,-20.66,6.56,-1.25,-0.1,0.92,-99.0,-0.21
First-2,1.25,7.5,6.0,231,30,195,6,13.3,-0.046,-10.66,6.86,-1.25,-0.057,0.96,-95.0,-0.11
First-2,1.25,8.0,6.4,231,29,196,6,12.9,-0.021,-4.91,7.28,-1.25,-0.032,0.98,-100.25,-0.05
First-2,1.25,8.5,6.8,231,25,200,6,11.1,-0.127,-29.41,7.61,-1.25,-0.138,0.88,-106.5,-0.28
First-2,1.25,9.0,7.2,231,21,204,6,9.3,-0.251,-57.91,7.88,-1.25,-0.262,0.77,-117.16,-0.49
First-2,1.25,9.5,7.6,231,20,205,6,8.9,-0.252,-58.16,8.25,-1.25,-0.263,0.77,-112.66,-0.52
First-2,1.25,10.0,8.0,231,18,207,6,8.0,-0.306,-70.66,8.55,-1.25,-0.317,0.73,-130.66,-0.54
First-2,1.25,10.5,8.4,231,13,212,6,5.8,-0.521,-120.41,8.51,-1.25,-0.532,0.55,-150.5,-0.8
First-2,1.25,11.0,8.8,231,10,215,6,4.4,-0.652,-150.66,8.44,-1.25,-0.663,0.44,-180.0,-0.84
First-2,1.25,11.5,9.2,231,10,215,6,4.4,-0.631,-145.66,8.79,-1.25,-0.641,0.46,-177.5,-0.82
First-2,1.25,12.0,9.6,231,10,215,6,4.4,-0.609,-140.66,9.15,-1.25,-0.62,0.48,-175.0,-0.8
First-2,1.25,12.5,10.0,231,8,217,6,3.6,-0.706,-163.16,9.01,-1.25,-0.717,0.4,-200.0,-0.82
First-2,1.25,13.0,10.4,231,8,217,6,3.6,-0.689,-159.16,9.34,-1.25,-0.7,0.41,-198.5,-0.8
First-2,1.25,13.5,10.8,231,8,217,6,3.6,-0.672,-155.16,9.67,-1.25,-0.683,0.43,-197.75,-0.78
First-2,1.25,14.0,11.2,231,6,217,8,2.7,-0.746,-172.43,8.24,-1.25,-0.757,0.36,-211.18,-0.82
First-2,1.25,14.5,11.6,231,6,217,8,2.7,-0.733,-169.43,8.49,-1.25,-0.744,0.38,-210.68,-0.8
First-2,1.25,15.0,12.0,231,6,217,8,2.7,-0.72,-166.43,8.74,-1.25,-0.731,0.39,-210.18,-0.79
First-2,1.5,2.0,1.33,231,93,135,3,40.8,-0.076,-17.49,2.0,-1.5,-0.089,0.91,-49.5,-0.35
First-2,1.5,2.5,1.67,231,78,150,3,34.2,-0.134,-30.99,2.5,-1.5,-0.147,0.86,-96.5,-0.32
First-2,1.5,3.0,2.0,231,68,160,3,29.8,-0.16,-36.99,3.0,-1.5,-0.173,0.85,-94.5,-0.39
First-2,1.5,3.5,2.33,231,68,160,3,29.8,-0.013,-2.99,3.5,-1.5,-0.026,0.99,-92.5,-0.03
First-2,1.5,4.0,2.67,231,66,162,3,28.9,0.087,20.01,4.0,-1.5,0.074,1.08,-90.5,0.22
First-2,1.5,4.5,3.0,231,59,168,4,26.0,0.062,14.24,4.45,-1.5,0.049,1.06,-90.0,0.16
First-2,1.5,5.0,3.33,231,55,172,4,24.2,0.077,17.74,4.94,-1.5,0.064,1.07,-92.5,0.19
First-2,1.5,5.5,3.67,231,47,179,5,20.8,-0.029,-6.7,5.36,-1.5,-0.042,0.98,-104.0,-0.06
First-2,1.5,6.0,4.0,231,42,184,5,18.6,-0.09,-20.7,5.82,-1.5,-0.103,0.93,-121.5,-0.17
First-2,1.5,6.5,4.33,231,38,188,5,16.8,-0.137,-31.7,6.28,-1.5,-0.15,0.89,-121.0,-0.26
First-2,1.5,7.0,4.67,231,33,192,6,14.7,-0.225,-51.9,6.59,-1.5,-0.238,0.82,-130.0,-0.4
First-2,1.5,7.5,5.0,231,32,192,7,14.3,-0.177,-40.9,6.89,-1.5,-0.19,0.86,-126.0,-0.32
First-2,1.5,8.0,5.33,231,30,194,7,13.4,-0.19,-43.9,7.3,-1.5,-0.203,0.85,-131.5,-0.33
First-2,1.5,8.5,5.67,231,26,197,8,11.7,-0.294,-67.97,7.64,-1.49,-0.307,0.77,-141.47,-0.48
First-2,1.5,9.0,6.0,231,22,200,9,9.9,-0.415,-95.86,7.93,-1.49,-0.428,0.68,-155.86,-0.62
First-2,1.5,9.5,6.33,231,22,200,9,9.9,-0.367,-84.86,8.35,-1.49,-0.38,0.72,-151.36,-0.56
First-2,1.5,10.0,6.67,231,20,202,9,9.0,-0.419,-96.86,8.67,-1.49,-0.432,0.68,-169.86,-0.57
First-2,1.5,10.5,7.0,231,15,207,9,6.8,-0.636,-146.86,8.72,-1.49,-0.649,0.53,-187.36,-0.78
First-2,1.5,11.0,7.33,231,12,210,9,5.4,-0.766,-176.86,8.76,-1.49,-0.779,0.44,-203.86,-0.87
First-2,1.5,11.5,7.67,231,12,210,9,5.4,-0.74,-170.86,9.13,-1.49,-0.753,0.46,-199.36,-0.86
First-2,1.5,12.0,8.0,231,12,210,9,5.4,-0.714,-164.86,9.51,-1.49,-0.727,0.48,-194.86,-0.85
First-2,1.5,12.5,8.33,231,10,212,9,4.5,-0.809,-186.86,9.51,-1.49,-0.822,0.42,-218.36,-0.86
First-2,1.5,13.0,8.67,231,10,212,9,4.5,-0.787,-181.86,9.86,-1.49,-0.8,0.43,-216.46,-0.84
First-2,1.5,13.5,9.0,231,10,212,9,4.5,-0.766,-176.86,10.22,-1.49,-0.779,0.45,-215.46,-0.82
First-2,1.5,14.0,9.33,231,8,212,11,3.6,-0.836,-193.13,9.06,-1.49,-0.849,0.4,-234.13,-0.82
First-2,1.5,14.5,9.67,231,8,212,11,3.6,-0.819,-189.13,9.34,-1.49,-0.832,0.41,-233.63,-0.81
First-2,1.5,15.0,10.0,231,8,212,11,3.6,-0.801,-185.13,9.63,-1.49,-0.814,0.42,-233.13,-0.79
First-2,1.75,2.0,1.14,231,96,131,4,42.3,-0.165,-38.18,1.98,-1.74,-0.18,0.83,-60.0,-0.64
First-2,1.75,2.5,1.43,231,80,147,4,35.2,-0.252,-58.18,2.47,-1.74,-0.267,0.77,-114.25,-0.51
First-2,1.75,3.0,1.71,231,71,156,4,31.3,-0.264,-60.93,2.96,-1.75,-0.279,0.78,-114.25,-0.53
First-2,1.75,3.5,2.0,231,71,156,4,31.3,-0.11,-25.43,3.45,-1.75,-0.125,0.91,-110.25,-0.23
First-2,1.75,4.0,2.29,231,69,158,4,30.4,-0.006,-1.43,3.94,-1.75,-0.021,0.99,-108.25,-0.01
First-2,1.75,4.5,2.57,231,62,164,5,27.4,-0.031,-7.2,4.39,-1.75,-0.046,0.97,-108.0,-0.07
First-2,1.75,5.0,2.86,231,58,168,5,25.7,-0.014,-3.2,4.86,-1.75,-0.029,0.99,-111.25,-0.03
First-2,1.75,5.5,3.14,231,50,175,6,22.2,-0.121,-27.89,5.27,-1.75,-0.136,0.91,-124.5,-0.22
First-2,1.75,6.0,3.43,231,45,180,6,20.0,-0.18,-41.64,5.72,-1.75,-0.195,0.87,-141.25,-0.29
First-2,1.75,6.5,3.71,231,41,184,6,18.2,-0.226,-52.14,6.16,-1.75,-0.241,0.84,-140.5,-0.37
First-2,1.75,7.0,4.0,231,36,188,7,16.1,-0.311,-71.84,6.45,-1.75,-0.326,0.78,-152.25,-0.47
First-2,1.75,7.5,4.29,231,35,188,8,15.7,-0.257,-59.34,6.77,-1.75,-0.272,0.82,-147.75,-0.4
First-2,1.75,8.0,4.57,231,33,190,8,14.8,-0.266,-61.34,7.16,-1.75,-0.281,0.82,-153.0,-0.4
First-2,1.75,8.5,4.86,231,29,193,9,13.1,-0.366,-84.66,7.49,-1.74,-0.382,0.75,-169.66,-0.5
First-2,1.75,9.0,5.14,231,25,196,10,11.3,-0.484,-111.8,7.77,-1.73,-0.499,0.68,-183.8,-0.61
First-2,1.75,9.5,5.43,231,25,196,10,11.3,-0.43,-99.3,8.19,-1.73,-0.445,0.71,-178.8,-0.56
First-2,1.75,10.0,5.71,231,23,198,10,10.4,-0.477,-110.3,8.51,-1.73,-0.492,0.68,-197.3,-0.56
First-2,1.75,10.5,6.0,231,18,203,10,8.1,-0.693,-160.05,8.57,-1.73,-0.708,0.55,-216.05,-0.74
First-2,1.75,11.0,6.29,231,15,206,10,6.8,-0.819,-189.3,8.66,-1.73,-0.834,0.48,-240.8,-0.79
First-2,1.75,11.5,6.57,231,15,206,10,6.8,-0.787,-181.8,9.03,-1.73,-0.802,0.5,-235.8,-0.77
First-2,1.75,12.0,6.86,231,15,206,10,6.8,-0.755,-174.3,9.41,-1.73,-0.77,0.52,-230.8,-0.76
First-2,1.75,12.5,7.14,231,13,208,10,5.9,-0.845,-195.3,9.48,-1.73,-0.86,0.47,-254.3,-0.77
First-2,1.75,13.0,7.43,231,13,208,10,5.9,-0.817,-188.8,9.84,-1.73,-0.832,0.48,-250.3,-0.75
First-2,1.75,13.5,7.71,231,13,208,10,5.9,-0.789,-182.3,10.2,-1.73,-0.804,0.5,-246.3,-0.74
First-2,1.75,14.0,8.0,231,11,208,12,5.0,-0.853,-197.07,9.38,-1.73,-0.868,0.46,-263.57,-0.75
First-2,1.75,14.5,8.29,231,11,208,12,5.0,-0.829,-191.57,9.69,-1.73,-0.844,0.48,-260.57,-0.74
First-2,1.75,15.0,8.57,231,10,209,12,4.6,-0.878,-202.82,9.7,-1.73,-0.893,0.45,-275.57,-0.74
First-2,2.0,2.5,1.25,231,86,141,4,37.9,-0.294,-67.93,2.47,-1.99,-0.311,0.76,-123.0,-0.55
First-2,2.0,3.0,1.5,231,77,150,4,33.9,-0.303,-69.93,2.96,-1.99,-0.32,0.77,-125.0,-0.56
First-2,2.0,3.5,1.75,231,76,151,4,33.5,-0.16,-36.93,3.46,-1.99,-0.177,0.88,-117.0,-0.32
First-2,2.0,4.0,2.0,231,74,153,4,32.6,-0.047,-10.93,3.95,-1.99,-0.065,0.96,-114.0,-0.1
First-2,2.0,4.5,2.25,231,67,159,5,29.6,-0.068,-15.7,4.4,-1.99,-0.085,0.95,-113.0,-0.14
First-2,2.0,5.0,2.5,231,63,163,5,27.9,-0.044,-10.2,4.87,-1.99,-0.061,0.97,-116.0,-0.09
First-2,2.0,5.5,2.75,231,54,171,6,24.0,-0.18,-41.64,5.29,-1.99,-0.198,0.88,-139.5,-0.3
First-2,2.0,6.0,3.0,231,48,177,6,21.3,-0.271,-62.64,5.73,-1.99,-0.288,0.82,-170.0,-0.37
First-2,2.0,6.5,3.25,231,44,181,6,19.6,-0.314,-72.64,6.18,-1.99,-0.332,0.8,-171.5,-0.42
First-2,2.0,7.0,3.5,231,39,185,7,17.4,-0.398,-91.84,6.49,-1.99,-0.415,0.75,-183.0,-0.5
First-2,2.0,7.5,3.75,231,38,185,8,17.0,-0.337,-77.84,6.82,-1.99,-0.354,0.79,-178.5,-0.44
First-2,2.0,8.0,4.0,231,36,187,8,16.1,-0.341,-78.84,7.22,-1.99,-0.359,0.79,-184.0,-0.43
First-2,2.0,8.5,4.25,231,32,189,10,14.5,-0.434,-100.34,7.57,-1.98,-0.452,0.74,-197.84,-0.51
First-2,2.0,9.0,4.5,231,29,191,11,13.2,-0.501,-115.73,7.92,-1.97,-0.518,0.7,-211.73,-0.55
First-2,2.0,9.5,4.75,231,29,191,11,13.2,-0.438,-101.23,8.34,-1.97,-0.455,0.74,-206.23,-0.49
First-2,2.0,10.0,5.0,231,26,194,11,11.8,-0.531,-122.73,8.65,-1.97,-0.548,0.69,-224.73,-0.55
First-2,2.0,10.5,5.25,231,20,199,12,9.1,-0.759,-175.31,8.68,-1.97,-0.776,0.56,-239.81,-0.73
First-2,2.0,11.0,5.5,231,17,202,12,7.8,-0.884,-204.31,8.81,-1.98,-0.902,0.5,-255.31,-0.8
First-2,2.0,11.5,5.75,231,17,202,12,7.8,-0.848,-195.81,9.18,-1.98,-0.865,0.52,-249.31,-0.79
First-2,2.0,12.0,6.0,231,17,202,12,7.8,-0.811,-187.31,9.55,-1.98,-0.828,0.54,-243.31,-0.77
First-2,2.0,12.5,6.25,231,15,204,12,6.8,-0.9,-207.81,9.67,-1.98,-0.917,0.49,-269.31,-0.77
First-2,2.0,13.0,6.5,231,15,204,12,6.8,-0.867,-200.31,10.03,-1.98,-0.884,0.51,-267.89,-0.75
First-2,2.0,13.5,6.75,231,15,204,12,6.8,-0.835,-192.81,10.38,-1.98,-0.852,0.53,-266.89,-0.72
First-2,2.0,14.0,7.0,231,13,204,14,6.0,-0.894,-206.58,9.73,-1.98,-0.911,0.5,-284.58,-0.73
First-2,2.0,14.5,7.25,231,13,204,14,6.0,-0.866,-200.08,10.04,-1.98,-0.883,0.51,-283.58,-0.71
First-2,2.0,15.0,7.5,231,12,205,14,5.5,-0.912,-210.58,10.11,-1.98,-0.929,0.49,-299.58,-0.7
First-2,2.25,2.5,1.11,231,91,136,4,40.1,-0.344,-79.43,2.47,-2.24,-0.363,0.74,-135.5,-0.59
First-2,2.25,3.0,1.33,231,83,144,4,36.6,-0.329,-75.93,2.96,-2.24,-0.348,0.77,-134.25,-0.57
First-2,2.25,3.5,1.56,231,82,145,4,36.1,-0.174,-40.18,3.46,-2.24,-0.193,0.88,-128.5,-0.31
First-2,2.25,4.0,1.78,231,80,147,4,35.2,-0.051,-11.68,3.95,-2.24,-0.07,0.96,-125.0,-0.09
First-2,2.25,4.5,2.0,231,73,153,5,32.3,-0.065,-14.95,4.4,-2.24,-0.084,0.96,-123.75,-0.12
First-2,2.25,5.0,2.22,231,69,157,5,30.5,-0.032,-7.45,4.88,-2.24,-0.052,0.98,-127.0,-0.06
First-2,2.25,5.5,2.44,231,58,167,6,25.8,-0.231,-53.39,5.3,-2.24,-0.251,0.86,-162.25,-0.33
First-2,2.25,6.0,2.67,231,53,172,6,23.6,-0.284,-65.64,5.76,-2.24,-0.304,0.83,-185.25,-0.35
First-2,2.25,6.5,2.89,231,48,177,6,21.3,-0.359,-82.89,6.2,-2.24,-0.378,0.79,-194.75,-0.43
First-2,2.25,7.0,3.11,231,43,181,7,19.2,-0.438,-101.09,6.54,-2.24,-0.457,0.75,-206.25,-0.49
First-2,2.25,7.5,3.33,231,42,181,8,18.8,-0.368,-85.09,6.88,-2.24,-0.388,0.79,-200.25,-0.42
First-2,2.25,8.0,3.56,231,40,183,8,17.9,-0.366,-84.59,7.29,-2.24,-0.386,0.8,-204.75,-0.41
First-2,2.25,8.5,3.78,231,36,185,10,16.3,-0.453,-104.59,7.66,-2.23,-0.472,0.75,-214.0,-0.49
First-2,2.25,9.0,4.0,231,32,188,11,14.5,-0.562,-129.73,8.0,-2.22,-0.581,0.7,-240.39,-0.54
First-2,2.25,9.5,4.22,231,32,188,11,14.5,-0.492,-113.73,8.44,-2.22,-0.512,0.73,-236.39,-0.48
First-2,2.25,10.0,4.44,231,29,191,11,13.2,-0.582,-134.48,8.77,-2.22,-0.601,0.69,-256.89,-0.52
First-2,2.25,10.5,4.67,231,21,196,14,9.7,-0.836,-193.12,8.65,-2.22,-0.855,0.56,-271.14,-0.71
First-2,2.25,11.0,4.89,231,18,199,14,8.3,-0.963,-222.37,8.78,-2.22,-0.982,0.51,-286.89,-0.78
First-2,2.25,11.5,5.11,231,18,199,14,8.3,-0.924,-213.37,9.13,-2.22,-0.943,0.53,-283.89,-0.75
First-2,2.25,12.0,5.33,231,18,199,14,8.3,-0.885,-204.37,9.47,-2.22,-0.904,0.55,-280.89,-0.73
First-2,2.25,12.5,5.56,231,16,201,14,7.4,-0.973,-224.87,9.59,-2.22,-0.993,0.51,-307.39,-0.73
First-2,2.25,13.0,5.78,231,16,201,14,7.4,-0.939,-216.87,9.93,-2.22,-0.958,0.52,-305.39,-0.71
First-2,2.25,13.5,6.0,231,16,201,14,7.4,-0.904,-208.87,10.26,-2.22,-0.923,0.54,-303.39,-0.69
First-2,2.25,14.0,6.22,231,14,201,16,6.5,-0.962,-222.14,9.71,-2.22,-0.981,0.51,-306.89,-0.72
First-2,2.25,14.5,6.44,231,14,201,16,6.5,-0.931,-215.14,10.0,-2.22,-0.951,0.53,-305.89,-0.7
First-2,2.25,15.0,6.67,231,13,202,16,6.0,-0.976,-225.39,10.09,-2.22,-0.995,0.51,-322.14,-0.7
First-2,2.5,3.0,1.2,231,92,135,4,40.5,-0.27,-62.43,2.97,-2.49,-0.292,0.82,-143.5,-0.44
First-2,2.5,3.5,1.4,231,91,136,4,40.1,-0.097,-22.43,3.46,-2.49,-0.119,0.93,-139.5,-0.16
First-2,2.5,4.0,1.6,231,88,139,4,38.8,0.015,3.57,3.96,-2.49,-0.006,1.01,-135.5,0.03
First-2,2.5,4.5,1.8,231,80,146,5,35.4,-0.018,-4.2,4.41,-2.49,-0.04,0.99,-134.5,-0.03
First-2,2.5,5.0,2.0,231,76,150,5,33.6,0.025,5.8,4.89,-2.49,0.004,1.02,-137.5,0.04
First-2,2.5,5.5,2.2,231,65,160,6,28.9,-0.169,-39.14,5.32,-2.49,-0.191,0.9,-170.0,-0.23
First-2,2.5,6.0,2.4,231,60,165,6,26.7,-0.213,-49.14,5.78,-2.49,-0.234,0.88,-194.0,-0.25
First-2,2.5,6.5,2.6,231,55,170,6,24.4,-0.278,-64.14,6.24,-2.49,-0.299,0.85,-204.0,-0.31
First-2,2.5,7.0,2.8,231,50,174,7,22.3,-0.346,-79.84,6.6,-2.49,-0.367,0.82,-216.0,-0.37
First-2,2.5,7.5,3.0,231,49,174,8,22.0,-0.261,-60.34,6.96,-2.49,-0.283,0.86,-210.0,-0.29
First-2,2.5,8.0,3.2,231,47,176,8,21.1,-0.246,-56.84,7.39,-2.49,-0.268,0.87,-214.5,-0.26
First-2,2.5,8.5,3.4,231,43,178,10,19.5,-0.32,-73.84,7.78,-2.47,-0.341,0.83,-220.0,-0.34
First-2,2.5,9.0,3.6,231,37,182,12,16.9,-0.506,-116.88,8.12,-2.45,-0.527,0.74,-261.04,-0.45
First-2,2.5,9.5,3.8,231,35,184,12,16.0,-0.53,-122.38,8.52,-2.45,-0.551,0.74,-256.54,-0.48
First-2,2.5,10.0,4.0,231,32,187,12,14.6,-0.616,-142.38,8.87,-2.45,-0.638,0.7,-277.04,-0.51
First-2,2.5,10.5,4.2,231,24,192,15,11.1,-0.869,-200.77,8.82,-2.45,-0.89,0.58,-291.54,-0.69
First-2,2.5,11.0,4.4,231,21,195,15,9.7,-0.993,-229.27,9.01,-2.45,-1.014,0.53,-312.54,-0.73
First-2,2.5,11.5,4.6,231,21,195,15,9.7,-0.947,-218.77,9.37,-2.45,-0.968,0.55,-307.04,-0.71
First-2,2.5,12.0,4.8,231,21,195,15,9.7,-0.902,-208.27,9.73,-2.45,-0.923,0.58,-303.04,-0.69
First-2,2.5,12.5,5.0,231,19,197,15,8.8,-0.986,-227.77,9.92,-2.45,-1.007,0.54,-329.54,-0.69
First-2,2.5,13.0,5.2,231,19,197,15,8.8,-0.945,-218.27,10.27,-2.45,-0.966,0.56,-327.04,-0.67
First-2,2.5,13.5,5.4,231,19,197,15,8.8,-0.904,-208.77,10.62,-2.45,-0.925,0.58,-324.54,-0.64
First-2,2.5,14.0,5.6,231,17,197,17,7.9,-0.955,-220.54,10.18,-2.45,-0.976,0.55,-331.04,-0.67
First-2,2.5,14.5,5.8,231,17,197,17,7.9,-0.918,-212.04,10.5,-2.45,-0.939,0.57,-328.54,-0.65
First-2,2.5,15.0,6.0,231,16,198,17,7.5,-0.957,-221.04,10.65,-2.45,-0.978,0.56,-343.54,-0.64
First-2,2.75,3.0,1.09,231,95,132,4,41.9,-0.342,-78.93,2.97,-2.74,-0.365,0.78,-148.75,-0.53
First-2,2.75,3.5,1.27,231,94,133,4,41.4,-0.163,-37.68,3.46,-2.74,-0.187,0.9,-143.75,-0.26
First-2,2.75,4.0,1.45,231,91,136,4,40.1,-0.047,-10.93,3.96,-2.74,-0.071,0.97,-138.75,-0.08
First-2,2.75,4.5,1.64,231,83,143,5,36.7,-0.082,-18.95,4.42,-2.74,-0.106,0.95,-137.5,-0.14
First-2,2.75,5.0,1.82,231,79,147,5,35.0,-0.037,-8.45,4.9,-2.74,-0.06,0.98,-143.25,-0.06
First-2,2.75,5.5,2.0,231,67,158,6,29.8,-0.271,-62.64,5.33,-2.74,-0.295,0.86,-189.75,-0.33
First-2,2.75,6.0,2.18,231,61,164,6,27.1,-0.353,-81.64,5.79,-2.74,-0.377,0.82,-223.0,-0.37
First-2,2.75,6.5,2.36,231,56,169,6,24.9,-0.422,-97.39,6.24,-2.74,-0.445,0.79,-233.5,-0.42
First-2,2.75,7.0,2.55,231,51,173,7,22.8,-0.492,-113.59,6.6,-2.74,-0.515,0.76,-246.0,-0.46
First-2,2.75,7.5,2.73,231,50,173,8,22.4,-0.405,-93.59,6.97,-2.74,-0.429,0.8,-240.0,-0.39
First-2,2.75,8.0,2.91,231,48,175,8,21.5,-0.39,-90.09,7.4,-2.74,-0.414,0.81,-244.75,-0.37
First-2,2.75,8.5,3.09,231,44,177,10,19.9,-0.464,-107.09,7.8,-2.72,-0.487,0.78,-250.5,-0.43
First-2,2.75,9.0,3.27,231,37,182,12,16.9,-0.703,-162.38,8.12,-2.69,-0.726,0.68,-295.04,-0.55
First-2,2.75,9.5,3.45,231,35,184,12,16.0,-0.729,-168.38,8.52,-2.69,-0.752,0.67,-290.54,-0.58
First-2,2.75,10.0,3.64,231,32,187,12,14.6,-0.819,-189.13,8.87,-2.69,-0.842,0.63,-311.54,-0.61
First-2,2.75,10.5,3.82,231,24,192,15,11.1,-1.077,-248.77,8.82,-2.7,-1.1,0.53,-326.79,-0.76
First-2,2.75,11.0,4.0,231,21,195,15,9.7,-1.204,-278.02,9.01,-2.7,-1.227,0.48,-356.79,-0.78
First-2,2.75,11.5,4.18,231,21,195,15,9.7,-1.158,-267.52,9.37,-2.7,-1.181,0.5,-350.79,-0.76
First-2,2.75,12.0,4.36,231,21,195,15,9.7,-1.113,-257.02,9.73,-2.7,-1.136,0.52,-344.79,-0.75
First-2,2.75,12.5,4.55,231,19,197,15,8.8,-1.199,-277.02,9.92,-2.7,-1.223,0.49,-369.54,-0.75
First-2,2.75,13.0,4.73,231,19,197,15,8.8,-1.158,-267.52,10.27,-2.7,-1.181,0.51,-366.04,-0.73
First-2,2.75,13.5,4.91,231,19,197,15,8.8,-1.117,-258.02,10.62,-2.7,-1.14,0.53,-363.54,-0.71
First-2,2.75,14.0,5.09,231,17,197,17,7.9,-1.168,-269.79,10.18,-2.7,-1.191,0.5,-374.54,-0.72
First-2,2.75,14.5,5.27,231,17,197,17,7.9,-1.131,-261.29,10.5,-2.7,-1.154,0.52,-372.04,-0.7
First-2,2.75,15.0,5.45,231,16,198,17,7.5,-1.171,-270.54,10.65,-2.7,-1.195,0.51,-387.29,-0.7
First-2,3.0,3.5,1.17,231,104,122,5,46.0,-0.02,-4.58,3.47,-2.97,-0.046,0.99,-140.0,-0.03
First-2,3.0,4.0,1.33,231,99,127,5,43.8,0.054,12.42,3.96,-2.97,0.028,1.03,-136.0,0.09
First-2,3.0,4.5,1.5,231,91,134,6,40.4,0.029,6.65,4.42,-2.98,0.003,1.02,-133.5,0.05
First-2,3.0,5.0,1.67,231,86,139,6,38.2,0.053,12.15,4.91,-2.98,0.027,1.03,-145.0,0.08
First-2,3.0,5.5,1.83,231,74,150,7,33.0,-0.179,-41.29,5.34,-2.98,-0.205,0.91,-200.5,-0.21
First-2,3.0,6.0,2.0,231,66,158,7,29.5,-0.33,-76.29,5.8,-2.98,-0.356,0.84,-252.0,-0.3
First-2,3.0,6.5,2.17,231,61,163,7,27.2,-0.393,-90.79,6.26,-2.98,-0.419,0.82,-263.0,-0.35
First-2,3.0,7.0,2.33,231,56,167,8,25.1,-0.457,-105.49,6.64,-2.98,-0.482,0.79,-276.0,-0.38
First-2,3.0,7.5,2.5,231,54,168,9,24.3,-0.405,-93.49,7.0,-2.98,-0.431,0.82,-270.0,-0.35
First-2,3.0,8.0,2.67,231,51,171,9,23.0,-0.431,-99.49,7.43,-2.98,-0.456,0.81,-275.0,-0.36
First-2,3.0,8.5,2.83,231,45,173,13,20.6,-0.58,-133.9,7.81,-2.93,-0.605,0.74,-281.0,-0.48
First-2,3.0,9.0,3.0,231,38,178,15,17.6,-0.822,-189.94,8.14,-2.9,-0.847,0.65,-324.45,-0.59
First-2,3.0,9.5,3.17,231,35,180,16,16.3,-0.861,-198.85,8.47,-2.9,-0.886,0.64,-319.95,-0.62
First-2,3.0,10.0,3.33,231,32,183,16,14.9,-0.954,-220.35,8.81,-2.91,-0.979,0.6,-341.45,-0.65
First-2,3.0,10.5,3.5,231,24,188,19,11.3,-1.217,-281.24,8.75,-2.91,-1.243,0.51,-361.95,-0.78
First-2,3.0,11.0,3.67,231,21,191,19,9.9,-1.347,-311.24,8.93,-2.91,-1.373,0.46,-396.45,-0.79
First-2,3.0,11.5,3.83,231,21,191,19,9.9,-1.302,-300.74,9.28,-2.91,-1.327,0.48,-390.45,-0.77
First-2,3.0,12.0,4.0,231,21,191,19,9.9,-1.256,-290.24,9.63,-2.91,-1.282,0.5,-384.45,-0.75
First-2,3.0,12.5,4.17,231,19,193,19,9.0,-1.345,-310.74,9.8,-2.91,-1.37,0.47,-409.45,-0.76
First-2,3.0,13.0,4.33,231,19,193,19,9.0,-1.304,-301.24,10.14,-2.91,-1.329,0.49,-404.45,-0.74
First-2,3.0,13.5,4.5,231,19,193,19,9.0,-1.263,-291.74,10.48,-2.91,-1.288,0.5,-399.45,-0.73
First-2,3.0,14.0,4.67,231,17,193,21,8.1,-1.314,-303.51,10.06,-2.91,-1.339,0.48,-402.51,-0.75
First-2,3.0,14.5,4.83,231,17,193,21,8.1,-1.277,-295.01,10.36,-2.91,-1.302,0.5,-400.01,-0.74
First-2,3.0,15.0,5.0,231,16,194,21,7.6,-1.318,-304.51,10.5,-2.91,-1.343,0.48,-415.51,-0.73
First-2,3.25,3.5,1.08,231,111,115,5,49.1,0.053,12.17,3.47,-3.22,0.025,1.03,-147.25,0.08
First-2,3.25,4.0,1.23,231,106,120,5,46.9,0.136,31.42,3.96,-3.22,0.108,1.08,-142.75,0.22
First-2,3.25,4.5,1.38,231,94,131,6,41.8,-0.016,-3.6,4.42,-3.22,-0.043,0.99,-146.0,-0.02
First-2,3.25,5.0,1.54,231,89,136,6,39.6,0.009,2.15,4.91,-3.22,-0.019,1.0,-150.25,0.01
First-2,3.25,5.5,1.69,231,77,147,7,34.4,-0.227,-52.54,5.35,-3.22,-0.255,0.89,-201.5,-0.26
First-2,3.25,6.0,1.85,231,68,156,7,30.4,-0.421,-97.29,5.81,-3.23,-0.449,0.81,-262.5,-0.37
First-2,3.25,6.5,2.0,231,63,161,7,28.1,-0.485,-112.04,6.27,-3.23,-0.513,0.79,-273.0,-0.41
First-2,3.25,7.0,2.15,231,58,164,9,26.1,-0.545,-125.78,6.65,-3.22,-0.572,0.77,-285.5,-0.44
First-2,3.25,7.5,2.31,231,56,165,10,25.3,-0.489,-113.03,7.02,-3.22,-0.517,0.79,-278.5,-0.41
First-2,3.25,8.0,2.46,231,53,168,10,24.0,-0.514,-118.78,7.45,-3.22,-0.542,0.78,-282.75,-0.42
First-2,3.25,8.5,2.62,231,47,170,14,21.7,-0.661,-152.69,7.84,-3.17,-0.688,0.73,-288.0,-0.53
First-2,3.25,9.0,2.77,231,40,175,16,18.6,-0.905,-208.98,8.18,-3.14,-0.932,0.64,-332.49,-0.63
First-2,3.25,9.5,2.92,231,37,177,17,17.3,-0.941,-217.39,8.52,-3.14,-0.968,0.63,-326.99,-0.66
First-2,3.25,10.0,3.08,231,33,181,17,15.4,-1.09,-251.89,8.84,-3.14,-1.118,0.58,-361.24,-0.7
First-2,3.25,10.5,3.23,231,25,186,20,11.8,-1.357,-313.53,8.8,-3.14,-1.384,0.49,-390.24,-0.8
First-2,3.25,11.0,3.38,231,22,189,20,10.4,-1.488,-343.78,9.0,-3.14,-1.515,0.45,-424.99,-0.81
First-2,3.25,11.5,3.54,231,22,189,20,10.4,-1.441,-332.78,9.35,-3.14,-1.468,0.47,-418.49,-0.8
First-2,3.25,12.0,3.69,231,22,189,20,10.4,-1.393,-321.78,9.7,-3.14,-1.42,0.48,-411.99,-0.78
First-2,3.25,12.5,3.85,231,20,191,20,9.5,-1.482,-342.28,9.89,-3.15,-1.509,0.46,-436.99,-0.78
First-2,3.25,13.0,4.0,231,20,191,20,9.5,-1.438,-332.28,10.24,-3.15,-1.466,0.47,-431.49,-0.77
First-2,3.25,13.5,4.15,231,20,191,20,9.5,-1.395,-322.28,10.58,-3.15,-1.422,0.49,-425.99,-0.76
First-2,3.25,14.0,4.31,231,17,192,22,8.1,-1.519,-350.8,10.06,-3.15,-1.546,0.45,-448.8,-0.78
First-2,3.25,14.5,4.46,231,17,192,22,8.1,-1.482,-342.3,10.36,-3.15,-1.509,0.46,-443.8,-0.77
First-2,3.25,15.0,4.62,231,16,193,22,7.7,-1.524,-352.05,10.5,-3.15,-1.551,0.45,-457.8,-0.77
First-2,3.5,4.0,1.14,231,112,114,5,49.6,0.201,46.42,3.97,-3.46,0.171,1.12,-141.5,0.33
First-2,3.5,4.5,1.29,231,98,127,6,43.6,-0.019,-4.35,4.43,-3.47,-0.049,0.99,-160.0,-0.03
First-2,3.5,5.0,1.43,231,93,132,6,41.3,0.009,2.15,4.91,-3.47,-0.021,1.0,-165.0,0.01
First-2,3.5,5.5,1.57,231,81,143,7,36.2,-0.231,-53.29,5.36,-3.47,-0.261,0.89,-201.0,-0.27
First-2,3.5,6.0,1.71,231,72,152,7,32.1,-0.425,-98.29,5.82,-3.47,-0.456,0.82,-262.5,-0.37
First-2,3.5,6.5,1.86,231,67,157,7,29.9,-0.486,-112.29,6.28,-3.47,-0.516,0.8,-272.0,-0.41
First-2,3.5,7.0,2.0,231,62,160,9,27.9,-0.54,-124.78,6.67,-3.47,-0.57,0.78,-283.5,-0.44
First-2,3.5,7.5,2.14,231,60,161,10,27.1,-0.477,-110.28,7.05,-3.47,-0.507,0.81,-275.0,-0.4
First-2,3.5,8.0,2.29,231,57,164,10,25.8,-0.497,-114.78,7.49,-3.47,-0.527,0.8,-278.0,-0.41
First-2,3.5,8.5,2.43,231,51,166,14,23.5,-0.637,-147.19,7.89,-3.4,-0.667,0.75,-282.0,-0.52
First-2,3.5,9.0,2.57,231,44,171,16,20.5,-0.878,-202.73,8.25,-3.37,-0.907,0.67,-327.74,-0.62
First-2,3.5,9.5,2.71,231,41,173,17,19.2,-0.908,-209.64,8.6,-3.37,-0.937,0.66,-320.74,-0.65
First-2,3.5,10.0,2.86,231,37,177,17,17.3,-1.053,-243.14,8.95,-3.38,-1.082,0.61,-354.24,-0.69
First-2,3.5,10.5,3.0,231,29,182,20,13.7,-1.316,-304.03,8.98,-3.38,-1.345,0.53,-377.53,-0.81
First-2,3.5,11.0,3.14,231,26,185,20,12.3,-1.442,-333.03,9.22,-3.38,-1.471,0.49,-410.24,-0.81
First-2,3.5,11.5,3.29,231,26,185,20,12.3,-1.385,-320.03,9.6,-3.38,-1.415,0.51,-401.74,-0.8
First-2,3.5,12.0,3.43,231,26,185,20,12.3,-1.329,-307.03,9.97,-3.38,-1.358,0.53,-393.24,-0.78
First-2,3.5,12.5,3.57,231,24,187,20,11.4,-1.411,-326.03,10.21,-3.38,-1.441,0.51,-416.74,-0.78
First-2,3.5,13.0,3.71,231,24,187,20,11.4,-1.359,-314.03,10.57,-3.38,-1.389,0.53,-409.24,-0.77
First-2,3.5,13.5,3.86,231,24,187,20,11.4,-1.307,-302.03,10.93,-3.38,-1.337,0.54,-401.74,-0.75
First-2,3.5,14.0,4.0,231,20,189,22,9.6,-1.499,-346.3,10.44,-3.38,-1.528,0.48,-444.3,-0.78
First-2,3.5,14.5,4.14,231,20,189,22,9.6,-1.456,-336.3,10.76,-3.38,-1.485,0.5,-437.8,-0.77
First-2,3.5,15.0,4.29,231,19,190,22,9.1,-1.493,-344.8,10.95,-3.38,-1.522,0.49,-450.8,-0.76
First-2,3.75,4.0,1.07,231,114,112,5,50.4,0.145,33.42,3.97,-3.71,0.113,1.08,-154.75,0.22
First-2,3.75,4.5,1.2,231,100,125,6,44.4,-0.085,-19.6,4.43,-3.71,-0.117,0.96,-174.0,-0.11
First-2,3.75,5.0,1.33,231,95,130,6,42.2,-0.058,-13.35,4.92,-3.71,-0.09,0.97,-180.0,-0.07
First-2,3.75,5.5,1.47,231,83,141,7,37.1,-0.305,-70.54,5.36,-3.72,-0.338,0.87,-208.25,-0.34
First-2,3.75,6.0,1.6,231,74,150,7,33.0,-0.506,-116.79,5.82,-3.72,-0.538,0.79,-270.75,-0.43
First-2,3.75,6.5,1.73,231,69,155,7,30.8,-0.567,-131.04,6.29,-3.72,-0.599,0.78,-279.75,-0.47
First-2,3.75,7.0,1.87,231,64,158,9,28.8,-0.62,-143.28,6.68,-3.71,-0.652,0.76,-290.75,-0.49
First-2,3.75,7.5,2.0,231,62,159,10,28.1,-0.554,-128.03,7.06,-3.71,-0.586,0.79,-281.25,-0.46
First-2,3.75,8.0,2.13,231,59,162,10,26.7,-0.573,-132.28,7.5,-3.71,-0.605,0.78,-283.5,-0.47
First-2,3.75,8.5,2.27,231,52,165,14,24.0,-0.764,-176.44,7.9,-3.64,-0.795,0.72,-303.69,-0.58
First-2,3.75,9.0,2.4,231,45,170,16,20.9,-1.007,-232.73,8.26,-3.61,-1.039,0.64,-347.48,-0.67
First-2,3.75,9.5,2.53,231,42,172,17,19.6,-1.037,-239.64,8.62,-3.61,-1.069,0.63,-339.89,-0.71
First-2,3.75,10.0,2.67,231,38,176,17,17.8,-1.185,-273.64,8.97,-3.61,-1.216,0.59,-373.24,-0.73
First-2,3.75,10.5,2.8,231,30,181,20,14.2,-1.451,-335.28,9.02,-3.62,-1.483,0.51,-408.78,-0.82
First-2,3.75,11.0,2.93,231,27,184,20,12.8,-1.578,-364.53,9.27,-3.62,-1.609,0.48,-441.53,-0.83
First-2,3.75,11.5,3.07,231,27,184,20,12.8,-1.52,-351.03,9.65,-3.62,-1.551,0.5,-431.53,-0.81
First-2,3.75,12.0,3.2,231,27,184,20,12.8,-1.461,-337.53,10.02,-3.62,-1.492,0.52,-421.53,-0.8
First-2,3.75,12.5,3.33,231,25,186,20,11.8,-1.543,-356.53,10.28,-3.62,-1.575,0.49,-444.03,-0.8
First-2,3.75,13.0,3.47,231,25,186,20,11.8,-1.489,-344.03,10.64,-3.62,-1.521,0.51,-435.24,-0.79
First-2,3.75,13.5,3.6,231,25,186,20,11.8,-1.435,-331.53,11.01,-3.62,-1.467,0.53,-427.24,-0.78
First-2,3.75,14.0,3.73,231,21,188,22,10.0,-1.627,-375.8,10.55,-3.62,-1.658,0.47,-473.8,-0.79
First-2,3.75,14.5,3.87,231,21,188,22,10.0,-1.581,-365.3,10.88,-3.62,-1.613,0.49,-466.8,-0.78
First-2,3.75,15.0,4.0,231,20,189,22,9.6,-1.617,-373.55,11.08,-3.62,-1.648,0.48,-478.55,-0.78
First-2,4.0,4.5,1.12,231,103,121,7,46.0,-0.106,-24.43,4.43,-3.95,-0.14,0.95,-188.0,-0.13
First-2,4.0,5.0,1.25,231,98,126,7,43.8,-0.078,-17.93,4.92,-3.95,-0.112,0.96,-195.0,-0.09
First-2,4.0,5.5,1.38,231,86,137,8,38.6,-0.331,-76.37,5.36,-3.96,-0.365,0.86,-224.0,-0.34
First-2,4.0,6.0,1.5,231,77,146,8,34.5,-0.534,-123.37,5.83,-3.96,-0.568,0.79,-288.0,-0.43
First-2,4.0,6.5,1.62,231,72,151,8,32.3,-0.595,-137.37,6.3,-3.96,-0.629,0.77,-297.0,-0.46
First-2,4.0,7.0,1.75,231,67,154,10,30.3,-0.644,-148.86,6.69,-3.95,-0.679,0.76,-308.0,-0.48
First-2,4.0,7.5,1.88,231,65,155,11,29.5,-0.573,-132.36,7.08,-3.95,-0.607,0.79,-298.0,-0.44
First-2,4.0,8.0,2.0,231,62,158,11,28.2,-0.588,-135.86,7.52,-3.95,-0.622,0.79,-300.0,-0.45
First-2,4.0,8.5,2.12,231,52,162,17,24.3,-0.858,-198.16,7.81,-3.88,-0.891,0.7,-331.2,-0.6
First-2,4.0,9.0,2.25,231,45,167,19,21.2,-1.107,-255.7,8.15,-3.84,-1.14,0.62,-378.74,-0.68
First-2,4.0,9.5,2.38,231,42,169,20,19.9,-1.139,-263.11,8.49,-3.84,-1.172,0.62,-371.24,-0.71
First-2,4.0,10.0,2.5,231,38,173,20,18.0,-1.291,-298.11,8.81,-3.84,-1.324,0.58,-405.74,-0.73
First-2,4.0,10.5,2.62,231,31,177,23,14.9,-1.5,-346.5,8.88,-3.85,-1.533,0.52,-430.74,-0.8
First-2,4.0,11.0,2.75,231,28,180,23,13.5,-1.628,-376.0,9.11,-3.85,-1.661,0.49,-464.74,-0.81
First-2,4.0,11.5,2.88,231,28,180,23,13.5,-1.567,-362.0,9.47,-3.85,-1.6,0.51,-455.24,-0.8
First-2,4.0,12.0,3.0,231,28,180,23,13.5,-1.506,-348.0,9.83,-3.85,-1.54,0.52,-445.74,-0.78
First-2,4.0,12.5,3.12,231,26,182,23,12.5,-1.589,-367.0,10.07,-3.85,-1.622,0.5,-469.24,-0.78
First-2,4.0,13.0,3.25,231,26,182,23,12.5,-1.532,-354.0,10.42,-3.85,-1.566,0.52,-460.74,-0.77
First-2,4.0,13.5,3.38,231,26,182,23,12.5,-1.476,-341.0,10.77,-3.85,-1.51,0.54,-452.24,-0.75
First-2,4.0,14.0,3.5,231,22,184,25,10.7,-1.668,-385.27,10.35,-3.85,-1.701,0.48,-484.51,-0.8
First-2,4.0,14.5,3.62,231,22,184,25,10.7,-1.62,-374.27,10.66,-3.85,-1.654,0.5,-477.01,-0.78
First-2,4.0,15.0,3.75,231,21,185,25,10.2,-1.655,-382.27,10.86,-3.85,-1.688,0.49,-488.51,-0.78
First-2,4.25,4.5,1.06,231,104,119,8,46.6,-0.195,-45.03,4.43,-4.19,-0.231,0.91,-202.0,-0.22
First-2,4.25,5.0,1.18,231,100,123,8,44.8,-0.13,-30.03,4.92,-4.19,-0.166,0.94,-210.0,-0.14
First-2,4.25,5.5,1.29,231,88,134,9,39.6,-0.391,-90.22,5.37,-4.19,-0.427,0.84,-239.25,-0.38
First-2,4.25,6.0,1.41,231,80,142,9,36.0,-0.555,-128.22,5.84,-4.2,-0.591,0.79,-304.75,-0.42
First-2,4.25,6.5,1.53,231,75,147,9,33.8,-0.615,-141.97,6.31,-4.2,-0.651,0.78,-313.75,-0.45
First-2,4.25,7.0,1.65,231,70,150,11,31.8,-0.661,-152.71,6.7,-4.19,-0.697,0.76,-324.75,-0.47
First-2,4.25,7.5,1.76,231,68,151,12,31.1,-0.584,-134.96,7.1,-4.19,-0.62,0.79,-314.25,-0.43
First-2,4.25,8.0,1.88,231,65,154,12,29.7,-0.596,-137.71,7.54,-4.19,-0.632,0.79,-316.0,-0.44
First-2,4.25,8.5,2.0,231,55,158,18,25.8,-0.864,-199.51,7.84,-4.11,-0.899,0.71,-349.45,-0.57
First-2,4.25,9.0,2.12,231,48,163,20,22.7,-1.112,-256.8,8.2,-4.07,-1.147,0.64,-397.24,-0.65
First-2,4.25,9.5,2.24,231,45,165,21,21.4,-1.139,-263.21,8.54,-4.07,-1.175,0.63,-389.24,-0.68
First-2,4.25,10.0,2.35,231,41,169,21,19.5,-1.289,-297.71,8.88,-4.07,-1.324,0.59,-423.99,-0.7
First-2,4.25,10.5,2.47,231,35,172,24,16.9,-1.432,-330.85,9.02,-4.08,-1.468,0.56,-432.24,-0.77
First-2,4.25,11.0,2.59,231,32,175,24,15.5,-1.555,-359.1,9.29,-4.08,-1.59,0.53,-445.49,-0.81
First-2,4.25,11.5,2.71,231,32,175,24,15.5,-1.485,-343.1,9.66,-4.08,-1.521,0.55,-435.99,-0.79
First-2,4.25,12.0,2.82,231,32,175,24,15.5,-1.416,-327.1,10.03,-4.08,-1.451,0.57,-430.49,-0.76
First-2,4.25,12.5,2.94,231,30,177,24,14.5,-1.492,-344.6,10.3,-4.08,-1.527,0.55,-458.49,-0.75
First-2,4.25,13.0,3.06,231,30,177,24,14.5,-1.427,-329.6,10.67,-4.08,-1.462,0.57,-453.99,-0.73
First-2,4.25,13.5,3.18,231,30,177,24,14.5,-1.362,-314.6,11.04,-4.08,-1.397,0.59,-449.49,-0.7
First-2,4.25,14.0,3.29,231,26,179,26,12.7,-1.547,-357.37,10.72,-4.08,-1.582,0.54,-489.01,-0.73
First-2,4.25,14.5,3.41,231,25,180,26,12.2,-1.572,-363.12,10.97,-4.08,-1.607,0.53,-504.26,-0.72
First-2,4.25,15.0,3.53,231,24,181,26,11.7,-1.601,-369.87,11.19,-4.08,-1.637,0.53,-520.51,-0.71
First-2,4.5,5.0,1.11,231,100,123,8,44.8,-0.263,-60.78,4.92,-4.43,-0.301,0.89,-225.0,-0.27
First-2,4.5,5.5,1.22,231,88,134,9,39.6,-0.536,-123.72,5.37,-4.44,-0.574,0.8,-264.0,-0.47
First-2,4.5,6.0,1.33,231,80,142,9,36.0,-0.709,-163.72,5.84,-4.44,-0.747,0.75,-331.5,-0.49
First-2,4.5,6.5,1.44,231,75,147,9,33.8,-0.774,-178.72,6.31,-4.44,-0.812,0.73,-341.0,-0.52
First-2,4.5,7.0,1.56,231,70,150,11,31.8,-0.823,-190.21,6.7,-4.43,-0.862,0.72,-352.5,-0.54
First-2,4.5,7.5,1.67,231,68,151,12,31.1,-0.748,-172.71,7.1,-4.43,-0.786,0.75,-342.0,-0.5
First-2,4.5,8.0,1.78,231,65,154,12,29.7,-0.763,-176.21,7.54,-4.43,-0.801,0.75,-344.0,-0.51
First-2,4.5,8.5,1.89,231,55,158,18,25.8,-1.035,-239.01,7.84,-4.34,-1.072,0.67,-380.2,-0.63
First-2,4.5,9.0,2.0,231,48,163,20,22.7,-1.288,-297.55,8.2,-4.3,-1.325,0.6,-428.74,-0.69
First-2,4.5,9.5,2.11,231,45,165,21,21.4,-1.318,-304.46,8.54,-4.3,-1.355,0.6,-420.74,-0.72
First-2,4.5,10.0,2.22,231,41,169,21,19.5,-1.472,-339.96,8.88,-4.31,-1.509,0.56,-456.24,-0.75
First-2,4.5,10.5,2.33,231,35,172,24,16.9,-1.618,-373.85,9.02,-4.31,-1.656,0.53,-464.74,-0.8
First-2,4.5,11.0,2.44,231,34,173,24,16.4,-1.61,-371.85,9.37,-4.31,-1.647,0.53,-474.24,-0.78
First-2,4.5,11.5,2.56,231,34,173,24,16.4,-1.536,-354.85,9.74,-4.31,-1.573,0.55,-468.74,-0.76
First-2,4.5,12.0,2.67,231,32,175,24,15.5,-1.605,-370.85,10.03,-4.31,-1.643,0.54,-463.24,-0.8
First-2,4.5,12.5,2.78,231,30,177,24,14.5,-1.683,-388.85,10.3,-4.32,-1.721,0.52,-491.74,-0.79
First-2,4.5,13.0,2.89,231,30,177,24,14.5,-1.618,-373.85,10.67,-4.32,-1.656,0.54,-487.24,-0.77
First-2,4.5,13.5,3.0,231,30,177,24,14.5,-1.553,-358.85,11.04,-4.32,-1.591,0.56,-482.74,-0.74
First-2,4.5,14.0,3.11,231,26,179,26,12.7,-1.741,-402.12,10.72,-4.32,-1.778,0.51,-525.51,-0.77
First-2,4.5,14.5,3.22,231,25,180,26,12.2,-1.767,-408.12,10.97,-4.32,-1.804,0.51,-541.01,-0.75
First-2,4.5,15.0,3.33,231,24,181,26,11.7,-1.797,-415.12,11.19,-4.32,-1.834,0.5,-557.51,-0.74
First-2,4.75,5.0,1.05,231,102,121,8,45.7,-0.312,-72.03,4.92,-4.67,-0.352,0.88,-230.25,-0.31
First-2,4.75,5.5,1.16,231,89,133,9,40.1,-0.636,-146.97,5.37,-4.68,-0.677,0.77,-278.5,-0.53
First-2,4.75,6.0,1.26,231,81,141,9,36.5,-0.816,-188.47,5.84,-4.68,-0.856,0.72,-347.75,-0.54
First-2,4.75,6.5,1.37,231,76,146,9,34.2,-0.884,-204.22,6.31,-4.68,-0.925,0.71,-359.25,-0.57
First-2,4.75,7.0,1.47,231,71,149,11,32.3,-0.935,-215.96,6.71,-4.67,-0.975,0.7,-372.75,-0.58
First-2,4.75,7.5,1.58,231,68,151,12,31.1,-0.911,-210.46,7.1,-4.67,-0.952,0.71,-369.75,-0.57
First-2,4.75,8.0,1.68,231,65,154,12,29.7,-0.929,-214.71,7.54,-4.67,-0.97,0.71,-372.0,-0.58
First-2,4.75,8.5,1.79,231,55,158,18,25.8,-1.206,-278.51,7.84,-4.58,-1.245,0.64,-410.95,-0.68
First-2,4.75,9.0,1.89,231,48,163,20,22.7,-1.465,-338.3,8.2,-4.53,-1.504,0.57,-460.24,-0.74
First-2,4.75,9.5,2.0,231,45,165,21,21.4,-1.497,-345.71,8.54,-4.54,-1.536,0.57,-452.24,-0.76
First-2,4.75,10.0,2.11,231,41,169,21,19.5,-1.655,-382.21,8.88,-4.54,-1.694,0.53,-488.49,-0.78
First-2,4.75,10.5,2.21,231,35,172,24,16.9,-1.805,-416.85,9.02,-4.55,-1.844,0.5,-497.24,-0.84
First-2,4.75,11.0,2.32,231,34,173,24,16.4,-1.797,-415.1,9.37,-4.55,-1.836,0.5,-506.99,-0.82
First-2,4.75,11.5,2.42,231,34,173,24,16.4,-1.723,-398.1,9.74,-4.55,-1.763,0.52,-501.49,-0.79
First-2,4.75,12.0,2.53,231,32,175,24,15.5,-1.795,-414.6,10.03,-4.55,-1.834,0.51,-503.99,-0.82
First-2,4.75,12.5,2.63,231,30,177,24,14.5,-1.875,-433.1,10.3,-4.55,-1.914,0.49,-526.99,-0.82
First-2,4.75,13.0,2.74,231,30,177,24,14.5,-1.81,-418.1,10.67,-4.55,-1.849,0.51,-520.49,-0.8
First-2,4.75,13.5,2.84,231,30,177,24,14.5,-1.745,-403.1,11.04,-4.55,-1.784,0.53,-515.99,-0.78
First-2,4.75,14.0,2.95,231,26,179,26,12.7,-1.935,-446.87,10.72,-4.55,-1.974,0.48,-562.01,-0.8
First-2,4.75,14.5,3.05,231,25,180,26,12.2,-1.962,-453.12,10.97,-4.55,-2.001,0.48,-577.76,-0.78
First-2,4.75,15.0,3.16,231,24,181,26,11.7,-1.993,-460.37,11.19,-4.56,-2.032,0.47,-594.51,-0.77
First-2,5.0,5.5,1.1,231,93,128,10,42.1,-0.588,-135.84,5.37,-4.9,-0.63,0.79,-287.0,-0.47
First-2,5.0,6.0,1.2,231,85,136,10,38.5,-0.768,-177.34,5.84,-4.91,-0.81,0.74,-362.0,-0.49
First-2,5.0,6.5,1.3,231,80,140,11,36.4,-0.825,-190.68,6.32,-4.9,-0.868,0.73,-367.0,-0.52
First-2,5.0,7.0,1.4,231,75,143,13,34.4,-0.871,-201.17,6.72,-4.88,-0.913,0.73,-361.0,-0.56
First-2,5.0,7.5,1.5,231,72,145,14,33.2,-0.841,-194.17,7.12,-4.88,-0.883,0.74,-355.0,-0.55
First-2,5.0,8.0,1.6,231,69,148,14,31.8,-0.854,-197.17,7.57,-4.89,-0.896,0.74,-355.0,-0.56
First-2,5.0,8.5,1.7,231,59,152,20,28.0,-1.125,-259.97,7.88,-4.79,-1.167,0.67,-387.7,-0.67
First-2,5.0,9.0,1.8,231,52,157,22,24.9,-1.381,-319.01,8.25,-4.74,-1.422,0.6,-435.74,-0.73
First-2,5.0,9.5,1.9,231,49,159,23,23.6,-1.407,-324.92,8.61,-4.74,-1.448,0.6,-425.74,-0.76
First-2,5.0,10.0,2.0,231,45,163,23,21.6,-1.56,-360.42,8.97,-4.75,-1.601,0.57,-460.74,-0.78
First-2,5.0,10.5,2.1,231,39,166,26,19.0,-1.705,-393.81,9.14,-4.75,-1.746,0.54,-470.74,-0.84
First-2,5.0,11.0,2.2,231,38,167,26,18.5,-1.69,-390.31,9.5,-4.75,-1.731,0.54,-480.74,-0.81
First-2,5.0,11.5,2.3,231,38,167,26,18.5,-1.607,-371.31,9.89,-4.75,-1.649,0.57,-478.24,-0.78
First-2,5.0,12.0,2.4,231,36,169,26,17.6,-1.672,-386.31,10.2,-4.76,-1.714,0.55,-476.74,-0.81
First-2,5.0,12.5,2.5,231,34,171,26,16.6,-1.746,-403.31,10.5,-4.76,-1.787,0.54,-508.24,-0.79
First-2,5.0,13.0,2.6,231,32,173,26,15.6,-1.828,-422.31,10.78,-4.76,-1.869,0.52,-521.74,-0.81
First-2,5.0,13.5,2.7,231,32,173,26,15.6,-1.759,-406.31,11.15,-4.76,-1.8,0.54,-512.24,-0.79
First-2,5.0,14.0,2.8,231,28,175,28,13.8,-1.946,-449.58,10.88,-4.76,-1.987,0.5,-556.47,-0.81
First-2,5.0,14.5,2.9,231,27,176,28,13.3,-1.97,-455.08,11.14,-4.77,-2.011,0.49,-571.47,-0.8
First-2,5.0,15.0,3.0,231,26,177,28,12.8,-1.998,-461.58,11.39,-4.77,-2.039,0.49,-587.47,-0.79
First-2,5.25,5.5,1.05,231,93,127,11,42.3,-0.716,-165.46,5.37,-5.12,-0.761,0.76,-305.75,-0.54
First-2,5.25,6.0,1.14,231,85,135,11,38.6,-0.905,-208.96,5.84,-5.13,-0.949,0.71,-384.0,-0.54
First-2,5.25,6.5,1.24,231,80,139,12,36.5,-0.967,-223.3,6.32,-5.12,-1.011,0.7,-389.25,-0.57
First-2,5.25,7.0,1.33,231,75,142,14,34.6,-1.015,-234.54,6.72,-5.1,-1.06,0.69,-383.25,-0.61
First-2,5.25,7.5,1.43,231,72,144,15,33.3,-0.987,-228.04,7.12,-5.11,-1.031,0.71,-377.25,-0.6
First-2,5.25,8.0,1.52,231,69,147,15,31.9,-1.003,-231.79,7.57,-5.11,-1.048,0.71,-375.0,-0.62
First-2,5.25,8.5,1.62,231,59,151,21,28.1,-1.28,-295.59,7.88,-5.01,-1.323,0.64,-417.45,-0.71
First-2,5.25,9.0,1.71,231,52,156,23,25.0,-1.541,-355.88,8.25,-4.96,-1.584,0.58,-466.24,-0.76
First-2,5.25,9.5,1.81,231,49,158,24,23.7,-1.568,-362.29,8.61,-4.96,-1.611,0.58,-456.24,-0.79
First-2,5.25,10.0,1.9,231,46,161,24,22.2,-1.66,-383.54,8.99,-4.97,-1.703,0.56,-476.74,-0.8
First-2,5.25,10.5,2.0,231,40,164,27,19.6,-1.806,-417.18,9.17,-4.97,-1.849,0.53,-493.99,-0.84
First-2,5.25,11.0,2.1,231,39,165,27,19.1,-1.79,-413.43,9.53,-4.97,-1.833,0.54,-494.74,-0.84
First-2,5.25,11.5,2.19,231,39,165,27,19.1,-1.705,-393.93,9.92,-4.97,-1.748,0.56,-487.99,-0.81
First-2,5.25,12.0,2.29,231,37,167,27,18.1,-1.77,-408.93,10.24,-4.97,-1.813,0.55,-499.24,-0.82
First-2,5.25,12.5,2.38,231,35,169,27,17.2,-1.844,-425.93,10.54,-4.98,-1.887,0.53,-520.74,-0.82
First-2,5.25,13.0,2.48,231,33,171,27,16.2,-1.926,-444.93,10.83,-4.98,-1.969,0.52,-544.24,-0.82
First-2,5.25,13.5,2.57,231,33,171,27,16.2,-1.855,-428.43,11.2,-4.98,-1.898,0.54,-532.24,-0.8
First-2,5.25,14.0,2.67,231,29,173,29,14.4,-2.042,-471.7,10.96,-4.98,-2.085,0.49,-572.72,-0.82
First-2,5.25,14.5,2.76,231,27,175,29,13.4,-2.15,-496.7,11.14,-4.99,-2.193,0.47,-607.22,-0.82
First-2,5.25,15.0,2.86,231,26,176,29,12.9,-2.179,-503.45,11.39,-4.99,-2.223,0.47,-623.47,-0.81
First-2,5.5,6.0,1.09,231,86,134,11,39.1,-1.001,-231.21,5.85,-5.37,-1.047,0.69,-406.0,-0.57
First-2,5.5,6.5,1.18,231,81,138,12,37.0,-1.065,-246.05,6.32,-5.36,-1.112,0.68,-411.5,-0.6
First-2,5.5,7.0,1.27,231,76,141,14,35.0,-1.115,-257.54,6.73,-5.34,-1.161,0.68,-405.5,-0.64
First-2,5.5,7.5,1.36,231,73,143,15,33.8,-1.087,-251.04,7.12,-5.34,-1.133,0.69,-401.0,-0.63
First-2,5.5,8.0,1.45,231,70,146,15,32.4,-1.104,-255.04,7.58,-5.35,-1.15,0.69,-402.0,-0.63
First-2,5.5,8.5,1.55,231,60,150,21,28.6,-1.382,-319.34,7.89,-5.24,-1.428,0.62,-447.86,-0.71
First-2,5.5,9.0,1.64,231,53,155,23,25.5,-1.647,-380.38,8.26,-5.18,-1.692,0.57,-496.74,-0.77
First-2,5.5,9.5,1.73,231,50,157,24,24.2,-1.674,-386.79,8.63,-5.19,-1.719,0.56,-486.74,-0.79
First-2,5.5,10.0,1.82,231,47,160,24,22.7,-1.767,-408.29,9.01,-5.19,-1.812,0.55,-507.74,-0.8
First-2,5.5,10.5,1.91,231,41,163,27,20.1,-1.914,-442.18,9.19,-5.2,-1.959,0.52,-518.7,-0.85
First-2,5.5,11.0,2.0,231,40,164,27,19.6,-1.897,-438.18,9.56,-5.2,-1.942,0.53,-523.7,-0.84
First-2,5.5,11.5,2.09,231,40,164,27,19.6,-1.81,-418.18,9.95,-5.2,-1.855,0.55,-514.74,-0.81
First-2,5.5,12.0,2.18,231,38,166,27,18.6,-1.875,-433.18,10.27,-5.2,-1.92,0.54,-521.24,-0.83
First-2,5.5,12.5,2.27,231,36,168,27,17.6,-1.949,-450.18,10.58,-5.21,-1.994,0.52,-544.24,-0.83
First-2,5.5,13.0,2.36,231,34,170,27,16.7,-2.031,-469.18,10.88,-5.21,-2.076,0.51,-566.24,-0.83
First-2,5.5,13.5,2.45,231,34,170,27,16.7,-1.957,-452.18,11.25,-5.21,-2.003,0.53,-558.74,-0.81
First-2,5.5,14.0,2.55,231,30,172,29,14.9,-2.145,-495.45,11.03,-5.21,-2.19,0.49,-607.97,-0.81
First-2,5.5,14.5,2.64,231,28,174,29,13.9,-2.253,-520.45,11.22,-5.22,-2.298,0.47,-642.97,-0.81
First-2,5.5,15.0,2.73,231,27,175,29,13.4,-2.281,-526.95,11.48,-5.22,-2.326,0.47,-659.47,-0.8
First-2,5.75,6.0,1.04,231,87,133,11,39.5,-1.095,-252.96,5.85,-5.61,-1.144,0.68,-428.0,-0.59
First-2,5.75,6.5,1.13,231,82,137,12,37.4,-1.161,-268.3,6.32,-5.59,-1.21,0.67,-433.75,-0.62
First-2,5.75,7.0,1.22,231,77,140,14,35.5,-1.212,-280.04,6.73,-5.58,-1.261,0.66,-428.25,-0.65
First-2,5.75,7.5,1.3,231,74,142,15,34.3,-1.184,-273.54,7.13,-5.58,-1.232,0.67,-427.75,-0.64
First-2,5.75,8.0,1.39,231,71,145,15,32.9,-1.203,-277.79,7.58,-5.58,-1.251,0.67,-429.0,-0.65
First-2,5.75,8.5,1.48,231,61,149,21,29.0,-1.483,-342.59,7.9,-5.46,-1.53,0.61,-479.86,-0.71
First-2,5.75,9.0,1.57,231,54,154,23,26.0,-1.751,-404.38,8.27,-5.41,-1.797,0.56,-527.24,-0.77
First-2,5.75,9.5,1.65,231,51,156,24,24.6,-1.778,-410.79,8.64,-5.42,-1.825,0.55,-517.24,-0.79
First-2,5.75,10.0,1.74,231,48,159,24,23.2,-1.872,-432.54,9.02,-5.42,-1.919,0.54,-538.74,-0.8
First-2,5.75,10.5,1.83,231,42,162,27,20.6,-2.02,-466.68,9.22,-5.43,-2.067,0.51,-550.2,-0.85
First-2,5.75,11.0,1.91,231,41,163,27,20.1,-2.002,-462.43,9.59,-5.43,-2.049,0.52,-557.45,-0.83
First-2,5.75,11.5,2.0,231,41,163,27,20.1,-1.913,-441.93,9.98,-5.43,-1.96,0.54,-548.45,-0.81
First-2,5.75,12.0,2.09,231,39,165,27,19.1,-1.978,-456.93,10.31,-5.43,-2.025,0.53,-543.95,-0.84
First-2,5.75,12.5,2.17,231,37,167,27,18.1,-2.052,-473.93,10.62,-5.44,-2.099,0.52,-571.2,-0.83
First-2,5.75,13.0,2.26,231,35,169,27,17.2,-2.134,-492.93,10.92,-5.44,-2.181,0.5,-597.24,-0.83
First-2,5.75,13.5,2.35,231,35,169,27,17.2,-2.058,-475.43,11.3,-5.44,-2.105,0.52,-591.24,-0.8
First-2,5.75,14.0,2.43,231,31,171,29,15.3,-2.245,-518.7,11.1,-5.44,-2.293,0.48,-643.22,-0.81
First-2,5.75,14.5,2.52,231,29,173,29,14.4,-2.354,-543.7,11.3,-5.45,-2.401,0.47,-678.72,-0.8
First-2,5.75,15.0,2.61,231,28,174,29,13.9,-2.381,-549.95,11.57,-5.45,-2.428,0.46,-695.47,-0.79
First-2,6.0,6.5,1.08,231,82,137,12,37.4,-1.31,-302.55,6.32,-5.83,-1.36,0.64,-456.0,-0.66
First-2,6.0,7.0,1.17,231,77,140,14,35.5,-1.364,-315.04,6.73,-5.81,-1.414,0.63,-456.0,-0.69
First-2,6.0,7.5,1.25,231,74,142,15,34.3,-1.338,-309.04,7.13,-5.81,-1.388,0.65,-454.5,-0.68
First-2,6.0,8.0,1.33,231,71,145,15,32.9,-1.359,-314.04,7.58,-5.82,-1.41,0.65,-456.0,-0.69
First-2,6.0,8.5,1.42,231,61,149,21,29.0,-1.644,-379.84,7.9,-5.7,-1.694,0.59,-511.86,-0.74
First-2,6.0,9.0,1.5,231,55,153,23,26.4,-1.852,-427.88,8.29,-5.64,-1.901,0.55,-544.9,-0.79
First-2,6.0,9.5,1.58,231,52,155,24,25.1,-1.88,-434.29,8.66,-5.64,-1.929,0.54,-534.31,-0.81
First-2,6.0,10.0,1.67,231,49,158,24,23.7,-1.975,-456.29,9.04,-5.65,-2.024,0.53,-553.74,-0.82
First-2,6.0,10.5,1.75,231,43,161,27,21.1,-2.124,-490.68,9.24,-5.66,-2.173,0.5,-567.2,-0.87
First-2,6.0,11.0,1.83,231,42,162,27,20.6,-2.105,-486.18,9.61,-5.66,-2.154,0.51,-574.2,-0.85
First-2,6.0,11.5,1.92,231,42,162,27,20.6,-2.014,-465.18,10.01,-5.66,-2.063,0.53,-564.7,-0.82
First-2,6.0,12.0,2.0,231,40,164,27,19.6,-2.079,-480.18,10.34,-5.66,-2.128,0.52,-567.2,-0.85
First-2,6.0,12.5,2.08,231,38,166,27,18.6,-2.152,-497.18,10.66,-5.66,-2.201,0.51,-587.7,-0.85
First-2,6.0,13.0,2.17,231,36,168,27,17.6,-2.235,-516.18,10.97,-5.67,-2.284,0.5,-612.2,-0.84
First-2,6.0,13.5,2.25,231,35,169,27,17.2,-2.241,-517.68,11.3,-5.67,-2.29,0.5,-624.2,-0.83
First-2,6.0,14.0,2.33,231,31,171,29,15.3,-2.431,-561.45,11.1,-5.67,-2.48,0.47,-678.47,-0.83
First-2,6.0,14.5,2.42,231,29,173,29,14.4,-2.541,-586.95,11.3,-5.68,-2.59,0.45,-714.47,-0.82
First-2,6.0,15.0,2.5,231,28,174,29,13.9,-2.569,-593.45,11.57,-5.68,-2.618,0.44,-731.47,-0.81
