Stock,Timeframe,EMA Pair,Cross Time,Touch Time,Touch Open,Touch High,Touch Low,Touch Close,EMA21 @ Touch,EMA50 @ Touch,Touch Zone,Candles After Cross,EMA10 @ Touch,EMA20 @ Touch,Entry,SL Price,Target Price,Outcome,SL Hit Time,Target Hit Time,Max High Seen,PnL %,Duration
HDFCBANK,1d,EMA10/EMA20,2024-03-13 00:00:00,2024-03-15 00:00:00,725.0,729.65,721.12,726.33,,,Between Slow & Fast EMA,2,722.7,721.0,726.33,708.17,748.12,TARGET HIT,Not Hit,2024-04-04 00:00:00,765.0,3.0,12d
HDFCBANK,1d,EMA10/EMA20,2024-03-13 00:00:00,2024-03-19 00:00:00,717.75,726.2,717.75,724.67,,,At/Below Slow EMA,4,723.11,721.53,724.67,706.55,746.41,TARGET HIT,Not Hit,2024-04-02 00:00:00,747.42,3.0,8d
HDFCBANK,1d,EMA10/EMA20,2024-03-13 00:00:00,2024-03-21 00:00:00,721.3,725.62,719.15,722.88,,,At/Below Slow EMA,6,721.94,721.14,722.88,704.81,744.57,TARGET HIT,Not Hit,2024-04-02 00:00:00,747.42,3.0,6d
HDFCBANK,1d,EMA10/EMA20,2024-03-28 00:00:00,2024-04-19 00:00:00,743.27,767.48,740.12,765.65,,,At/Below Slow EMA,13,755.62,748.03,765.65,746.51,788.62,SL HIT,2024-05-08 00:00:00,Not Hit,778.7,-2.5,12d
HDFCBANK,1d,EMA10/EMA20,2024-03-28 00:00:00,2024-04-29 00:00:00,757.5,767.23,753.27,764.75,,,Between Slow & Fast EMA,19,757.05,752.17,764.75,745.63,787.69,SL HIT,2024-05-08 00:00:00,Not Hit,770.3,-2.5,6d
HDFCBANK,1d,EMA10/EMA20,2024-03-28 00:00:00,2024-05-06 00:00:00,761.0,767.25,758.58,761.33,,,Between Slow & Fast EMA,23,759.64,755.34,761.33,742.3,784.17,SL HIT,2024-05-08 00:00:00,Not Hit,762.02,-2.5,2d
HDFCBANK,1d,EMA10/EMA20,2024-05-27 00:00:00,2024-05-30 00:00:00,749.6,761.8,748.83,757.42,,,Between Slow & Fast EMA,3,750.39,746.78,757.42,738.48,780.14,TARGET HIT,Not Hit,2024-06-03 00:00:00,799.5,3.0,2d
HDFCBANK,1d,EMA10/EMA20,2024-05-27 00:00:00,2024-06-05 00:00:00,747.02,779.8,741.17,775.9,,,At/Below Slow EMA,7,759.59,753.51,775.9,756.5,799.18,TARGET HIT,Not Hit,2024-06-14 00:00:00,799.5,3.0,7d
HDFCBANK,1d,EMA10/EMA20,2024-08-26 00:00:00,2024-09-03 00:00:00,817.0,819.98,812.3,818.67,,,At/Below Slow EMA,6,816.93,816.16,818.67,798.2,843.23,TARGET HIT,Not Hit,2024-09-18 00:00:00,849.45,3.0,11d
HDFCBANK,1d,EMA10/EMA20,2024-08-26 00:00:00,2024-09-04 00:00:00,819.5,822.4,816.0,820.9,,,At/Below Slow EMA,7,817.65,816.61,820.9,800.38,845.53,TARGET HIT,Not Hit,2024-09-18 00:00:00,849.45,3.0,10d
HDFCBANK,1d,EMA10/EMA20,2024-08-26 00:00:00,2024-09-09 00:00:00,819.0,824.25,815.05,823.25,,,At/Below Slow EMA,10,819.41,817.88,823.25,802.67,847.95,TARGET HIT,Not Hit,2024-09-18 00:00:00,849.45,3.0,7d
HDFCBANK,1d,EMA10/EMA20,2024-10-21 00:00:00,2024-10-29 00:00:00,863.08,882.0,862.55,875.92,,,Between Slow & Fast EMA,6,862.56,855.2,875.92,854.02,902.2,SL HIT,2024-11-05 00:00:00,Not Hit,881.35,-2.5,5d
HDFCBANK,1d,EMA10/EMA20,2024-10-21 00:00:00,2024-10-31 00:00:00,864.0,869.45,859.7,867.85,,,Between Slow & Fast EMA,8,864.23,857.45,867.85,846.15,893.89,SL HIT,2024-11-13 00:00:00,Not Hit,891.4,-2.5,9d
HDFCBANK,1d,EMA10/EMA20,2024-10-21 00:00:00,2024-11-01 00:00:00,866.5,872.05,863.05,868.65,,,Between Slow & Fast EMA,9,865.03,858.51,868.65,846.93,894.71,SL HIT,2024-11-13 00:00:00,Not Hit,891.4,-2.5,8d
HDFCBANK,1d,EMA10/EMA20,2024-10-21 00:00:00,2024-11-05 00:00:00,851.5,881.35,848.95,878.92,,,At/Below Slow EMA,11,866.37,860.33,878.92,856.95,905.29,SL HIT,2024-11-12 00:00:00,Not Hit,891.4,-2.5,5d
HDFCBANK,1d,EMA10/EMA20,2024-10-21 00:00:00,2024-11-07 00:00:00,872.15,880.48,869.0,873.27,,,Between Slow & Fast EMA,13,869.3,863.05,873.27,851.44,899.47,SL HIT,2024-11-13 00:00:00,Not Hit,891.4,-2.5,4d
HDFCBANK,1d,EMA10/EMA20,2024-11-19 00:00:00,2024-11-22 00:00:00,871.77,877.15,864.77,872.8,,,Between Slow & Fast EMA,2,865.26,863.51,872.8,850.98,898.98,TARGET HIT,Not Hit,2024-11-25 00:00:00,901.77,3.0,1d
HDFCBANK,1d,EMA10/EMA20,2024-11-19 00:00:00,2024-12-02 00:00:00,901.75,904.08,887.5,902.35,,,Between Slow & Fast EMA,8,888.84,879.33,902.35,879.79,929.42,TARGET HIT,Not Hit,2024-12-04 00:00:00,932.5,3.0,2d
HDFCBANK,1d,EMA10/EMA20,2024-11-19 00:00:00,2024-12-13 00:00:00,931.25,937.5,914.62,935.88,,,Between Slow & Fast EMA,17,924.65,909.98,935.88,912.48,963.96,SL HIT,2024-12-18 00:00:00,Not Hit,934.98,-2.5,3d
HDFCBANK,1d,EMA10/EMA20,2025-02-05 00:00:00,2025-02-17 00:00:00,842.6,860.0,840.62,858.67,,,At/Below Slow EMA,8,853.27,851.34,858.67,837.2,884.43,SL HIT,2025-02-24 00:00:00,Not Hit,868.95,-2.5,5d
HDFCBANK,1d,EMA10/EMA20,2025-02-05 00:00:00,2025-02-18 00:00:00,856.52,865.77,853.08,861.52,,,Between Slow & Fast EMA,9,854.77,852.31,861.52,839.98,887.37,SL HIT,2025-02-21 00:00:00,Not Hit,868.95,-2.5,3d
HDFCBANK,1d,EMA10/EMA20,2025-02-05 00:00:00,2025-02-19 00:00:00,858.5,868.95,856.23,863.6,,,Between Slow & Fast EMA,10,856.37,853.38,863.6,842.01,889.51,SL HIT,2025-02-21 00:00:00,Not Hit,857.35,-2.5,2d
HDFCBANK,1d,EMA10/EMA20,2025-02-28 00:00:00,2025-03-04 00:00:00,849.0,857.15,846.62,855.0,,,At/Below Slow EMA,2,852.34,851.62,855.0,833.62,880.65,TARGET HIT,Not Hit,2025-03-20 00:00:00,887.0,3.0,11d
HDFCBANK,1d,EMA10/EMA20,2025-03-17 00:00:00,2025-04-02 00:00:00,885.35,899.6,885.35,898.45,,,Between Slow & Fast EMA,11,892.95,881.11,898.45,875.99,925.4,SL HIT,2025-04-07 00:00:00,Not Hit,920.98,-2.5,3d
HDFCBANK,1d,EMA10/EMA20,2025-03-17 00:00:00,2025-04-03 00:00:00,890.55,902.0,888.5,897.42,,,Between Slow & Fast EMA,12,893.76,882.66,897.42,874.98,924.34,SL HIT,2025-04-07 00:00:00,Not Hit,920.98,-2.5,2d
HDFCBANK,1d,EMA10/EMA20,2025-03-17 00:00:00,2025-04-11 00:00:00,887.38,909.7,887.38,903.38,,,Between Slow & Fast EMA,17,892.45,886.16,903.38,880.8,930.48,TARGET HIT,Not Hit,2025-04-15 00:00:00,938.4,3.0,1d
HDFCBANK,1d,EMA10/EMA20,2025-03-17 00:00:00,2025-05-12 00:00:00,958.8,979.95,956.15,978.6,,,Between Slow & Fast EMA,35,962.01,949.84,978.6,954.13,1007.96,SL HIT,2025-05-14 00:00:00,Not Hit,980.85,-2.5,2d
HDFCBANK,1d,EMA10/EMA20,2025-03-17 00:00:00,2025-05-15 00:00:00,956.75,972.4,948.5,966.9,,,At/Below Slow EMA,38,961.81,952.83,966.9,942.73,995.91,TARGET HIT,Not Hit,2025-06-06 00:00:00,998.15,3.0,16d
HDFCBANK,1d,EMA10/EMA20,2025-03-17 00:00:00,2025-05-23 00:00:00,960.05,968.5,957.25,966.8,,,At/Below Slow EMA,44,963.19,957.81,966.8,942.63,995.8,TARGET HIT,Not Hit,2025-06-06 00:00:00,998.15,3.0,10d
HDFCBANK,1d,EMA10/EMA20,2025-03-17 00:00:00,2025-05-26 00:00:00,967.5,974.95,963.45,970.1,,,Between Slow & Fast EMA,45,964.44,958.98,970.1,945.85,999.2,TARGET HIT,Not Hit,2025-06-26 00:00:00,1013.55,3.0,23d
HDFCBANK,1d,EMA10/EMA20,2025-03-17 00:00:00,2025-05-30 00:00:00,965.95,974.4,962.7,972.45,,,Between Slow & Fast EMA,49,965.34,961.19,972.45,948.14,1001.62,TARGET HIT,Not Hit,2025-06-26 00:00:00,1013.55,3.0,19d
HDFCBANK,1d,EMA10/EMA20,2025-03-17 00:00:00,2025-06-02 00:00:00,965.05,968.0,954.0,966.05,,,At/Below Slow EMA,50,965.47,961.65,966.05,941.9,995.03,TARGET HIT,Not Hit,2025-06-06 00:00:00,998.15,3.0,4d
HDFCBANK,1d,EMA10/EMA20,2025-03-17 00:00:00,2025-06-04 00:00:00,960.5,971.65,960.45,970.6,,,At/Below Slow EMA,52,965.93,962.56,970.6,946.34,999.72,TARGET HIT,Not Hit,2025-06-26 00:00:00,1013.55,3.0,16d
HDFCBANK,1d,EMA10/EMA20,2025-03-17 00:00:00,2025-06-06 00:00:00,972.0,998.15,971.35,989.35,,,Between Slow & Fast EMA,54,971.51,966.16,989.35,964.62,1019.03,SL HIT,2025-06-13 00:00:00,Not Hit,997.5,-2.5,5d
HDFCBANK,1d,EMA10/EMA20,2025-03-17 00:00:00,2025-06-20 00:00:00,965.8,984.95,965.8,982.35,,,At/Below Slow EMA,64,971.64,969.79,982.35,957.79,1011.82,TARGET HIT,Not Hit,2025-06-26 00:00:00,1013.55,3.0,4d
HDFCBANK,1d,EMA10/EMA20,2025-03-17 00:00:00,2025-07-04 00:00:00,993.55,1001.75,990.0,994.65,,,Between Slow & Fast EMA,74,993.23,986.46,994.65,969.78,1024.49,SL HIT,2025-08-26 00:00:00,Not Hit,1018.85,-2.5,36d
HDFCBANK,1d,EMA10/EMA20,2025-03-17 00:00:00,2025-07-08 00:00:00,988.5,1002.5,988.5,1000.7,,,Between Slow & Fast EMA,76,994.66,988.44,1000.7,975.68,1030.72,SL HIT,2025-08-26 00:00:00,Not Hit,1018.85,-2.5,34d
HDFCBANK,1d,EMA10/EMA20,2025-03-17 00:00:00,2025-07-15 00:00:00,986.5,1001.8,986.5,997.75,,,At/Below Slow EMA,81,996.14,991.98,997.75,972.81,1027.68,SL HIT,2025-08-26 00:00:00,Not Hit,1018.85,-2.5,29d
HDFCBANK,1d,EMA10/EMA20,2025-03-17 00:00:00,2025-07-21 00:00:00,989.1,1001.0,988.25,1000.25,,,At/Below Slow EMA,85,994.17,992.18,1000.25,975.24,1030.26,SL HIT,2025-08-26 00:00:00,Not Hit,1018.85,-2.5,25d
HDFCBANK,1d,EMA10/EMA20,2025-03-17 00:00:00,2025-07-28 00:00:00,1001.5,1010.7,1000.25,1004.25,,,Between Slow & Fast EMA,90,1001.34,997.5,1004.25,979.14,1034.38,SL HIT,2025-08-22 00:00:00,Not Hit,1016.3,-2.5,18d
HDFCBANK,1d,EMA10/EMA20,2025-03-17 00:00:00,2025-07-29 00:00:00,999.95,1013.25,998.15,1010.8,,,At/Below Slow EMA,91,1003.06,998.76,1010.8,985.53,1041.12,SL HIT,2025-08-05 00:00:00,Not Hit,1016.3,-2.5,5d
HDFCBANK,1d,EMA10/EMA20,2025-03-17 00:00:00,2025-07-31 00:00:00,1007.3,1015.7,1004.0,1009.1,,,Between Slow & Fast EMA,93,1005.62,1000.97,1009.1,983.87,1039.37,SL HIT,2025-08-05 00:00:00,Not Hit,1014.15,-2.5,3d
HDFCBANK,1d,EMA10/EMA20,2025-10-07 00:00:00,2025-10-13 00:00:00,974.3,981.0,972.0,977.0,,,Between Slow & Fast EMA,4,972.45,969.21,977.0,952.57,1006.31,TARGET HIT,Not Hit,2025-10-17 00:00:00,1009.0,3.0,4d
HDFCBANK,1d,EMA10/EMA20,2025-10-07 00:00:00,2025-10-14 00:00:00,970.0,980.45,967.0,977.15,,,At/Below Slow EMA,5,973.31,969.96,977.15,952.72,1006.46,TARGET HIT,Not Hit,2025-10-17 00:00:00,1009.0,3.0,3d
HDFCBANK,1d,EMA10/EMA20,2025-10-07 00:00:00,2025-10-15 00:00:00,975.0,984.9,973.35,978.25,,,Between Slow & Fast EMA,6,974.21,970.75,978.25,953.79,1007.6,TARGET HIT,Not Hit,2025-10-17 00:00:00,1009.0,3.0,2d
HDFCBANK,1d,EMA10/EMA20,2025-10-07 00:00:00,2025-10-28 00:00:00,997.65,1008.0,995.0,1003.55,,,Between Slow & Fast EMA,14,996.85,988.2,1003.55,978.46,1033.66,SL HIT,2025-11-06 00:00:00,Not Hit,1012.5,-2.5,6d
HDFCBANK,1d,EMA10/EMA20,2025-10-07 00:00:00,2025-11-11 00:00:00,983.5,993.5,978.0,991.7,,,At/Below Slow EMA,23,989.8,988.84,991.7,966.91,1021.45,SL HIT,2026-01-06 00:00:00,Not Hit,1017.5,-2.5,39d
HDFCBANK,1d,EMA10/EMA20,2025-10-07 00:00:00,2025-11-14 00:00:00,976.05,991.65,976.05,989.6,,,At/Below Slow EMA,26,989.26,988.77,989.6,964.86,1019.29,SL HIT,2026-01-06 00:00:00,Not Hit,1017.5,-2.5,36d
HDFCBANK,1d,EMA10/EMA20,2025-10-07 00:00:00,2025-11-17 00:00:00,991.25,997.95,985.6,996.55,,,At/Below Slow EMA,27,990.59,989.51,996.55,971.64,1026.45,SL HIT,2026-01-06 00:00:00,Not Hit,1017.5,-2.5,35d
HDFCBANK,1d,EMA10/EMA20,2025-10-07 00:00:00,2025-11-19 00:00:00,990.0,996.55,984.0,994.6,,,At/Below Slow EMA,29,991.59,990.25,994.6,969.74,1024.44,SL HIT,2026-01-06 00:00:00,Not Hit,1017.5,-2.5,33d
HDFCBANK,1d,EMA10/EMA20,2025-10-07 00:00:00,2025-11-20 00:00:00,995.3,1011.6,992.45,1008.85,,,Between Slow & Fast EMA,30,994.73,992.02,1008.85,983.63,1039.12,SL HIT,2025-11-26 00:00:00,Not Hit,1011.45,-2.5,4d
HDFCBANK,1d,EMA10/EMA20,2025-10-07 00:00:00,2025-11-26 00:00:00,981.3,1006.95,981.3,1003.9,,,At/Below Slow EMA,34,996.53,993.94,1003.9,978.8,1034.02,SL HIT,2025-12-18 00:00:00,Not Hit,1017.5,-2.5,16d
HDFCBANK,1d,EMA10/EMA20,2025-10-07 00:00:00,2025-12-03 00:00:00,986.0,1002.3,986.0,1000.5,,,At/Below Slow EMA,39,999.09,996.8,1000.5,975.49,1030.52,SL HIT,2025-12-18 00:00:00,Not Hit,1008.0,-2.5,11d
HDFCBANK,1d,EMA10/EMA20,2025-10-07 00:00:00,2025-12-05 00:00:00,992.0,1008.0,990.2,1003.3,,,At/Below Slow EMA,41,999.57,997.46,1003.3,978.22,1033.4,SL HIT,2025-12-18 00:00:00,Not Hit,1006.5,-2.5,9d
HDFCBANK,1d,EMA10/EMA20,2025-10-07 00:00:00,2025-12-08 00:00:00,1000.0,1006.5,997.5,1003.1,,,At/Below Slow EMA,42,1000.21,997.99,1003.1,978.02,1033.19,SL HIT,2025-12-18 00:00:00,Not Hit,1004.7,-2.5,8d
HDFCBANK,1d,EMA10/EMA20,2025-10-07 00:00:00,2025-12-11 00:00:00,990.0,1002.7,988.5,1000.3,,,At/Below Slow EMA,45,998.3,997.44,1000.3,975.29,1030.31,SL HIT,2025-12-18 00:00:00,Not Hit,1004.7,-2.5,5d
HDFCBANK,1d,EMA21/EMA50,2024-04-10 00:00:00,2024-04-16 00:00:00,743.5,756.45,741.12,754.62,745.39,743.61,At/Below Slow EMA,3,,,754.62,735.75,777.26,TARGET HIT,Not Hit,2024-04-22 00:00:00,778.7,3.0,3d
HDFCBANK,1d,EMA21/EMA50,2024-04-10 00:00:00,2024-04-19 00:00:00,743.27,767.48,740.12,765.65,747.39,744.62,At/Below Slow EMA,5,,,765.65,746.51,788.62,SL HIT,2024-05-08 00:00:00,Not Hit,778.7,-2.5,12d
HDFCBANK,1d,EMA21/EMA50,2024-05-28 00:00:00,2024-06-05 00:00:00,747.02,779.8,741.17,775.9,753.15,748.7,At/Below Slow EMA,6,,,775.9,756.5,799.18,TARGET HIT,Not Hit,2024-06-14 00:00:00,799.5,3.0,7d
HDFCBANK,1d,EMA21/EMA50,2024-05-28 00:00:00,2024-07-22 00:00:00,808.5,825.5,806.33,821.27,818.11,801.29,Between Slow & Fast EMA,37,,,821.27,800.74,845.91,SL HIT,2024-07-24 00:00:00,Not Hit,823.9,-2.5,2d
HDFCBANK,1d,EMA21/EMA50,2024-05-28 00:00:00,2024-08-01 00:00:00,811.45,825.02,808.98,819.4,813.18,803.27,Between Slow & Fast EMA,45,,,819.4,798.91,843.98,SL HIT,2024-08-06 00:00:00,Not Hit,835.25,-2.5,3d
HDFCBANK,1d,EMA21/EMA50,2024-05-28 00:00:00,2024-08-08 00:00:00,812.0,826.65,809.62,821.35,813.52,805.24,Between Slow & Fast EMA,50,,,821.35,800.82,845.99,SL HIT,2024-08-13 00:00:00,Not Hit,837.98,-2.5,3d
HDFCBANK,1d,EMA21/EMA50,2024-05-28 00:00:00,2024-08-16 00:00:00,814.25,817.08,805.5,816.05,813.91,807.01,At/Below Slow EMA,55,,,816.05,795.65,840.53,TARGET HIT,Not Hit,2024-09-18 00:00:00,849.45,3.0,23d
HDFCBANK,1d,EMA21/EMA50,2024-05-28 00:00:00,2024-08-20 00:00:00,813.73,823.0,813.73,818.85,814.51,807.8,Between Slow & Fast EMA,57,,,818.85,798.38,843.42,TARGET HIT,Not Hit,2024-09-18 00:00:00,849.45,3.0,21d
HDFCBANK,1d,EMA21/EMA50,2024-05-28 00:00:00,2024-09-03 00:00:00,817.0,819.98,812.3,818.67,816.1,810.82,Between Slow & Fast EMA,67,,,818.67,798.2,843.23,TARGET HIT,Not Hit,2024-09-18 00:00:00,849.45,3.0,11d
HDFCBANK,1d,EMA21/EMA50,2024-05-28 00:00:00,2024-09-04 00:00:00,819.5,822.4,816.0,820.9,816.53,811.21,Between Slow & Fast EMA,68,,,820.9,800.38,845.53,TARGET HIT,Not Hit,2024-09-18 00:00:00,849.45,3.0,10d
HDFCBANK,1d,EMA21/EMA50,2024-05-28 00:00:00,2024-09-09 00:00:00,819.0,824.25,815.05,823.25,817.77,812.38,Between Slow & Fast EMA,71,,,823.25,802.67,847.95,TARGET HIT,Not Hit,2024-09-18 00:00:00,849.45,3.0,7d
HDFCBANK,1d,EMA21/EMA50,2024-05-28 00:00:00,2024-10-14 00:00:00,828.02,846.02,827.0,844.05,840.32,833.01,At/Below Slow EMA,95,,,844.05,822.95,869.37,TARGET HIT,Not Hit,2024-10-21 00:00:00,874.08,3.0,5d
HDFCBANK,1d,EMA21/EMA50,2024-05-28 00:00:00,2024-10-16 00:00:00,840.05,853.98,840.05,849.9,841.33,834.01,Between Slow & Fast EMA,97,,,849.9,828.65,875.4,SL HIT,2024-10-18 00:00:00,Not Hit,848.83,-2.5,2d
HDFCBANK,1d,EMA21/EMA50,2024-05-28 00:00:00,2024-10-18 00:00:00,831.55,845.5,827.05,840.92,840.9,834.38,At/Below Slow EMA,99,,,840.92,819.9,866.15,TARGET HIT,Not Hit,2024-10-21 00:00:00,874.08,3.0,1d
HDFCBANK,1d,EMA21/EMA50,2024-05-28 00:00:00,2024-11-05 00:00:00,851.5,881.35,848.95,878.92,859.82,847.36,Between Slow & Fast EMA,111,,,878.92,856.95,905.29,SL HIT,2024-11-12 00:00:00,Not Hit,891.4,-2.5,5d
HDFCBANK,1d,EMA21/EMA50,2024-05-28 00:00:00,2024-11-19 00:00:00,857.0,876.88,851.35,871.12,861.48,852.31,At/Below Slow EMA,120,,,871.12,849.34,897.25,TARGET HIT,Not Hit,2024-11-25 00:00:00,901.77,3.0,3d
HDFCBANK,1d,EMA21/EMA50,2025-03-20 00:00:00,2025-04-08 00:00:00,882.5,891.0,875.15,884.58,883.81,871.72,Between Slow & Fast EMA,12,,,884.58,862.47,911.12,TARGET HIT,Not Hit,2025-04-15 00:00:00,938.4,3.0,3d
HDFCBANK,1d,EMA21/EMA50,2025-03-20 00:00:00,2025-05-15 00:00:00,956.75,972.4,948.5,966.9,951.7,923.23,Between Slow & Fast EMA,35,,,966.9,942.73,995.91,TARGET HIT,Not Hit,2025-06-06 00:00:00,998.15,3.0,16d
HDFCBANK,1d,EMA21/EMA50,2025-03-20 00:00:00,2025-05-22 00:00:00,957.6,962.1,952.6,959.95,956.03,930.5,Between Slow & Fast EMA,40,,,959.95,935.95,988.75,TARGET HIT,Not Hit,2025-06-06 00:00:00,998.15,3.0,11d
HDFCBANK,1d,EMA21/EMA50,2025-03-20 00:00:00,2025-05-28 00:00:00,960.1,967.25,958.85,961.75,958.93,935.65,Between Slow & Fast EMA,44,,,961.75,937.71,990.6,TARGET HIT,Not Hit,2025-06-06 00:00:00,998.15,3.0,7d
HDFCBANK,1d,EMA21/EMA50,2025-03-20 00:00:00,2025-06-02 00:00:00,965.05,968.0,954.0,966.05,961.06,939.25,Between Slow & Fast EMA,47,,,966.05,941.9,995.03,TARGET HIT,Not Hit,2025-06-06 00:00:00,998.15,3.0,4d
HDFCBANK,1d,EMA21/EMA50,2025-03-20 00:00:00,2025-06-04 00:00:00,960.5,971.65,960.45,970.6,962.03,941.35,Between Slow & Fast EMA,49,,,970.6,946.34,999.72,TARGET HIT,Not Hit,2025-06-26 00:00:00,1013.55,3.0,16d
HDFCBANK,1d,EMA21/EMA50,2025-03-20 00:00:00,2025-06-20 00:00:00,965.8,984.95,965.8,982.35,969.48,953.67,Between Slow & Fast EMA,61,,,982.35,957.79,1011.82,TARGET HIT,Not Hit,2025-06-26 00:00:00,1013.55,3.0,4d
HDFCBANK,1d,EMA21/EMA50,2025-03-20 00:00:00,2025-07-15 00:00:00,986.5,1001.8,986.5,997.75,991.49,974.85,Between Slow & Fast EMA,78,,,997.75,972.81,1027.68,SL HIT,2025-08-26 00:00:00,Not Hit,1018.85,-2.5,29d
HDFCBANK,1d,EMA21/EMA50,2025-03-20 00:00:00,2025-07-21 00:00:00,989.1,1001.0,988.25,1000.25,991.83,977.48,Between Slow & Fast EMA,82,,,1000.25,975.24,1030.26,SL HIT,2025-08-26 00:00:00,Not Hit,1018.85,-2.5,25d
HDFCBANK,1d,EMA21/EMA50,2025-03-20 00:00:00,2025-07-29 00:00:00,999.95,1013.25,998.15,1010.8,998.33,983.72,Between Slow & Fast EMA,88,,,1010.8,985.53,1041.12,SL HIT,2025-08-05 00:00:00,Not Hit,1016.3,-2.5,5d
HDFCBANK,1d,EMA21/EMA50,2025-03-20 00:00:00,2025-08-11 00:00:00,987.95,998.8,986.55,997.8,997.7,988.05,At/Below Slow EMA,97,,,997.8,972.85,1027.73,SL HIT,2025-08-26 00:00:00,Not Hit,1013.3,-2.5,10d
HDFCBANK,1d,EMA21/EMA50,2025-10-17 00:00:00,2025-11-03 00:00:00,985.0,994.55,983.3,992.65,990.2,982.76,Between Slow & Fast EMA,10,,,992.65,967.83,1022.43,SL HIT,2026-01-06 00:00:00,Not Hit,1017.5,-2.5,44d
HDFCBANK,1d,EMA21/EMA50,2025-10-17 00:00:00,2025-11-11 00:00:00,983.5,993.5,978.0,991.7,988.59,983.31,At/Below Slow EMA,15,,,991.7,966.91,1021.45,SL HIT,2026-01-06 00:00:00,Not Hit,1017.5,-2.5,39d
HDFCBANK,1d,EMA21/EMA50,2025-10-17 00:00:00,2025-11-14 00:00:00,976.05,991.65,976.05,989.6,988.59,983.91,At/Below Slow EMA,18,,,989.6,964.86,1019.29,SL HIT,2026-01-06 00:00:00,Not Hit,1017.5,-2.5,36d
HDFCBANK,1d,EMA21/EMA50,2025-10-17 00:00:00,2025-11-17 00:00:00,991.25,997.95,985.6,996.55,989.31,984.4,Between Slow & Fast EMA,19,,,996.55,971.64,1026.45,SL HIT,2026-01-06 00:00:00,Not Hit,1017.5,-2.5,35d
HDFCBANK,1d,EMA21/EMA50,2025-10-17 00:00:00,2025-11-19 00:00:00,990.0,996.55,984.0,994.6,990.05,985.1,At/Below Slow EMA,21,,,994.6,969.74,1024.44,SL HIT,2026-01-06 00:00:00,Not Hit,1017.5,-2.5,33d
HDFCBANK,1d,EMA21/EMA50,2025-10-17 00:00:00,2025-11-26 00:00:00,981.3,1006.95,981.3,1003.9,993.69,987.77,At/Below Slow EMA,26,,,1003.9,978.8,1034.02,SL HIT,2025-12-18 00:00:00,Not Hit,1017.5,-2.5,16d
HDFCBANK,1d,EMA21/EMA50,2025-10-17 00:00:00,2025-12-03 00:00:00,986.0,1002.3,986.0,1000.5,996.55,990.28,At/Below Slow EMA,31,,,1000.5,975.49,1030.52,SL HIT,2025-12-18 00:00:00,Not Hit,1008.0,-2.5,11d
HDFCBANK,1d,EMA21/EMA50,2025-10-17 00:00:00,2025-12-05 00:00:00,992.0,1008.0,990.2,1003.3,997.22,991.05,At/Below Slow EMA,33,,,1003.3,978.22,1033.4,SL HIT,2025-12-18 00:00:00,Not Hit,1006.5,-2.5,9d
HDFCBANK,1d,EMA21/EMA50,2025-10-17 00:00:00,2025-12-08 00:00:00,1000.0,1006.5,997.5,1003.1,997.75,991.52,Between Slow & Fast EMA,34,,,1003.1,978.02,1033.19,SL HIT,2025-12-18 00:00:00,Not Hit,1004.7,-2.5,8d
HDFCBANK,1d,EMA21/EMA50,2025-10-17 00:00:00,2025-12-11 00:00:00,990.0,1002.7,988.5,1000.3,997.28,992.01,At/Below Slow EMA,37,,,1000.3,975.29,1030.31,SL HIT,2025-12-18 00:00:00,Not Hit,1004.7,-2.5,5d
HDFCBANK,1d,EMA21/EMA50,2025-10-17 00:00:00,2025-12-23 00:00:00,990.5,998.9,987.7,996.6,993.48,991.57,At/Below Slow EMA,45,,,996.6,971.68,1026.5,SL HIT,2026-01-06 00:00:00,Not Hit,1006.4,-2.5,9d
HDFCBANK,1d,EMA21/EMA50,2025-10-17 00:00:00,2025-12-24 00:00:00,993.0,999.4,993.0,997.2,993.82,991.79,Between Slow & Fast EMA,46,,,997.2,972.27,1027.12,SL HIT,2026-01-06 00:00:00,Not Hit,1006.4,-2.5,8d
HDFCBANK,1d,EMA21/EMA50,2025-10-17 00:00:00,2026-01-02 00:00:00,991.15,1003.2,988.8,1001.6,993.68,992.11,At/Below Slow EMA,52,,,1001.6,976.56,1031.65,SL HIT,2026-01-05 00:00:00,Not Hit,1006.4,-2.5,1d
HDFCBANK,1h,EMA10/EMA20,2026-01-27 15:15:00,2026-01-28 14:15:00,929.45,933.75,928.45,931.4,,,Between Slow & Fast EMA,6,929.21,925.98,931.4,908.12,959.34,TARGET HIT,Not Hit,2026-02-03 09:15:00,983.75,3.0,30h
HDFCBANK,1h,EMA10/EMA20,2026-01-27 15:15:00,2026-01-29 10:15:00,925.9,930.6,925.25,930.2,,,At/Below Slow EMA,9,929.3,926.88,930.2,906.95,958.11,TARGET HIT,Not Hit,2026-02-03 09:15:00,983.75,3.0,27h
HDFCBANK,1h,EMA10/EMA20,2026-01-27 15:15:00,2026-01-29 11:15:00,930.15,934.4,927.95,933.9,,,Between Slow & Fast EMA,10,930.13,927.55,933.9,910.55,961.92,TARGET HIT,Not Hit,2026-02-03 09:15:00,983.75,3.0,26h
HDFCBANK,1h,EMA10/EMA20,2026-01-27 15:15:00,2026-01-30 09:15:00,930.0,937.9,930.0,936.6,,,At/Below Slow EMA,15,933.94,930.94,936.6,913.18,964.7,SL HIT,2026-02-01 12:15:00,Not Hit,939.65,-2.5,10h
HDFCBANK,1h,EMA10/EMA20,2026-01-27 15:15:00,2026-01-30 11:15:00,934.45,935.8,931.9,935.7,,,Between Slow & Fast EMA,17,934.33,931.69,935.7,912.31,963.77,TARGET HIT,Not Hit,2026-02-03 09:15:00,983.75,3.0,19h
HDFCBANK,1h,EMA10/EMA20,2026-01-27 15:15:00,2026-01-30 13:15:00,931.55,934.7,930.1,934.0,,,At/Below Slow EMA,19,933.86,931.91,934.0,910.65,962.02,TARGET HIT,Not Hit,2026-02-03 09:15:00,983.75,3.0,17h
HDFCBANK,1h,EMA10/EMA20,2026-01-27 15:15:00,2026-02-01 09:15:00,932.0,936.8,925.25,935.4,,,At/Below Slow EMA,22,932.8,931.75,935.4,912.01,963.46,TARGET HIT,Not Hit,2026-02-03 09:15:00,983.75,3.0,14h
HDFCBANK,1h,EMA10/EMA20,2026-02-03 09:15:00,2026-02-05 10:15:00,950.9,951.7,949.05,951.65,,,Between Slow & Fast EMA,15,950.64,946.67,951.65,927.86,980.2,SL HIT,2026-02-11 10:15:00,Not Hit,952.85,-2.5,28h
HDFCBANK,1h,EMA10/EMA20,2026-02-16 15:15:00,2026-02-17 09:15:00,923.0,925.8,918.7,925.65,,,At/Below Slow EMA,1,922.98,922.68,925.65,902.51,953.42,SL HIT,2026-02-26 11:15:00,Not Hit,929.0,-2.5,51h
HDFCBANK,1h,EMA10/EMA20,2026-02-16 15:15:00,2026-02-17 10:15:00,925.6,927.7,923.0,926.2,,,At/Below Slow EMA,2,923.57,923.01,926.2,903.05,953.99,SL HIT,2026-02-26 11:15:00,Not Hit,929.0,-2.5,50h
HDFCBANK,1h,EMA10/EMA20,2026-02-16 15:15:00,2026-02-17 14:15:00,924.35,927.3,923.35,925.7,,,At/Below Slow EMA,6,924.32,923.63,925.7,902.56,953.47,SL HIT,2026-02-26 11:15:00,Not Hit,929.0,-2.5,46h
HDFCBANK,1h,EMA10/EMA20,2026-03-16 14:15:00,2026-03-17 11:15:00,840.15,841.05,835.15,840.6,,,Between Slow & Fast EMA,4,835.97,833.43,840.6,819.59,865.82,SL HIT,2026-03-19 09:15:00,Not Hit,848.7,-2.5,12h
HDFCBANK,1h,EMA10/EMA20,2026-03-16 14:15:00,2026-03-18 11:15:00,838.55,842.1,837.75,840.65,,,Between Slow & Fast EMA,11,839.54,837.35,840.65,819.63,865.87,SL HIT,2026-03-19 09:15:00,Not Hit,846.8,-2.5,5h
HDFCBANK,1h,EMA10/EMA20,2026-03-16 14:15:00,2026-03-18 12:15:00,840.7,841.7,838.75,841.2,,,Between Slow & Fast EMA,12,839.84,837.72,841.2,820.17,866.44,SL HIT,2026-03-19 09:15:00,Not Hit,846.8,-2.5,4h
HDFCBANK,1h,EMA10/EMA20,2026-03-16 14:15:00,2026-03-18 13:15:00,841.05,844.45,840.45,844.3,,,Between Slow & Fast EMA,13,840.65,838.35,844.3,823.19,869.63,SL HIT,2026-03-19 09:15:00,Not Hit,846.8,-2.5,3h
HDFCBANK,1h,EMA10/EMA20,2026-04-06 11:15:00,2026-04-07 09:15:00,766.0,767.95,761.0,767.45,,,Between Slow & Fast EMA,5,761.69,756.3,767.45,748.26,790.47,TARGET HIT,Not Hit,2026-04-08 09:15:00,815.0,3.0,7h
HDFCBANK,1h,EMA10/EMA20,2026-04-06 11:15:00,2026-04-07 11:15:00,762.85,769.35,761.95,765.95,,,Between Slow & Fast EMA,7,762.62,757.77,765.95,746.8,788.93,TARGET HIT,Not Hit,2026-04-08 09:15:00,815.0,3.0,5h
HDFCBANK,1h,EMA10/EMA20,2026-04-06 11:15:00,2026-04-09 10:15:00,802.85,804.9,801.0,803.2,,,Between Slow & Fast EMA,20,801.98,790.01,803.2,783.12,827.3,SL HIT,2026-04-23 12:15:00,Not Hit,820.0,-2.5,65h
HDFCBANK,1h,EMA10/EMA20,2026-04-06 11:15:00,2026-04-10 09:15:00,804.0,811.7,801.05,810.0,,,Between Slow & Fast EMA,26,801.87,795.16,810.0,789.75,834.3,SL HIT,2026-04-13 09:15:00,Not Hit,812.25,-2.5,7h
HDFCBANK,1h,EMA21/EMA50,2026-01-29 11:15:00,2026-01-30 09:15:00,930.0,937.9,930.0,936.6,930.71,928.88,Between Slow & Fast EMA,5,,,936.6,913.18,964.7,SL HIT,2026-02-01 12:15:00,Not Hit,939.65,-2.5,10h
HDFCBANK,1h,EMA21/EMA50,2026-01-29 11:15:00,2026-01-30 13:15:00,931.55,934.7,930.1,934.0,931.71,929.63,Between Slow & Fast EMA,9,,,934.0,910.65,962.02,TARGET HIT,Not Hit,2026-02-03 09:15:00,983.75,3.0,17h
HDFCBANK,1h,EMA21/EMA50,2026-01-29 11:15:00,2026-02-01 09:15:00,932.0,936.8,925.25,935.4,931.6,929.8,At/Below Slow EMA,12,,,935.4,912.01,963.46,TARGET HIT,Not Hit,2026-02-03 09:15:00,983.75,3.0,14h
HDFCBANK,1h,EMA21/EMA50,2026-04-08 09:15:00,2026-04-21 09:15:00,795.2,803.5,795.2,802.3,799.41,797.16,At/Below Slow EMA,56,,,802.3,782.24,826.37,SL HIT,2026-04-24 09:15:00,Not Hit,814.5,-2.5,21h
HDFCBANK,1h,EMA21/EMA50,2026-04-08 09:15:00,2026-04-22 11:15:00,804.05,805.0,803.35,804.3,804.24,800.46,Between Slow & Fast EMA,65,,,804.3,784.19,828.43,SL HIT,2026-04-23 12:15:00,Not Hit,804.5,-2.5,8h
ICICIBANK,1d,EMA10/EMA20,2024-01-03 00:00:00,2024-01-04 00:00:00,986.4,989.15,981.9,987.15,,,At/Below Slow EMA,1,983.41,982.87,987.15,962.47,1016.76,TARGET HIT,Not Hit,2024-01-23 00:00:00,1059.4,3.0,13d
ICICIBANK,1d,EMA10/EMA20,2024-01-03 00:00:00,2024-01-05 00:00:00,988.0,998.3,983.8,993.7,,,At/Below Slow EMA,2,985.28,983.9,993.7,968.86,1023.51,TARGET HIT,Not Hit,2024-01-23 00:00:00,1059.4,3.0,12d
ICICIBANK,1d,EMA10/EMA20,2024-01-03 00:00:00,2024-01-10 00:00:00,974.3,994.95,974.3,993.05,,,At/Below Slow EMA,5,985.47,984.27,993.05,968.22,1022.84,TARGET HIT,Not Hit,2024-01-23 00:00:00,1059.4,3.0,9d
ICICIBANK,1d,EMA10/EMA20,2024-01-03 00:00:00,2024-01-19 00:00:00,991.3,1010.9,987.55,999.2,,,At/Below Slow EMA,12,993.49,990.52,999.2,974.22,1029.18,TARGET HIT,Not Hit,2024-01-23 00:00:00,1059.4,3.0,2d
ICICIBANK,1d,EMA10/EMA20,2024-01-03 00:00:00,2024-01-20 00:00:00,1005.95,1014.7,995.3,1008.7,,,Between Slow & Fast EMA,13,996.26,992.25,1008.7,983.48,1038.96,TARGET HIT,Not Hit,2024-01-23 00:00:00,1059.4,3.0,1d
ICICIBANK,1d,EMA10/EMA20,2024-01-03 00:00:00,2024-01-25 00:00:00,998.4,1015.1,988.15,1009.95,,,At/Below Slow EMA,16,1003.18,997.41,1009.95,984.7,1040.25,TARGET HIT,Not Hit,2024-02-02 00:00:00,1050.0,3.0,5d
ICICIBANK,1d,EMA10/EMA20,2024-01-03 00:00:00,2024-01-31 00:00:00,1016.8,1039.0,1003.25,1028.15,,,At/Below Slow EMA,19,1011.37,1003.5,1028.15,1002.45,1058.99,SL HIT,2024-02-08 00:00:00,Not Hit,1050.0,-2.5,6d
ICICIBANK,1d,EMA10/EMA20,2024-01-03 00:00:00,2024-02-05 00:00:00,1022.5,1026.45,1012.1,1023.5,,,Between Slow & Fast EMA,22,1017.13,1008.86,1023.5,997.91,1054.2,SL HIT,2024-02-08 00:00:00,Not Hit,1034.9,-2.5,3d
ICICIBANK,1d,EMA10/EMA20,2024-01-03 00:00:00,2024-02-06 00:00:00,1023.55,1034.9,1016.7,1026.4,,,Between Slow & Fast EMA,23,1018.82,1010.53,1026.4,1000.74,1057.19,SL HIT,2024-02-08 00:00:00,Not Hit,1031.55,-2.5,2d
ICICIBANK,1d,EMA10/EMA20,2024-01-03 00:00:00,2024-02-13 00:00:00,1006.0,1027.05,1000.3,1019.8,,,At/Below Slow EMA,28,1011.96,1009.42,1019.8,994.3,1050.39,TARGET HIT,Not Hit,2024-02-20 00:00:00,1052.65,3.0,5d
ICICIBANK,1d,EMA10/EMA20,2024-01-03 00:00:00,2024-02-14 00:00:00,1009.55,1035.7,1007.55,1022.7,,,At/Below Slow EMA,29,1013.91,1010.69,1022.7,997.13,1053.38,TARGET HIT,Not Hit,2024-02-21 00:00:00,1064.0,3.0,5d
ICICIBANK,1d,EMA10/EMA20,2024-01-03 00:00:00,2024-02-27 00:00:00,1050.75,1066.2,1046.5,1060.2,,,Between Slow & Fast EMA,38,1046.51,1034.17,1060.2,1033.69,1092.01,TARGET HIT,Not Hit,2024-03-04 00:00:00,1095.0,3.0,5d
ICICIBANK,1d,EMA10/EMA20,2024-01-03 00:00:00,2024-02-29 00:00:00,1043.05,1060.7,1038.5,1052.2,,,Between Slow & Fast EMA,40,1047.5,1036.93,1052.2,1025.89,1083.77,TARGET HIT,Not Hit,2024-03-01 00:00:00,1089.95,3.0,1d
ICICIBANK,1d,EMA10/EMA20,2024-01-03 00:00:00,2024-03-01 00:00:00,1055.0,1089.95,1054.0,1086.9,,,Between Slow & Fast EMA,41,1054.66,1041.69,1086.9,1059.73,1119.51,SL HIT,2024-03-12 00:00:00,Not Hit,1113.55,-2.5,7d
ICICIBANK,1d,EMA10/EMA20,2024-01-03 00:00:00,2024-03-13 00:00:00,1077.15,1089.65,1073.15,1083.95,,,Between Slow & Fast EMA,49,1078.61,1065.78,1083.95,1056.85,1116.47,TARGET HIT,Not Hit,2024-04-10 00:00:00,1116.55,3.0,18d
ICICIBANK,1d,EMA10/EMA20,2024-01-03 00:00:00,2024-03-14 00:00:00,1080.0,1097.1,1075.05,1083.6,,,Between Slow & Fast EMA,50,1079.51,1067.48,1083.6,1056.51,1116.11,TARGET HIT,Not Hit,2024-04-10 00:00:00,1116.55,3.0,17d
ICICIBANK,1d,EMA10/EMA20,2024-01-03 00:00:00,2024-03-15 00:00:00,1072.0,1086.25,1070.0,1080.35,,,Between Slow & Fast EMA,51,1079.67,1068.7,1080.35,1053.34,1112.76,TARGET HIT,Not Hit,2024-04-09 00:00:00,1115.25,3.0,15d
ICICIBANK,1d,EMA10/EMA20,2024-01-03 00:00:00,2024-03-18 00:00:00,1075.05,1084.8,1060.05,1081.2,,,At/Below Slow EMA,52,1079.95,1069.89,1081.2,1054.17,1113.64,TARGET HIT,Not Hit,2024-04-09 00:00:00,1115.25,3.0,14d
ICICIBANK,1d,EMA10/EMA20,2024-01-03 00:00:00,2024-03-19 00:00:00,1078.45,1088.75,1075.25,1083.95,,,Between Slow & Fast EMA,53,1080.67,1071.23,1083.95,1056.85,1116.47,TARGET HIT,Not Hit,2024-04-10 00:00:00,1116.55,3.0,14d
ICICIBANK,1d,EMA10/EMA20,2024-01-03 00:00:00,2024-03-20 00:00:00,1080.0,1090.0,1067.5,1084.5,,,At/Below Slow EMA,54,1081.37,1072.5,1084.5,1057.39,1117.04,SL HIT,2024-04-18 00:00:00,Not Hit,1116.55,-2.5,17d
ICICIBANK,1d,EMA10/EMA20,2024-01-03 00:00:00,2024-03-22 00:00:00,1081.15,1093.7,1078.7,1090.3,,,Between Slow & Fast EMA,56,1083.06,1074.99,1090.3,1063.04,1123.01,SL HIT,2024-04-16 00:00:00,Not Hit,1116.55,-2.5,14d
ICICIBANK,1d,EMA10/EMA20,2024-01-03 00:00:00,2024-03-26 00:00:00,1081.0,1089.15,1076.95,1083.7,,,Between Slow & Fast EMA,57,1083.17,1075.82,1083.7,1056.61,1116.21,TARGET HIT,Not Hit,2024-04-10 00:00:00,1116.55,3.0,10d
ICICIBANK,1d,EMA10/EMA20,2024-01-03 00:00:00,2024-03-27 00:00:00,1083.7,1092.5,1079.55,1083.75,,,Between Slow & Fast EMA,58,1083.28,1076.58,1083.75,1056.66,1116.26,TARGET HIT,Not Hit,2024-04-10 00:00:00,1116.55,3.0,9d
ICICIBANK,1d,EMA10/EMA20,2024-01-03 00:00:00,2024-03-28 00:00:00,1085.0,1105.05,1085.0,1093.3,,,Between Slow & Fast EMA,59,1085.1,1078.17,1093.3,1065.97,1126.1,SL HIT,2024-04-04 00:00:00,Not Hit,1102.95,-2.5,4d
ICICIBANK,1d,EMA10/EMA20,2024-01-03 00:00:00,2024-04-08 00:00:00,1078.35,1091.75,1076.3,1087.15,,,At/Below Slow EMA,65,1084.32,1080.89,1087.15,1059.97,1119.76,SL HIT,2024-04-18 00:00:00,Not Hit,1116.55,-2.5,6d
ICICIBANK,1d,EMA10/EMA20,2024-01-03 00:00:00,2024-04-09 00:00:00,1091.95,1115.25,1088.3,1107.05,,,Between Slow & Fast EMA,66,1088.46,1083.39,1107.05,1079.37,1140.26,SL HIT,2024-04-15 00:00:00,Not Hit,1116.55,-2.5,3d
ICICIBANK,1d,EMA10/EMA20,2024-04-24 00:00:00,2024-04-25 00:00:00,1090.0,1125.65,1089.95,1113.75,,,Between Slow & Fast EMA,1,1089.99,1086.37,1113.75,1085.91,1147.16,TARGET HIT,Not Hit,2024-04-29 00:00:00,1163.45,3.0,2d
ICICIBANK,1d,EMA10/EMA20,2024-04-24 00:00:00,2024-05-13 00:00:00,1112.4,1130.65,1106.7,1128.0,,,At/Below Slow EMA,12,1124.3,1115.98,1128.0,1099.8,1161.84,SL HIT,2024-05-22 00:00:00,Not Hit,1144.0,-2.5,7d
ICICIBANK,1d,EMA10/EMA20,2024-04-24 00:00:00,2024-05-15 00:00:00,1122.1,1127.8,1113.5,1124.35,,,At/Below Slow EMA,14,1123.75,1117.17,1124.35,1096.24,1158.08,TARGET HIT,Not Hit,2024-06-03 00:00:00,1173.0,3.0,13d
ICICIBANK,1d,EMA10/EMA20,2024-04-24 00:00:00,2024-05-23 00:00:00,1115.55,1137.0,1111.4,1134.5,,,At/Below Slow EMA,20,1125.22,1121.2,1134.5,1106.14,1168.54,SL HIT,2024-05-29 00:00:00,Not Hit,1147.8,-2.5,4d
ICICIBANK,1d,EMA10/EMA20,2024-04-24 00:00:00,2024-05-24 00:00:00,1130.0,1135.0,1124.15,1131.95,,,Between Slow & Fast EMA,21,1126.44,1122.23,1131.95,1103.65,1165.91,SL HIT,2024-05-29 00:00:00,Not Hit,1147.8,-2.5,3d
ICICIBANK,1d,EMA10/EMA20,2024-04-24 00:00:00,2024-05-31 00:00:00,1118.0,1130.6,1111.25,1121.05,,,At/Below Slow EMA,26,1120.91,1120.62,1121.05,1093.02,1154.68,TARGET HIT,Not Hit,2024-06-03 00:00:00,1173.0,3.0,1d
ICICIBANK,1d,EMA10/EMA20,2024-06-19 00:00:00,2024-07-03 00:00:00,1196.85,1215.85,1179.45,1201.6,,,Between Slow & Fast EMA,10,1188.25,1168.04,1201.6,1171.56,1237.65,TARGET HIT,Not Hit,2024-07-05 00:00:00,1242.6,3.0,2d
ICICIBANK,1d,EMA10/EMA20,2024-06-19 00:00:00,2024-07-18 00:00:00,1234.9,1256.45,1231.7,1250.3,,,Between Slow & Fast EMA,20,1232.84,1212.97,1250.3,1219.04,1287.81,SL HIT,2024-07-23 00:00:00,Not Hit,1250.5,-2.5,3d
ICICIBANK,1d,EMA10/EMA20,2024-06-19 00:00:00,2024-07-22 00:00:00,1240.0,1245.3,1232.9,1241.15,,,Between Slow & Fast EMA,22,1236.7,1218.73,1241.15,1210.12,1278.38,SL HIT,2024-07-24 00:00:00,Not Hit,1248.65,-2.5,2d
ICICIBANK,1d,EMA10/EMA20,2024-08-27 00:00:00,2024-09-09 00:00:00,1202.9,1238.3,1200.45,1235.0,,,At/Below Slow EMA,9,1224.3,1215.13,1235.0,1204.12,1272.05,TARGET HIT,Not Hit,2024-09-17 00:00:00,1272.25,3.0,6d
ICICIBANK,1d,EMA10/EMA20,2024-08-27 00:00:00,2024-09-11 00:00:00,1231.5,1239.3,1226.4,1236.35,,,Between Slow & Fast EMA,11,1228.43,1219.06,1236.35,1205.44,1273.44,TARGET HIT,Not Hit,2024-09-18 00:00:00,1295.35,3.0,5d
ICICIBANK,1d,EMA10/EMA20,2024-08-27 00:00:00,2024-09-12 00:00:00,1238.0,1257.0,1226.35,1252.15,,,Between Slow & Fast EMA,12,1232.74,1222.21,1252.15,1220.85,1289.71,TARGET HIT,Not Hit,2024-09-18 00:00:00,1295.35,3.0,4d
ICICIBANK,1d,EMA10/EMA20,2024-10-28 00:00:00,2024-11-05 00:00:00,1273.0,1301.3,1263.1,1296.7,,,At/Below Slow EMA,6,1285.55,1276.28,1296.7,1264.28,1335.6,SL HIT,2024-11-08 00:00:00,Not Hit,1315.0,-2.5,3d
ICICIBANK,1d,EMA10/EMA20,2024-11-25 00:00:00,2024-11-29 00:00:00,1283.1,1303.25,1283.1,1300.1,,,Between Slow & Fast EMA,4,1285.66,1279.65,1300.1,1267.6,1339.1,TARGET HIT,Not Hit,2024-12-05 00:00:00,1342.9,3.0,4d
ICICIBANK,1d,EMA10/EMA20,2024-11-25 00:00:00,2024-12-11 00:00:00,1324.7,1331.25,1316.0,1327.5,,,Between Slow & Fast EMA,12,1316.94,1303.79,1327.5,1294.31,1367.33,SL HIT,2024-12-19 00:00:00,Not Hit,1350.45,-2.5,6d
ICICIBANK,1d,EMA10/EMA20,2024-11-25 00:00:00,2024-12-13 00:00:00,1325.35,1347.15,1313.5,1344.9,,,Between Slow & Fast EMA,14,1323.85,1309.9,1344.9,1311.28,1385.25,SL HIT,2024-12-18 00:00:00,Not Hit,1350.45,-2.5,3d
ICICIBANK,1d,EMA10/EMA20,2025-02-04 00:00:00,2025-02-10 00:00:00,1257.2,1265.0,1249.35,1262.6,,,At/Below Slow EMA,4,1257.18,1253.74,1262.6,1231.03,1300.48,SL HIT,2025-02-19 00:00:00,Not Hit,1269.75,-2.5,7d
ICICIBANK,1d,EMA10/EMA20,2025-02-04 00:00:00,2025-02-14 00:00:00,1252.1,1263.5,1244.45,1260.1,,,At/Below Slow EMA,8,1255.38,1253.71,1260.1,1228.6,1297.9,SL HIT,2025-02-21 00:00:00,Not Hit,1264.45,-2.5,5d
ICICIBANK,1d,EMA10/EMA20,2025-02-04 00:00:00,2025-02-19 00:00:00,1234.85,1264.45,1230.25,1261.65,,,At/Below Slow EMA,11,1254.17,1253.35,1261.65,1230.11,1299.5,SL HIT,2025-02-21 00:00:00,Not Hit,1264.0,-2.5,2d
ICICIBANK,1d,EMA10/EMA20,2025-03-17 00:00:00,2025-04-02 00:00:00,1322.15,1337.95,1322.15,1331.25,,,Between Slow & Fast EMA,11,1323.55,1301.4,1331.25,1297.97,1371.19,SL HIT,2025-04-07 00:00:00,Not Hit,1338.55,-2.5,3d
ICICIBANK,1d,EMA10/EMA20,2025-03-17 00:00:00,2025-04-03 00:00:00,1321.95,1333.0,1321.25,1329.55,,,Between Slow & Fast EMA,12,1324.64,1304.08,1329.55,1296.31,1369.44,SL HIT,2025-04-07 00:00:00,Not Hit,1338.55,-2.5,2d
ICICIBANK,1d,EMA10/EMA20,2025-03-17 00:00:00,2025-04-04 00:00:00,1329.55,1338.55,1322.1,1335.3,,,Between Slow & Fast EMA,13,1326.58,1307.05,1335.3,1301.92,1375.36,SL HIT,2025-04-07 00:00:00,Not Hit,1325.0,-2.5,1d
ICICIBANK,1d,EMA10/EMA20,2025-03-17 00:00:00,2025-05-12 00:00:00,1409.4,1453.0,1404.0,1448.5,,,Between Slow & Fast EMA,35,1422.46,1402.37,1448.5,1412.29,1491.95,SL HIT,2025-06-13 00:00:00,Not Hit,1471.6,-2.5,24d
ICICIBANK,1d,EMA10/EMA20,2025-03-17 00:00:00,2025-05-15 00:00:00,1425.9,1456.5,1415.5,1450.8,,,Between Slow & Fast EMA,38,1429.16,1411.24,1450.8,1414.53,1494.32,SL HIT,2025-06-13 00:00:00,Not Hit,1471.6,-2.5,21d
ICICIBANK,1d,EMA10/EMA20,2025-03-17 00:00:00,2025-05-22 00:00:00,1441.1,1445.3,1427.8,1442.1,,,Between Slow & Fast EMA,43,1438.92,1424.56,1442.1,1406.05,1485.36,SL HIT,2025-06-13 00:00:00,Not Hit,1471.6,-2.5,16d
ICICIBANK,1d,EMA10/EMA20,2025-03-17 00:00:00,2025-05-23 00:00:00,1442.2,1451.8,1434.4,1449.8,,,Between Slow & Fast EMA,44,1440.9,1426.96,1449.8,1413.55,1493.29,SL HIT,2025-06-13 00:00:00,Not Hit,1471.6,-2.5,15d
ICICIBANK,1d,EMA10/EMA20,2025-03-17 00:00:00,2025-05-28 00:00:00,1447.6,1458.0,1442.5,1453.8,,,Between Slow & Fast EMA,47,1446.46,1433.81,1453.8,1417.45,1497.41,SL HIT,2025-06-10 00:00:00,Not Hit,1466.8,-2.5,9d
ICICIBANK,1d,EMA10/EMA20,2025-03-17 00:00:00,2025-06-02 00:00:00,1442.0,1460.0,1432.8,1450.5,,,At/Below Slow EMA,50,1448.32,1438.2,1450.5,1414.24,1494.02,SL HIT,2025-06-13 00:00:00,Not Hit,1466.8,-2.5,9d
ICICIBANK,1d,EMA10/EMA20,2025-03-17 00:00:00,2025-06-05 00:00:00,1430.9,1459.0,1427.3,1454.8,,,At/Below Slow EMA,53,1445.65,1439.14,1454.8,1418.43,1498.44,SL HIT,2025-06-10 00:00:00,Not Hit,1466.8,-2.5,3d
ICICIBANK,1d,EMA10/EMA20,2025-03-17 00:00:00,2025-06-06 00:00:00,1448.6,1461.4,1442.1,1459.7,,,Between Slow & Fast EMA,54,1448.21,1441.1,1459.7,1423.21,1503.49,SL HIT,2025-06-10 00:00:00,Not Hit,1466.8,-2.5,2d
ICICIBANK,1d,EMA10/EMA20,2025-06-27 00:00:00,2025-07-04 00:00:00,1427.0,1444.4,1421.1,1442.8,,,At/Below Slow EMA,5,1434.19,1432.99,1442.8,1406.73,1486.08,TARGET HIT,Not Hit,2025-07-23 00:00:00,1490.0,3.0,13d
ICICIBANK,1d,EMA10/EMA20,2025-06-27 00:00:00,2025-07-08 00:00:00,1432.0,1445.0,1430.0,1442.0,,,At/Below Slow EMA,7,1435.83,1434.08,1442.0,1405.95,1485.26,TARGET HIT,Not Hit,2025-07-23 00:00:00,1490.0,3.0,11d
ICICIBANK,1d,EMA10/EMA20,2025-07-21 00:00:00,2025-07-31 00:00:00,1469.9,1494.5,1464.0,1481.4,,,Between Slow & Fast EMA,8,1473.15,1460.29,1481.4,1444.37,1525.84,SL HIT,2025-08-05 00:00:00,Not Hit,1485.1,-2.5,3d
ICICIBANK,1d,EMA10/EMA20,2025-11-19 00:00:00,2025-11-26 00:00:00,1360.0,1377.0,1359.9,1375.0,,,At/Below Slow EMA,5,1369.72,1369.13,1375.0,1340.62,1416.25,SL HIT,2025-12-30 00:00:00,Not Hit,1400.0,-2.5,23d
ICICIBANK,1d,EMA10/EMA20,2025-11-19 00:00:00,2025-12-03 00:00:00,1367.0,1394.2,1367.0,1391.5,,,At/Below Slow EMA,10,1380.38,1376.09,1391.5,1356.71,1433.25,SL HIT,2025-12-11 00:00:00,Not Hit,1395.3,-2.5,6d
ICICIBANK,1d,EMA10/EMA20,2025-11-19 00:00:00,2025-12-05 00:00:00,1381.0,1395.3,1381.0,1392.5,,,Between Slow & Fast EMA,12,1383.52,1378.57,1392.5,1357.69,1434.28,SL HIT,2025-12-11 00:00:00,Not Hit,1394.9,-2.5,4d
ICICIBANK,1d,EMA10/EMA20,2025-11-19 00:00:00,2025-12-08 00:00:00,1387.0,1394.9,1383.3,1389.6,,,Between Slow & Fast EMA,13,1384.63,1379.62,1389.6,1354.86,1431.29,SL HIT,2025-12-11 00:00:00,Not Hit,1384.3,-2.5,3d
ICICIBANK,1d,EMA10/EMA20,2026-01-06 00:00:00,2026-01-12 00:00:00,1399.9,1424.3,1391.7,1413.1,,,Between Slow & Fast EMA,4,1394.39,1382.01,1413.1,1377.77,1455.49,SL HIT,2026-01-19 00:00:00,Not Hit,1443.9,-2.5,4d
ICICIBANK,1d,EMA10/EMA20,2026-02-05 00:00:00,2026-02-16 00:00:00,1404.0,1414.0,1400.5,1411.6,,,Between Slow & Fast EMA,7,1403.81,1394.03,1411.6,1376.31,1453.95,SL HIT,2026-03-02 00:00:00,Not Hit,1413.6,-2.5,10d
ICICIBANK,1d,EMA10/EMA20,2026-02-05 00:00:00,2026-02-17 00:00:00,1406.2,1413.6,1393.6,1407.5,,,At/Below Slow EMA,8,1404.48,1395.32,1407.5,1372.31,1449.73,SL HIT,2026-03-02 00:00:00,Not Hit,1412.3,-2.5,9d
ICICIBANK,1d,EMA10/EMA20,2026-02-05 00:00:00,2026-02-25 00:00:00,1391.8,1407.4,1388.2,1400.5,,,At/Below Slow EMA,14,1398.19,1395.49,1400.5,1365.49,1442.52,SL HIT,2026-03-02 00:00:00,Not Hit,1410.0,-2.5,3d
ICICIBANK,1d,EMA21/EMA50,2024-01-03 00:00:00,2024-01-04 00:00:00,986.4,989.15,981.9,987.15,982.84,982.51,At/Below Slow EMA,1,,,987.15,962.47,1016.76,TARGET HIT,Not Hit,2024-01-23 00:00:00,1059.4,3.0,13d
ICICIBANK,1d,EMA21/EMA50,2024-01-03 00:00:00,2024-01-05 00:00:00,988.0,998.3,983.8,993.7,983.83,982.95,Between Slow & Fast EMA,2,,,993.7,968.86,1023.51,TARGET HIT,Not Hit,2024-01-23 00:00:00,1059.4,3.0,12d
ICICIBANK,1d,EMA21/EMA50,2024-01-03 00:00:00,2024-01-10 00:00:00,974.3,994.95,974.3,993.05,984.19,983.19,At/Below Slow EMA,5,,,993.05,968.22,1022.84,TARGET HIT,Not Hit,2024-01-23 00:00:00,1059.4,3.0,9d
ICICIBANK,1d,EMA21/EMA50,2024-01-03 00:00:00,2024-01-19 00:00:00,991.3,1010.9,987.55,999.2,990.29,986.57,Between Slow & Fast EMA,12,,,999.2,974.22,1029.18,TARGET HIT,Not Hit,2024-01-23 00:00:00,1059.4,3.0,2d
ICICIBANK,1d,EMA21/EMA50,2024-01-03 00:00:00,2024-01-25 00:00:00,998.4,1015.1,988.15,1009.95,996.98,990.27,At/Below Slow EMA,16,,,1009.95,984.7,1040.25,TARGET HIT,Not Hit,2024-02-02 00:00:00,1050.0,3.0,5d
ICICIBANK,1d,EMA21/EMA50,2024-01-03 00:00:00,2024-02-09 00:00:00,988.85,1013.75,985.5,1010.7,1009.16,999.31,At/Below Slow EMA,26,,,1010.7,985.43,1041.02,SL HIT,2024-02-12 00:00:00,Not Hit,1012.2,-2.5,1d
ICICIBANK,1d,EMA21/EMA50,2024-01-03 00:00:00,2024-02-13 00:00:00,1006.0,1027.05,1000.3,1019.8,1009.05,999.99,Between Slow & Fast EMA,28,,,1019.8,994.3,1050.39,TARGET HIT,Not Hit,2024-02-20 00:00:00,1052.65,3.0,5d
ICICIBANK,1d,EMA21/EMA50,2024-01-03 00:00:00,2024-02-14 00:00:00,1009.55,1035.7,1007.55,1022.7,1010.29,1000.89,Between Slow & Fast EMA,29,,,1022.7,997.13,1053.38,TARGET HIT,Not Hit,2024-02-21 00:00:00,1064.0,3.0,5d
ICICIBANK,1d,EMA21/EMA50,2024-01-03 00:00:00,2024-03-18 00:00:00,1075.05,1084.8,1060.05,1081.2,1068.8,1043.34,Between Slow & Fast EMA,52,,,1081.2,1054.17,1113.64,TARGET HIT,Not Hit,2024-04-09 00:00:00,1115.25,3.0,14d
ICICIBANK,1d,EMA21/EMA50,2024-01-03 00:00:00,2024-03-20 00:00:00,1080.0,1090.0,1067.5,1084.5,1071.48,1046.49,Between Slow & Fast EMA,54,,,1084.5,1057.39,1117.04,SL HIT,2024-04-18 00:00:00,Not Hit,1116.55,-2.5,17d
ICICIBANK,1d,EMA21/EMA50,2024-01-03 00:00:00,2024-04-05 00:00:00,1070.0,1086.0,1067.45,1083.4,1079.64,1059.22,Between Slow & Fast EMA,64,,,1083.4,1056.32,1115.9,TARGET HIT,Not Hit,2024-04-10 00:00:00,1116.55,3.0,3d
ICICIBANK,1d,EMA21/EMA50,2024-01-03 00:00:00,2024-04-08 00:00:00,1078.35,1091.75,1076.3,1087.15,1080.33,1060.31,Between Slow & Fast EMA,65,,,1087.15,1059.97,1119.76,SL HIT,2024-04-18 00:00:00,Not Hit,1116.55,-2.5,6d
ICICIBANK,1d,EMA21/EMA50,2024-01-03 00:00:00,2024-04-22 00:00:00,1078.8,1088.7,1070.35,1086.65,1081.02,1066.58,Between Slow & Fast EMA,73,,,1086.65,1059.48,1119.25,TARGET HIT,Not Hit,2024-04-25 00:00:00,1125.65,3.0,3d
ICICIBANK,1d,EMA21/EMA50,2024-01-03 00:00:00,2024-05-13 00:00:00,1112.4,1130.65,1106.7,1128.0,1115.12,1092.37,Between Slow & Fast EMA,87,,,1128.0,1099.8,1161.84,SL HIT,2024-05-22 00:00:00,Not Hit,1144.0,-2.5,7d
ICICIBANK,1d,EMA21/EMA50,2024-01-03 00:00:00,2024-05-15 00:00:00,1122.1,1127.8,1113.5,1124.35,1116.41,1094.69,Between Slow & Fast EMA,89,,,1124.35,1096.24,1158.08,TARGET HIT,Not Hit,2024-06-03 00:00:00,1173.0,3.0,13d
ICICIBANK,1d,EMA21/EMA50,2024-01-03 00:00:00,2024-05-23 00:00:00,1115.55,1137.0,1111.4,1134.5,1120.64,1101.44,Between Slow & Fast EMA,95,,,1134.5,1106.14,1168.54,SL HIT,2024-05-29 00:00:00,Not Hit,1147.8,-2.5,4d
ICICIBANK,1d,EMA21/EMA50,2024-01-03 00:00:00,2024-05-31 00:00:00,1118.0,1130.6,1111.25,1121.05,1120.34,1105.5,Between Slow & Fast EMA,101,,,1121.05,1093.02,1154.68,TARGET HIT,Not Hit,2024-06-03 00:00:00,1173.0,3.0,1d
ICICIBANK,1d,EMA21/EMA50,2024-01-03 00:00:00,2024-06-07 00:00:00,1110.4,1128.3,1103.6,1121.7,1117.89,1107.07,At/Below Slow EMA,106,,,1121.7,1093.66,1155.35,TARGET HIT,Not Hit,2024-06-19 00:00:00,1165.55,3.0,7d
ICICIBANK,1d,EMA21/EMA50,2024-01-03 00:00:00,2024-06-10 00:00:00,1116.0,1133.2,1115.1,1123.8,1118.42,1107.73,Between Slow & Fast EMA,107,,,1123.8,1095.7,1157.51,TARGET HIT,Not Hit,2024-06-19 00:00:00,1165.55,3.0,6d
ICICIBANK,1d,EMA21/EMA50,2024-01-03 00:00:00,2024-06-18 00:00:00,1113.95,1135.05,1101.2,1122.85,1117.0,1108.99,At/Below Slow EMA,112,,,1122.85,1094.78,1156.54,TARGET HIT,Not Hit,2024-06-19 00:00:00,1165.55,3.0,1d
ICICIBANK,1d,EMA21/EMA50,2024-01-03 00:00:00,2024-08-22 00:00:00,1182.0,1192.6,1176.6,1191.1,1186.38,1181.95,At/Below Slow EMA,157,,,1191.1,1161.32,1226.83,TARGET HIT,Not Hit,2024-08-27 00:00:00,1232.5,3.0,3d
ICICIBANK,1d,EMA21/EMA50,2024-01-03 00:00:00,2024-09-09 00:00:00,1202.9,1238.3,1200.45,1235.0,1214.48,1199.02,Between Slow & Fast EMA,169,,,1235.0,1204.12,1272.05,TARGET HIT,Not Hit,2024-09-17 00:00:00,1272.25,3.0,6d
ICICIBANK,1d,EMA21/EMA50,2024-01-03 00:00:00,2024-10-15 00:00:00,1238.95,1258.3,1235.4,1255.5,1255.43,1241.34,At/Below Slow EMA,194,,,1255.5,1224.11,1293.16,TARGET HIT,Not Hit,2024-10-28 00:00:00,1307.8,3.0,9d
ICICIBANK,1d,EMA21/EMA50,2024-01-03 00:00:00,2024-10-18 00:00:00,1227.95,1268.9,1225.25,1264.5,1253.33,1241.94,At/Below Slow EMA,197,,,1264.5,1232.89,1302.43,TARGET HIT,Not Hit,2024-10-28 00:00:00,1307.8,3.0,6d
ICICIBANK,1d,EMA21/EMA50,2024-01-03 00:00:00,2024-10-25 00:00:00,1247.25,1268.9,1234.2,1255.45,1254.67,1244.68,At/Below Slow EMA,202,,,1255.45,1224.06,1293.11,TARGET HIT,Not Hit,2024-10-28 00:00:00,1307.8,3.0,1d
ICICIBANK,1d,EMA21/EMA50,2024-01-03 00:00:00,2024-11-05 00:00:00,1273.0,1301.3,1263.1,1296.7,1275.59,1257.85,Between Slow & Fast EMA,209,,,1296.7,1264.28,1335.6,SL HIT,2024-11-08 00:00:00,Not Hit,1315.0,-2.5,3d
ICICIBANK,1d,EMA21/EMA50,2024-01-03 00:00:00,2024-11-22 00:00:00,1258.0,1281.4,1256.0,1278.05,1267.65,1260.23,At/Below Slow EMA,220,,,1278.05,1246.1,1316.39,TARGET HIT,Not Hit,2024-12-04 00:00:00,1320.0,3.0,8d
ICICIBANK,1d,EMA21/EMA50,2024-01-03 00:00:00,2024-12-27 00:00:00,1298.55,1315.95,1298.55,1307.55,1306.57,1292.54,Between Slow & Fast EMA,244,,,1307.55,1274.86,1346.78,SL HIT,2025-01-01 00:00:00,Not Hit,1326.5,-2.5,3d
ICICIBANK,1d,EMA21/EMA50,2025-03-20 00:00:00,2025-06-02 00:00:00,1442.0,1460.0,1432.8,1450.5,1436.87,1395.31,Between Slow & Fast EMA,47,,,1450.5,1414.24,1494.02,SL HIT,2025-06-13 00:00:00,Not Hit,1466.8,-2.5,9d
ICICIBANK,1d,EMA21/EMA50,2025-03-20 00:00:00,2025-06-05 00:00:00,1430.9,1459.0,1427.3,1454.8,1438.1,1400.53,Between Slow & Fast EMA,50,,,1454.8,1418.43,1498.44,SL HIT,2025-06-10 00:00:00,Not Hit,1466.8,-2.5,3d
ICICIBANK,1d,EMA21/EMA50,2025-03-20 00:00:00,2025-06-26 00:00:00,1424.8,1447.5,1421.7,1439.1,1428.68,1412.07,Between Slow & Fast EMA,65,,,1439.1,1403.12,1482.27,TARGET HIT,Not Hit,2025-07-23 00:00:00,1490.0,3.0,19d
ICICIBANK,1d,EMA21/EMA50,2025-03-20 00:00:00,2025-07-04 00:00:00,1427.0,1444.4,1421.1,1442.8,1432.85,1417.8,Between Slow & Fast EMA,71,,,1442.8,1406.73,1486.08,TARGET HIT,Not Hit,2025-07-23 00:00:00,1490.0,3.0,13d
ICICIBANK,1d,EMA21/EMA50,2025-03-20 00:00:00,2025-07-08 00:00:00,1432.0,1445.0,1430.0,1442.0,1433.92,1419.42,Between Slow & Fast EMA,73,,,1442.0,1405.95,1485.26,TARGET HIT,Not Hit,2025-07-23 00:00:00,1490.0,3.0,11d
ICICIBANK,1d,EMA21/EMA50,2025-03-20 00:00:00,2025-08-21 00:00:00,1440.1,1447.8,1436.4,1446.0,1442.88,1438.8,At/Below Slow EMA,104,,,1446.0,1409.85,1489.38,SL HIT,2025-08-28 00:00:00,Not Hit,1446.0,-2.5,4d
ICICIBANK,1d,EMA21/EMA50,2026-02-05 00:00:00,2026-02-17 00:00:00,1406.2,1413.6,1393.6,1407.5,1394.69,1385.67,Between Slow & Fast EMA,8,,,1407.5,1372.31,1449.73,SL HIT,2026-03-02 00:00:00,Not Hit,1412.3,-2.5,9d
ICICIBANK,1d,EMA21/EMA50,2026-02-05 00:00:00,2026-02-25 00:00:00,1391.8,1407.4,1388.2,1400.5,1395.14,1387.85,Between Slow & Fast EMA,14,,,1400.5,1365.49,1442.52,SL HIT,2026-03-02 00:00:00,Not Hit,1410.0,-2.5,3d
ICICIBANK,1h,EMA10/EMA20,2026-01-02 11:15:00,2026-01-06 09:15:00,1372.0,1410.5,1367.8,1409.7,,,Between Slow & Fast EMA,12,1373.53,1363.68,1409.7,1374.46,1451.99,SL HIT,2026-01-19 09:15:00,Not Hit,1443.4,-2.5,56h
ICICIBANK,1h,EMA10/EMA20,2026-01-12 15:15:00,2026-01-13 09:15:00,1420.0,1424.9,1411.1,1422.7,,,At/Below Slow EMA,1,1415.05,1413.8,1422.7,1387.13,1465.38,SL HIT,2026-01-19 09:15:00,Not Hit,1443.4,-2.5,21h
ICICIBANK,1h,EMA10/EMA20,2026-01-12 15:15:00,2026-01-14 11:15:00,1416.5,1431.8,1416.1,1429.2,,,At/Below Slow EMA,10,1426.64,1423.46,1429.2,1393.47,1472.08,SL HIT,2026-01-19 09:15:00,Not Hit,1431.8,-2.5,12h
ICICIBANK,1h,EMA10/EMA20,2026-01-27 15:15:00,2026-01-29 10:15:00,1363.8,1367.7,1362.2,1365.4,,,Between Slow & Fast EMA,9,1364.7,1361.45,1365.4,1331.27,1406.36,SL HIT,2026-02-01 15:15:00,Not Hit,1387.7,-2.5,19h
ICICIBANK,1h,EMA10/EMA20,2026-01-27 15:15:00,2026-01-29 11:15:00,1365.3,1369.0,1364.7,1367.5,,,Between Slow & Fast EMA,10,1365.21,1362.02,1367.5,1333.31,1408.53,SL HIT,2026-02-01 15:15:00,Not Hit,1387.7,-2.5,18h
ICICIBANK,1h,EMA10/EMA20,2026-01-27 15:15:00,2026-01-30 09:15:00,1368.2,1381.9,1368.2,1377.1,,,At/Below Slow EMA,15,1374.36,1368.89,1377.1,1342.67,1418.41,SL HIT,2026-02-01 12:15:00,Not Hit,1377.2,-2.5,10h
ICICIBANK,1h,EMA10/EMA20,2026-02-03 09:15:00,2026-02-06 09:15:00,1396.7,1406.8,1396.7,1403.6,,,Between Slow & Fast EMA,21,1401.26,1396.45,1403.6,1368.51,1445.71,SL HIT,2026-03-02 09:15:00,Not Hit,1433.9,-2.5,112h
ICICIBANK,1h,EMA10/EMA20,2026-02-03 09:15:00,2026-02-06 12:15:00,1395.7,1403.0,1395.0,1401.9,,,At/Below Slow EMA,24,1400.2,1397.06,1401.9,1366.85,1443.96,SL HIT,2026-03-02 09:15:00,Not Hit,1433.9,-2.5,109h
ICICIBANK,1h,EMA10/EMA20,2026-02-10 10:15:00,2026-02-10 12:15:00,1398.5,1406.9,1396.0,1404.9,,,At/Below Slow EMA,2,1399.16,1398.44,1404.9,1369.78,1447.05,SL HIT,2026-03-02 09:15:00,Not Hit,1433.9,-2.5,95h
ICICIBANK,1h,EMA10/EMA20,2026-02-10 10:15:00,2026-02-11 11:15:00,1402.5,1407.0,1401.7,1403.8,,,Between Slow & Fast EMA,8,1402.6,1401.01,1403.8,1368.7,1445.91,SL HIT,2026-03-02 09:15:00,Not Hit,1433.9,-2.5,89h
ICICIBANK,1h,EMA10/EMA20,2026-02-10 10:15:00,2026-02-11 12:15:00,1403.7,1407.7,1401.4,1404.7,,,Between Slow & Fast EMA,9,1402.98,1401.36,1404.7,1369.58,1446.84,SL HIT,2026-03-02 09:15:00,Not Hit,1433.9,-2.5,88h
ICICIBANK,1h,EMA10/EMA20,2026-02-10 10:15:00,2026-02-11 13:15:00,1404.6,1408.0,1403.4,1407.0,,,Between Slow & Fast EMA,10,1403.71,1401.9,1407.0,1371.83,1449.21,SL HIT,2026-03-02 09:15:00,Not Hit,1433.9,-2.5,87h
ICICIBANK,1h,EMA10/EMA20,2026-02-10 10:15:00,2026-02-12 09:15:00,1406.1,1428.0,1406.1,1423.5,,,Between Slow & Fast EMA,13,1408.48,1404.96,1423.5,1387.91,1466.2,SL HIT,2026-02-19 14:15:00,Not Hit,1433.9,-2.5,40h
ICICIBANK,1h,EMA10/EMA20,2026-02-25 13:15:00,2026-02-26 10:15:00,1401.5,1407.0,1399.0,1405.5,,,Between Slow & Fast EMA,4,1399.65,1398.13,1405.5,1370.36,1447.66,SL HIT,2026-03-02 09:15:00,Not Hit,1409.8,-2.5,13h
ICICIBANK,1h,EMA10/EMA20,2026-02-25 13:15:00,2026-02-26 11:15:00,1405.4,1409.0,1400.0,1406.1,,,Between Slow & Fast EMA,5,1400.83,1398.89,1406.1,1370.95,1448.28,SL HIT,2026-03-02 09:15:00,Not Hit,1409.8,-2.5,12h
ICICIBANK,1h,EMA10/EMA20,2026-02-25 13:15:00,2026-02-26 13:15:00,1399.2,1404.5,1398.0,1403.5,,,At/Below Slow EMA,7,1401.06,1399.34,1403.5,1368.41,1445.61,SL HIT,2026-03-02 09:15:00,Not Hit,1409.8,-2.5,10h
ICICIBANK,1h,EMA10/EMA20,2026-03-17 11:15:00,2026-03-18 10:15:00,1272.6,1290.6,1272.0,1289.3,,,At/Below Slow EMA,6,1280.82,1276.55,1289.3,1257.07,1327.98,SL HIT,2026-03-19 09:15:00,Not Hit,1297.0,-2.5,6h
ICICIBANK,1h,EMA10/EMA20,2026-03-17 11:15:00,2026-03-18 15:15:00,1289.1,1293.9,1286.0,1292.0,,,Between Slow & Fast EMA,11,1287.61,1282.46,1292.0,1259.7,1330.76,SL HIT,2026-03-19 09:15:00,Not Hit,1285.9,-2.5,1h
ICICIBANK,1h,EMA10/EMA20,2026-04-06 14:15:00,2026-04-07 11:15:00,1222.1,1229.0,1221.5,1224.9,,,Between Slow & Fast EMA,4,1221.89,1219.81,1224.9,1194.28,1261.65,TARGET HIT,Not Hit,2026-04-08 09:15:00,1312.7,3.0,5h
ICICIBANK,1h,EMA10/EMA20,2026-04-06 14:15:00,2026-04-07 12:15:00,1224.2,1229.8,1222.5,1225.3,,,Between Slow & Fast EMA,5,1222.51,1220.33,1225.3,1194.67,1262.06,TARGET HIT,Not Hit,2026-04-08 09:15:00,1312.7,3.0,4h
ICICIBANK,1h,EMA10/EMA20,2026-04-06 14:15:00,2026-04-09 10:15:00,1293.8,1298.8,1290.6,1294.8,,,Between Slow & Fast EMA,17,1291.18,1272.39,1294.8,1262.43,1333.64,TARGET HIT,Not Hit,2026-04-13 12:15:00,1337.4,3.0,16h
ICICIBANK,1h,EMA10/EMA20,2026-04-06 14:15:00,2026-04-10 09:15:00,1289.0,1321.1,1288.5,1320.8,,,Between Slow & Fast EMA,23,1293.12,1281.43,1320.8,1287.78,1360.42,TARGET HIT,Not Hit,2026-04-15 09:15:00,1363.8,3.0,14h
ICICIBANK,1h,EMA10/EMA20,2026-04-06 14:15:00,2026-04-13 10:15:00,1309.8,1319.4,1308.8,1317.3,,,Between Slow & Fast EMA,31,1312.89,1301.7,1317.3,1284.37,1356.82,TARGET HIT,Not Hit,2026-04-15 09:15:00,1363.8,3.0,6h
ICICIBANK,1h,EMA10/EMA20,2026-04-06 14:15:00,2026-04-13 11:15:00,1317.2,1330.0,1315.4,1329.9,,,Between Slow & Fast EMA,32,1315.98,1304.38,1329.9,1296.65,1369.8,TARGET HIT,Not Hit,2026-04-20 09:15:00,1376.0,3.0,26h
ICICIBANK,1h,EMA10/EMA20,2026-04-06 14:15:00,2026-04-15 11:15:00,1338.3,1346.5,1338.0,1346.3,,,Between Slow & Fast EMA,39,1338.26,1325.1,1346.3,1312.64,1386.69,TARGET HIT,Not Hit,2026-04-21 12:15:00,1386.9,3.0,29h
ICICIBANK,1h,EMA10/EMA20,2026-04-06 14:15:00,2026-04-17 14:15:00,1341.6,1346.5,1339.2,1346.1,,,At/Below Slow EMA,56,1342.94,1340.72,1346.1,1312.45,1386.48,TARGET HIT,Not Hit,2026-04-21 12:15:00,1386.9,3.0,12h
ICICIBANK,1h,EMA10/EMA20,2026-04-06 14:15:00,2026-04-20 13:15:00,1358.1,1359.3,1353.0,1358.5,,,Between Slow & Fast EMA,62,1354.29,1349.09,1358.5,1324.54,1399.26,SL HIT,2026-04-24 14:15:00,Not Hit,1392.3,-2.5,29h
ICICIBANK,1h,EMA10/EMA20,2026-05-07 09:15:00,2026-05-07 15:15:00,1274.0,1279.8,1273.7,1279.0,,,At/Below Slow EMA,6,1277.49,1273.84,1279.0,1247.02,1317.37,OPEN,Not Hit,Not Hit,1279.6,-0.99,7h
ICICIBANK,1h,EMA21/EMA50,2026-01-02 13:15:00,2026-01-12 12:15:00,1407.2,1424.3,1406.0,1420.1,1411.6,1398.35,Between Slow & Fast EMA,41,,,1420.1,1384.6,1462.7,SL HIT,2026-01-19 09:15:00,Not Hit,1443.4,-2.5,25h
ICICIBANK,1h,EMA21/EMA50,2026-01-02 13:15:00,2026-01-12 15:15:00,1410.7,1420.0,1410.4,1420.0,1412.66,1400.32,Between Slow & Fast EMA,44,,,1420.0,1384.5,1462.6,SL HIT,2026-01-19 09:15:00,Not Hit,1443.4,-2.5,22h
ICICIBANK,1h,EMA21/EMA50,2026-01-02 13:15:00,2026-01-13 09:15:00,1420.0,1424.9,1411.1,1422.7,1413.57,1401.2,Between Slow & Fast EMA,45,,,1422.7,1387.13,1465.38,SL HIT,2026-01-19 09:15:00,Not Hit,1443.4,-2.5,21h
ICICIBANK,1h,EMA21/EMA50,2026-01-02 13:15:00,2026-01-14 11:15:00,1416.5,1431.8,1416.1,1429.2,1423.11,1410.14,Between Slow & Fast EMA,54,,,1429.2,1393.47,1472.08,SL HIT,2026-01-19 09:15:00,Not Hit,1431.8,-2.5,12h
ICICIBANK,1h,EMA21/EMA50,2026-02-03 12:15:00,2026-02-06 12:15:00,1395.7,1403.0,1395.0,1401.9,1396.57,1385.18,Between Slow & Fast EMA,21,,,1401.9,1366.85,1443.96,SL HIT,2026-03-02 09:15:00,Not Hit,1433.9,-2.5,109h
ICICIBANK,1h,EMA21/EMA50,2026-02-03 12:15:00,2026-02-10 10:15:00,1398.7,1400.7,1396.0,1399.9,1397.54,1390.23,Between Slow & Fast EMA,33,,,1399.9,1364.9,1441.9,SL HIT,2026-03-02 09:15:00,Not Hit,1433.9,-2.5,97h
ICICIBANK,1h,EMA21/EMA50,2026-02-03 12:15:00,2026-02-10 12:15:00,1398.5,1406.9,1396.0,1404.9,1398.28,1391.11,Between Slow & Fast EMA,35,,,1404.9,1369.78,1447.05,SL HIT,2026-03-02 09:15:00,Not Hit,1433.9,-2.5,95h
ICICIBANK,1h,EMA21/EMA50,2026-02-03 12:15:00,2026-02-13 12:15:00,1411.7,1419.8,1410.7,1418.0,1416.05,1405.77,Between Slow & Fast EMA,56,,,1418.0,1382.55,1460.54,SL HIT,2026-02-24 14:15:00,Not Hit,1418.2,-2.5,51h
ICICIBANK,1h,EMA21/EMA50,2026-02-03 12:15:00,2026-02-16 15:15:00,1410.2,1414.0,1409.4,1413.0,1412.64,1407.37,Between Slow & Fast EMA,66,,,1413.0,1377.67,1455.39,SL HIT,2026-02-27 14:15:00,Not Hit,1411.3,-2.5,62h
ICICIBANK,1h,EMA21/EMA50,2026-02-03 12:15:00,2026-02-18 14:15:00,1404.1,1410.0,1403.2,1407.9,1405.61,1405.4,At/Below Slow EMA,79,,,1407.9,1372.7,1450.14,SL HIT,2026-03-02 09:15:00,Not Hit,1410.1,-2.5,51h
ICICIBANK,1h,EMA21/EMA50,2026-04-08 09:15:00,2026-04-13 09:15:00,1304.9,1311.6,1297.2,1310.0,1298.84,1274.67,Between Slow & Fast EMA,21,,,1310.0,1277.25,1349.3,TARGET HIT,Not Hit,2026-04-13 13:15:00,1351.6,3.0,4h
ICICIBANK,1h,EMA21/EMA50,2026-04-08 09:15:00,2026-04-17 12:15:00,1339.1,1343.2,1338.1,1341.7,1339.41,1317.64,Between Slow & Fast EMA,45,,,1341.7,1308.16,1381.95,TARGET HIT,Not Hit,2026-04-21 10:15:00,1383.0,3.0,12h
ICICIBANK,1h,EMA21/EMA50,2026-04-08 09:15:00,2026-04-17 14:15:00,1341.6,1346.5,1339.2,1346.1,1340.22,1319.67,Between Slow & Fast EMA,47,,,1346.1,1312.45,1386.48,TARGET HIT,Not Hit,2026-04-21 12:15:00,1386.9,3.0,12h
INFY,1d,EMA10/EMA20,2024-01-12 00:00:00,2024-01-31 00:00:00,1648.25,1667.25,1638.1,1660.9,,,Between Slow & Fast EMA,12,1645.58,1618.04,1660.9,1619.38,1710.73,TARGET HIT,Not Hit,2024-02-02 00:00:00,1718.5,3.0,2d
INFY,1d,EMA10/EMA20,2024-01-12 00:00:00,2024-02-06 00:00:00,1686.75,1733.0,1673.95,1729.45,,,Between Slow & Fast EMA,16,1673.98,1643.23,1729.45,1686.21,1781.33,SL HIT,2024-02-08 00:00:00,Not Hit,1729.0,-2.5,2d
INFY,1d,EMA10/EMA20,2024-01-12 00:00:00,2024-02-12 00:00:00,1670.35,1692.95,1670.35,1680.1,,,Between Slow & Fast EMA,20,1678.58,1656.37,1680.1,1638.1,1730.5,SL HIT,2024-02-14 00:00:00,Not Hit,1689.1,-2.5,2d
INFY,1d,EMA10/EMA20,2024-01-12 00:00:00,2024-02-13 00:00:00,1683.0,1689.1,1663.5,1684.55,,,Between Slow & Fast EMA,21,1679.66,1659.05,1684.55,1642.44,1735.09,SL HIT,2024-02-14 00:00:00,Not Hit,1669.45,-2.5,1d
INFY,1d,EMA10/EMA20,2024-01-12 00:00:00,2024-02-20 00:00:00,1685.0,1694.25,1668.75,1685.25,,,At/Below Slow EMA,26,1684.92,1670.05,1685.25,1643.12,1735.81,SL HIT,2024-03-04 00:00:00,Not Hit,1698.45,-2.5,10d
INFY,1d,EMA10/EMA20,2024-01-12 00:00:00,2024-02-22 00:00:00,1665.0,1684.6,1644.4,1681.35,,,At/Below Slow EMA,28,1679.9,1669.88,1681.35,1639.32,1731.79,SL HIT,2024-03-04 00:00:00,Not Hit,1698.45,-2.5,8d
INFY,1d,EMA10/EMA20,2024-01-12 00:00:00,2024-02-29 00:00:00,1665.0,1682.25,1653.3,1673.9,,,At/Below Slow EMA,33,1673.32,1669.65,1673.9,1632.05,1724.12,SL HIT,2024-03-05 00:00:00,Not Hit,1671.95,-2.5,4d
INFY,1d,EMA10/EMA20,2024-06-07 00:00:00,2024-08-12 00:00:00,1773.05,1803.5,1768.1,1797.4,,,At/Below Slow EMA,44,1789.35,1773.24,1797.4,1752.47,1851.32,TARGET HIT,Not Hit,2024-08-16 00:00:00,1861.85,3.0,3d
INFY,1d,EMA10/EMA20,2024-06-07 00:00:00,2024-09-04 00:00:00,1921.1,1927.2,1900.05,1922.45,,,Between Slow & Fast EMA,60,1916.14,1881.24,1922.45,1874.39,1980.12,SL HIT,2024-09-20 00:00:00,Not Hit,1958.6,-2.5,12d
INFY,1d,EMA10/EMA20,2024-06-07 00:00:00,2024-09-05 00:00:00,1926.25,1940.0,1909.6,1933.15,,,Between Slow & Fast EMA,61,1919.23,1886.18,1933.15,1884.82,1991.14,SL HIT,2024-09-18 00:00:00,Not Hit,1958.6,-2.5,9d
INFY,1d,EMA10/EMA20,2024-06-07 00:00:00,2024-09-10 00:00:00,1904.9,1935.0,1896.0,1912.3,,,Between Slow & Fast EMA,64,1912.2,1890.62,1912.3,1864.49,1969.67,TARGET HIT,Not Hit,2024-09-27 00:00:00,1974.6,3.0,13d
INFY,1d,EMA10/EMA20,2024-06-07 00:00:00,2024-09-12 00:00:00,1925.0,1956.4,1910.8,1950.45,,,Between Slow & Fast EMA,66,1918.85,1898.0,1950.45,1901.69,2008.96,SL HIT,2024-09-18 00:00:00,Not Hit,1958.6,-2.5,4d
INFY,1d,EMA10/EMA20,2024-10-04 00:00:00,2024-10-08 00:00:00,1937.9,1957.95,1906.35,1948.55,,,At/Below Slow EMA,2,1916.17,1909.98,1948.55,1899.84,2007.01,SL HIT,2024-10-18 00:00:00,Not Hit,1991.45,-2.5,8d
INFY,1d,EMA10/EMA20,2024-10-04 00:00:00,2024-10-11 00:00:00,1918.0,1947.0,1910.1,1935.1,,,At/Below Slow EMA,5,1924.49,1916.48,1935.1,1886.72,1993.15,SL HIT,2024-10-18 00:00:00,Not Hit,1991.45,-2.5,5d
INFY,1d,EMA10/EMA20,2024-10-04 00:00:00,2024-10-17 00:00:00,1935.2,1978.0,1930.15,1968.1,,,Between Slow & Fast EMA,9,1939.43,1928.04,1968.1,1918.9,2027.14,SL HIT,2024-10-18 00:00:00,Not Hit,1936.85,-2.5,1d
INFY,1d,EMA10/EMA20,2024-11-22 00:00:00,2024-12-02 00:00:00,1859.0,1882.8,1835.2,1879.8,,,At/Below Slow EMA,6,1872.41,1864.06,1879.8,1832.8,1936.19,TARGET HIT,Not Hit,2024-12-05 00:00:00,1949.9,3.0,3d
INFY,1d,EMA10/EMA20,2024-11-22 00:00:00,2024-12-03 00:00:00,1887.0,1899.75,1871.15,1892.1,,,Between Slow & Fast EMA,7,1875.99,1866.73,1892.1,1844.8,1948.86,TARGET HIT,Not Hit,2024-12-05 00:00:00,1949.9,3.0,2d
INFY,1d,EMA10/EMA20,2024-11-22 00:00:00,2024-12-04 00:00:00,1884.0,1913.95,1875.0,1889.25,,,Between Slow & Fast EMA,8,1878.4,1868.88,1889.25,1842.02,1945.93,TARGET HIT,Not Hit,2024-12-05 00:00:00,1949.9,3.0,1d
INFY,1d,EMA10/EMA20,2025-01-03 00:00:00,2025-01-08 00:00:00,1930.0,1938.6,1888.75,1933.15,,,At/Below Slow EMA,3,1927.95,1925.17,1933.15,1884.82,1991.14,SL HIT,2025-01-17 00:00:00,Not Hit,1982.8,-2.5,7d
INFY,1d,EMA10/EMA20,2025-01-03 00:00:00,2025-01-10 00:00:00,1937.0,1977.8,1932.25,1966.95,,,Between Slow & Fast EMA,5,1933.46,1928.47,1966.95,1917.78,2025.96,SL HIT,2025-01-16 00:00:00,Not Hit,1982.8,-2.5,4d
INFY,1d,EMA10/EMA20,2025-01-03 00:00:00,2025-01-15 00:00:00,1947.0,1958.05,1937.1,1949.65,,,Between Slow & Fast EMA,8,1940.88,1934.11,1949.65,1900.91,2008.14,SL HIT,2025-01-17 00:00:00,Not Hit,1966.95,-2.5,2d
INFY,1d,EMA10/EMA20,2025-05-09 00:00:00,2025-05-21 00:00:00,1567.9,1571.0,1552.1,1568.5,,,Between Slow & Fast EMA,8,1562.22,1544.23,1568.5,1529.29,1615.56,TARGET HIT,Not Hit,2025-06-11 00:00:00,1634.6,3.0,15d
INFY,1d,EMA10/EMA20,2025-05-09 00:00:00,2025-05-23 00:00:00,1550.0,1587.2,1550.0,1564.8,,,Between Slow & Fast EMA,10,1560.5,1546.47,1564.8,1525.68,1611.74,TARGET HIT,Not Hit,2025-06-11 00:00:00,1634.6,3.0,13d
INFY,1d,EMA10/EMA20,2025-05-09 00:00:00,2025-05-26 00:00:00,1566.6,1583.8,1562.7,1580.5,,,Between Slow & Fast EMA,11,1564.14,1549.71,1580.5,1540.99,1627.91,SL HIT,2025-06-02 00:00:00,Not Hit,1608.9,-2.5,5d
INFY,1d,EMA10/EMA20,2025-05-09 00:00:00,2025-06-06 00:00:00,1554.7,1568.9,1543.1,1563.8,,,At/Below Slow EMA,20,1559.73,1555.89,1563.8,1524.7,1610.71,TARGET HIT,Not Hit,2025-06-11 00:00:00,1634.6,3.0,3d
INFY,1d,EMA10/EMA20,2025-05-09 00:00:00,2025-06-13 00:00:00,1576.0,1609.0,1570.2,1602.0,,,At/Below Slow EMA,25,1588.06,1574.6,1602.0,1561.95,1650.06,SL HIT,2025-07-14 00:00:00,Not Hit,1649.0,-2.5,21d
INFY,1d,EMA10/EMA20,2025-05-09 00:00:00,2025-06-20 00:00:00,1619.0,1630.7,1608.9,1622.9,,,Between Slow & Fast EMA,30,1612.44,1595.27,1622.9,1582.33,1671.59,SL HIT,2025-06-23 00:00:00,Not Hit,1601.0,-2.5,1d
INFY,1d,EMA10/EMA20,2025-05-09 00:00:00,2025-06-25 00:00:00,1590.0,1619.9,1585.1,1614.9,,,At/Below Slow EMA,33,1604.84,1595.08,1614.9,1574.53,1663.35,SL HIT,2025-07-11 00:00:00,Not Hit,1649.0,-2.5,12d
INFY,1d,EMA10/EMA20,2025-05-09 00:00:00,2025-06-26 00:00:00,1608.8,1624.0,1606.6,1616.0,,,Between Slow & Fast EMA,34,1606.87,1597.07,1616.0,1575.6,1664.48,SL HIT,2025-07-11 00:00:00,Not Hit,1649.0,-2.5,11d
INFY,1d,EMA10/EMA20,2025-05-09 00:00:00,2025-07-04 00:00:00,1625.0,1643.4,1612.3,1640.7,,,Between Slow & Fast EMA,40,1614.88,1605.76,1640.7,1599.68,1689.92,SL HIT,2025-07-11 00:00:00,Not Hit,1646.2,-2.5,5d
INFY,1d,EMA10/EMA20,2025-10-23 00:00:00,2025-10-28 00:00:00,1499.7,1506.5,1490.5,1500.2,,,Between Slow & Fast EMA,3,1494.25,1489.15,1500.2,1462.69,1545.21,SL HIT,2025-11-06 00:00:00,Not Hit,1520.2,-2.5,6d
INFY,1d,EMA10/EMA20,2025-10-23 00:00:00,2025-10-29 00:00:00,1500.2,1520.2,1496.9,1510.4,,,Between Slow & Fast EMA,4,1497.19,1491.18,1510.4,1472.64,1555.71,SL HIT,2025-11-04 00:00:00,Not Hit,1508.2,-2.5,4d
INFY,1d,EMA10/EMA20,2025-11-10 00:00:00,2025-11-19 00:00:00,1490.5,1543.0,1490.5,1541.1,,,At/Below Slow EMA,7,1512.3,1504.7,1541.1,1502.57,1587.33,TARGET HIT,Not Hit,2025-12-04 00:00:00,1599.0,3.0,11d
INFY,1d,EMA10/EMA20,2025-11-10 00:00:00,2025-11-26 00:00:00,1532.1,1560.3,1532.1,1557.9,,,Between Slow & Fast EMA,12,1532.89,1520.25,1557.9,1518.95,1604.64,TARGET HIT,Not Hit,2025-12-05 00:00:00,1631.8,3.0,7d
INFY,1d,EMA10/EMA20,2025-11-10 00:00:00,2025-12-03 00:00:00,1555.1,1586.0,1554.1,1578.7,,,Between Slow & Fast EMA,17,1554.63,1538.49,1578.7,1539.23,1626.06,TARGET HIT,Not Hit,2025-12-05 00:00:00,1631.8,3.0,2d
INFY,1d,EMA10/EMA20,2025-11-10 00:00:00,2025-12-15 00:00:00,1585.0,1610.8,1585.0,1606.8,,,Between Slow & Fast EMA,25,1591.51,1572.94,1606.8,1566.63,1655.0,TARGET HIT,Not Hit,2025-12-22 00:00:00,1693.2,3.0,5d
INFY,1d,EMA10/EMA20,2025-11-10 00:00:00,2025-12-17 00:00:00,1587.2,1606.9,1586.0,1602.0,,,Between Slow & Fast EMA,27,1593.63,1577.43,1602.0,1561.95,1650.06,TARGET HIT,Not Hit,2025-12-19 00:00:00,1654.9,3.0,2d
INFY,1d,EMA10/EMA20,2025-11-10 00:00:00,2026-01-02 00:00:00,1635.9,1643.5,1627.5,1640.4,,,Between Slow & Fast EMA,38,1634.07,1620.53,1640.4,1599.39,1689.61,SL HIT,2026-01-05 00:00:00,Not Hit,1637.0,-2.5,1d
INFY,1d,EMA10/EMA20,2025-11-10 00:00:00,2026-01-07 00:00:00,1615.0,1642.0,1615.0,1639.0,,,At/Below Slow EMA,41,1628.35,1620.47,1639.0,1598.02,1688.17,SL HIT,2026-01-12 00:00:00,Not Hit,1644.3,-2.5,3d
INFY,1d,EMA10/EMA20,2026-01-16 00:00:00,2026-01-21 00:00:00,1651.0,1657.0,1631.2,1654.4,,,At/Below Slow EMA,3,1642.94,1632.19,1654.4,1613.04,1704.03,SL HIT,2026-02-01 00:00:00,Not Hit,1689.4,-2.5,7d
INFY,1d,EMA10/EMA20,2026-01-16 00:00:00,2026-01-29 00:00:00,1658.0,1666.5,1642.1,1659.5,,,At/Below Slow EMA,8,1658.75,1646.41,1659.5,1618.01,1709.29,SL HIT,2026-02-01 00:00:00,Not Hit,1677.3,-2.5,2d
INFY,1d,EMA10/EMA20,2026-04-08 00:00:00,2026-04-21 00:00:00,1310.0,1325.0,1299.3,1313.2,,,At/Below Slow EMA,8,1308.36,1304.56,1313.2,1280.37,1352.6,SL HIT,2026-04-22 00:00:00,Not Hit,1297.7,-2.5,1d
INFY,1d,EMA21/EMA50,2024-01-15 00:00:00,2024-02-14 00:00:00,1660.2,1669.45,1635.5,1666.2,1657.73,1613.77,Between Slow & Fast EMA,21,,,1666.2,1624.55,1716.19,SL HIT,2024-03-05 00:00:00,Not Hit,1711.5,-2.5,15d
INFY,1d,EMA21/EMA50,2024-01-15 00:00:00,2024-02-22 00:00:00,1665.0,1684.6,1644.4,1681.35,1668.41,1628.52,Between Slow & Fast EMA,27,,,1681.35,1639.32,1731.79,SL HIT,2024-03-04 00:00:00,Not Hit,1698.45,-2.5,8d
INFY,1d,EMA21/EMA50,2024-01-15 00:00:00,2024-02-28 00:00:00,1670.0,1687.8,1662.05,1671.25,1668.23,1634.34,Between Slow & Fast EMA,31,,,1671.25,1629.47,1721.39,SL HIT,2024-03-05 00:00:00,Not Hit,1682.25,-2.5,5d
INFY,1d,EMA21/EMA50,2024-01-15 00:00:00,2024-02-29 00:00:00,1665.0,1682.25,1653.3,1673.9,1668.74,1635.89,Between Slow & Fast EMA,32,,,1673.9,1632.05,1724.12,SL HIT,2024-03-05 00:00:00,Not Hit,1671.95,-2.5,4d
INFY,1d,EMA21/EMA50,2024-01-15 00:00:00,2024-03-14 00:00:00,1614.4,1657.75,1608.0,1653.3,1641.88,1632.58,At/Below Slow EMA,42,,,1653.3,1611.97,1702.9,SL HIT,2024-03-18 00:00:00,Not Hit,1645.8,-2.5,2d
INFY,1d,EMA21/EMA50,2024-06-21 00:00:00,2024-08-12 00:00:00,1773.05,1803.5,1768.1,1797.4,1770.32,1686.89,Between Slow & Fast EMA,35,,,1797.4,1752.47,1851.32,TARGET HIT,Not Hit,2024-08-16 00:00:00,1861.85,3.0,3d
INFY,1d,EMA21/EMA50,2024-06-21 00:00:00,2024-10-01 00:00:00,1875.0,1908.95,1875.0,1904.35,1901.48,1852.01,Between Slow & Fast EMA,70,,,1904.35,1856.74,1961.48,TARGET HIT,Not Hit,2024-10-09 00:00:00,1977.0,3.0,5d
INFY,1d,EMA21/EMA50,2024-06-21 00:00:00,2024-10-04 00:00:00,1889.55,1954.1,1886.0,1918.15,1902.32,1856.16,Between Slow & Fast EMA,72,,,1918.15,1870.2,1975.69,TARGET HIT,Not Hit,2024-10-09 00:00:00,1977.0,3.0,3d
INFY,1d,EMA21/EMA50,2024-06-21 00:00:00,2024-10-08 00:00:00,1937.9,1957.95,1906.35,1948.55,1909.17,1862.73,Between Slow & Fast EMA,74,,,1948.55,1899.84,2007.01,SL HIT,2024-10-18 00:00:00,Not Hit,1991.45,-2.5,8d
INFY,1d,EMA21/EMA50,2024-06-21 00:00:00,2024-10-11 00:00:00,1918.0,1947.0,1910.1,1935.1,1915.61,1870.94,Between Slow & Fast EMA,77,,,1935.1,1886.72,1993.15,SL HIT,2024-10-18 00:00:00,Not Hit,1991.45,-2.5,5d
INFY,1d,EMA21/EMA50,2024-11-27 00:00:00,2024-12-02 00:00:00,1859.0,1882.8,1835.2,1879.8,1863.8,1860.4,At/Below Slow EMA,3,,,1879.8,1832.8,1936.19,TARGET HIT,Not Hit,2024-12-05 00:00:00,1949.9,3.0,3d
INFY,1d,EMA21/EMA50,2024-11-27 00:00:00,2024-12-19 00:00:00,1934.0,1959.75,1920.0,1946.2,1931.17,1898.4,Between Slow & Fast EMA,16,,,1946.2,1897.55,2004.59,SL HIT,2024-12-24 00:00:00,Not Hit,1979.95,-2.5,3d
INFY,1d,EMA21/EMA50,2024-11-27 00:00:00,2025-01-02 00:00:00,1887.0,1962.65,1885.3,1957.85,1919.93,1902.4,At/Below Slow EMA,25,,,1957.85,1908.9,2016.59,SL HIT,2025-01-08 00:00:00,Not Hit,1973.0,-2.5,4d
INFY,1d,EMA21/EMA50,2024-11-27 00:00:00,2025-01-08 00:00:00,1930.0,1938.6,1888.75,1933.15,1924.67,1907.23,At/Below Slow EMA,29,,,1933.15,1884.82,1991.14,SL HIT,2025-01-17 00:00:00,Not Hit,1982.8,-2.5,7d
INFY,1d,EMA21/EMA50,2025-06-16 00:00:00,2025-06-25 00:00:00,1590.0,1619.9,1585.1,1614.9,1594.03,1585.86,At/Below Slow EMA,7,,,1614.9,1574.53,1663.35,SL HIT,2025-07-11 00:00:00,Not Hit,1649.0,-2.5,12d
INFY,1d,EMA21/EMA50,2025-06-16 00:00:00,2025-07-16 00:00:00,1579.0,1612.0,1578.5,1607.9,1605.33,1597.07,At/Below Slow EMA,22,,,1607.9,1567.7,1656.14,SL HIT,2025-07-21 00:00:00,Not Hit,1610.0,-2.5,3d
INFY,1d,EMA21/EMA50,2025-11-12 00:00:00,2025-11-17 00:00:00,1496.0,1510.2,1492.5,1507.6,1501.86,1498.34,At/Below Slow EMA,3,,,1507.6,1469.91,1552.83,TARGET HIT,Not Hit,2025-11-20 00:00:00,1555.0,3.0,3d
INFY,1d,EMA21/EMA50,2025-11-12 00:00:00,2025-11-19 00:00:00,1490.5,1543.0,1490.5,1541.1,1504.15,1499.57,At/Below Slow EMA,5,,,1541.1,1502.57,1587.33,TARGET HIT,Not Hit,2025-12-04 00:00:00,1599.0,3.0,11d
INFY,1d,EMA21/EMA50,2025-11-12 00:00:00,2026-01-01 00:00:00,1615.4,1639.6,1614.1,1629.8,1616.77,1577.94,Between Slow & Fast EMA,35,,,1629.8,1589.05,1678.69,SL HIT,2026-01-05 00:00:00,Not Hit,1643.5,-2.5,2d
INFY,1d,EMA21/EMA50,2025-11-12 00:00:00,2026-01-07 00:00:00,1615.0,1642.0,1615.0,1639.0,1619.25,1584.83,Between Slow & Fast EMA,39,,,1639.0,1598.02,1688.17,SL HIT,2026-01-12 00:00:00,Not Hit,1644.3,-2.5,3d
INFY,1d,EMA21/EMA50,2025-11-12 00:00:00,2026-01-29 00:00:00,1658.0,1666.5,1642.1,1659.5,1645.24,1612.79,Between Slow & Fast EMA,53,,,1659.5,1618.01,1709.29,SL HIT,2026-02-01 00:00:00,Not Hit,1677.3,-2.5,2d
INFY,1d,EMA21/EMA50,2025-11-12 00:00:00,2026-02-01 00:00:00,1630.0,1677.3,1604.0,1654.5,1645.73,1615.49,At/Below Slow EMA,55,,,1654.5,1613.14,1704.13,TARGET HIT,Not Hit,2026-02-03 00:00:00,1728.0,3.0,2d
INFY,1h,EMA10/EMA20,2026-01-01 10:15:00,2026-01-01 11:15:00,1626.0,1638.7,1625.0,1635.4,,,Between Slow & Fast EMA,1,1625.33,1623.97,1635.4,1594.52,1684.46,SL HIT,2026-01-05 09:15:00,Not Hit,1643.5,-2.5,12h
INFY,1h,EMA10/EMA20,2026-01-01 10:15:00,2026-01-01 15:15:00,1629.4,1631.7,1626.9,1629.5,,,Between Slow & Fast EMA,5,1629.12,1626.8,1629.5,1588.76,1678.38,SL HIT,2026-01-05 09:15:00,Not Hit,1643.5,-2.5,8h
INFY,1h,EMA10/EMA20,2026-01-22 14:15:00,2026-01-23 14:15:00,1663.2,1672.1,1662.3,1670.2,,,At/Below Slow EMA,7,1665.49,1662.84,1670.2,1628.44,1720.31,SL HIT,2026-01-30 09:15:00,Not Hit,1689.1,-2.5,23h
INFY,1h,EMA10/EMA20,2026-03-04 11:15:00,2026-03-05 12:15:00,1298.1,1302.0,1295.4,1300.7,,,At/Below Slow EMA,8,1299.67,1299.14,1300.7,1268.18,1339.72,SL HIT,2026-03-12 09:15:00,Not Hit,1326.5,-2.5,32h
INFY,1h,EMA10/EMA20,2026-03-04 11:15:00,2026-03-05 14:15:00,1297.7,1311.2,1297.0,1303.9,,,At/Below Slow EMA,10,1300.22,1299.51,1303.9,1271.3,1343.02,SL HIT,2026-03-12 09:15:00,Not Hit,1326.5,-2.5,30h
INFY,1h,EMA10/EMA20,2026-03-04 11:15:00,2026-03-06 09:15:00,1303.0,1326.5,1303.0,1319.0,,,Between Slow & Fast EMA,12,1304.39,1301.86,1319.0,1286.02,1358.57,SL HIT,2026-03-09 09:15:00,Not Hit,1320.9,-2.5,7h
INFY,1h,EMA10/EMA20,2026-03-04 11:15:00,2026-03-06 13:15:00,1307.9,1311.8,1305.4,1310.0,,,Between Slow & Fast EMA,16,1308.19,1305.06,1310.0,1277.25,1349.3,SL HIT,2026-03-11 14:15:00,Not Hit,1320.0,-2.5,22h
INFY,1h,EMA10/EMA20,2026-03-04 11:15:00,2026-03-06 15:15:00,1310.0,1312.4,1306.6,1311.0,,,Between Slow & Fast EMA,18,1308.95,1306.04,1311.0,1278.22,1350.33,SL HIT,2026-03-11 12:15:00,Not Hit,1320.0,-2.5,18h
INFY,1h,EMA10/EMA20,2026-03-23 09:15:00,2026-03-23 10:15:00,1248.7,1256.6,1245.7,1249.7,,,At/Below Slow EMA,1,1246.67,1246.19,1249.7,1218.46,1287.19,TARGET HIT,Not Hit,2026-03-24 11:15:00,1295.0,3.0,8h
INFY,1h,EMA10/EMA20,2026-03-23 09:15:00,2026-03-23 11:15:00,1249.2,1255.0,1243.6,1252.1,,,At/Below Slow EMA,2,1247.66,1246.75,1252.1,1220.8,1289.66,TARGET HIT,Not Hit,2026-03-24 11:15:00,1295.0,3.0,7h
INFY,1h,EMA10/EMA20,2026-03-23 09:15:00,2026-03-23 13:15:00,1246.4,1258.4,1244.0,1256.3,,,At/Below Slow EMA,4,1248.98,1247.59,1256.3,1224.89,1293.99,TARGET HIT,Not Hit,2026-03-24 11:15:00,1295.0,3.0,5h
INFY,1h,EMA10/EMA20,2026-03-23 09:15:00,2026-03-25 09:15:00,1270.0,1282.6,1265.1,1281.4,,,At/Below Slow EMA,14,1275.69,1267.03,1281.4,1249.37,1319.84,SL HIT,2026-03-30 09:15:00,Not Hit,1294.7,-2.5,14h
INFY,1h,EMA10/EMA20,2026-03-23 09:15:00,2026-03-27 12:15:00,1278.1,1281.4,1275.3,1280.1,,,At/Below Slow EMA,24,1280.05,1276.16,1280.1,1248.1,1318.5,SL HIT,2026-03-30 09:15:00,Not Hit,1282.0,-2.5,4h
INFY,1h,EMA10/EMA20,2026-04-01 10:15:00,2026-04-01 15:15:00,1276.4,1279.1,1276.3,1278.0,,,Between Slow & Fast EMA,5,1277.63,1274.84,1278.0,1246.05,1316.34,TARGET HIT,Not Hit,2026-04-06 09:15:00,1320.0,3.0,8h
INFY,1h,EMA10/EMA20,2026-04-02 13:15:00,2026-04-07 09:15:00,1302.0,1322.4,1294.4,1321.0,,,At/Below Slow EMA,10,1306.15,1296.94,1321.0,1287.97,1360.63,TARGET HIT,Not Hit,2026-04-08 09:15:00,1376.6,3.0,7h
INFY,1h,EMA10/EMA20,2026-04-02 13:15:00,2026-04-09 14:15:00,1328.5,1337.3,1325.0,1334.6,,,At/Below Slow EMA,29,1331.75,1328.15,1334.6,1301.23,1374.64,SL HIT,2026-04-10 09:15:00,Not Hit,1334.6,-2.5,2h
INFY,1h,EMA10/EMA20,2026-04-15 15:15:00,2026-04-16 14:15:00,1311.1,1324.2,1309.6,1317.2,,,Between Slow & Fast EMA,6,1310.24,1306.04,1317.2,1284.27,1356.72,SL HIT,2026-04-22 09:15:00,Not Hit,1328.3,-2.5,23h
INFY,1h,EMA10/EMA20,2026-04-15 15:15:00,2026-04-17 09:15:00,1313.0,1328.3,1306.9,1315.4,,,At/Below Slow EMA,8,1312.04,1307.79,1315.4,1282.52,1354.86,SL HIT,2026-04-22 09:15:00,Not Hit,1325.0,-2.5,21h
INFY,1h,EMA10/EMA20,2026-04-15 15:15:00,2026-04-17 11:15:00,1312.6,1318.5,1309.9,1315.1,,,Between Slow & Fast EMA,10,1312.69,1308.91,1315.1,1282.22,1354.55,SL HIT,2026-04-22 09:15:00,Not Hit,1325.0,-2.5,19h
INFY,1h,EMA10/EMA20,2026-04-15 15:15:00,2026-04-17 13:15:00,1310.9,1312.8,1308.5,1312.6,,,At/Below Slow EMA,12,1312.39,1309.42,1312.6,1279.78,1351.98,SL HIT,2026-04-22 09:15:00,Not Hit,1325.0,-2.5,17h
INFY,1h,EMA10/EMA20,2026-04-15 15:15:00,2026-04-17 14:15:00,1312.7,1319.2,1307.6,1318.7,,,At/Below Slow EMA,13,1313.54,1310.31,1318.7,1285.73,1358.26,SL HIT,2026-04-22 09:15:00,Not Hit,1325.0,-2.5,16h
INFY,1h,EMA10/EMA20,2026-04-15 15:15:00,2026-04-20 10:15:00,1311.9,1316.8,1310.0,1316.6,,,At/Below Slow EMA,16,1314.62,1311.79,1316.6,1283.68,1356.1,SL HIT,2026-04-22 09:15:00,Not Hit,1325.0,-2.5,13h
INFY,1h,EMA10/EMA20,2026-04-15 15:15:00,2026-04-21 10:15:00,1313.9,1319.8,1312.0,1318.4,,,At/Below Slow EMA,23,1314.72,1313.27,1318.4,1285.44,1357.95,SL HIT,2026-04-22 09:15:00,Not Hit,1325.0,-2.5,6h
INFY,1h,EMA10/EMA20,2026-04-15 15:15:00,2026-04-21 11:15:00,1318.2,1324.0,1315.9,1323.3,,,Between Slow & Fast EMA,24,1316.28,1314.23,1323.3,1290.22,1363.0,SL HIT,2026-04-22 09:15:00,Not Hit,1325.0,-2.5,5h
INFY,1h,EMA10/EMA20,2026-04-15 15:15:00,2026-04-21 15:15:00,1312.3,1315.8,1311.8,1314.6,,,At/Below Slow EMA,28,1314.36,1313.73,1314.6,1281.73,1354.04,SL HIT,2026-04-22 09:15:00,Not Hit,1295.0,-2.5,1h
INFY,1h,EMA10/EMA20,2026-04-30 14:15:00,2026-05-04 10:15:00,1178.5,1180.9,1175.3,1178.8,,,At/Below Slow EMA,3,1177.85,1176.79,1178.8,1149.33,1214.16,OPEN,Not Hit,Not Hit,1191.2,0.06,33h
INFY,1h,EMA21/EMA50,2026-01-16 10:15:00,2026-01-22 11:15:00,1659.0,1662.2,1654.5,1660.4,1657.44,1648.19,Between Slow & Fast EMA,29,,,1660.4,1618.89,1710.21,SL HIT,2026-01-30 10:15:00,Not Hit,1689.1,-2.5,34h
INFY,1h,EMA21/EMA50,2026-01-16 10:15:00,2026-01-22 14:15:00,1656.1,1666.6,1654.2,1663.3,1657.69,1649.33,Between Slow & Fast EMA,32,,,1663.3,1621.72,1713.2,SL HIT,2026-01-30 09:15:00,Not Hit,1689.1,-2.5,30h
INFY,1h,EMA21/EMA50,2026-01-16 10:15:00,2026-01-23 14:15:00,1663.2,1672.1,1662.3,1670.2,1662.6,1653.82,Between Slow & Fast EMA,39,,,1670.2,1628.44,1720.31,SL HIT,2026-01-30 09:15:00,Not Hit,1689.1,-2.5,23h
INFY,1h,EMA21/EMA50,2026-03-24 12:15:00,2026-03-25 09:15:00,1270.0,1282.6,1265.1,1281.4,1266.43,1261.35,Between Slow & Fast EMA,4,,,1281.4,1249.37,1319.84,SL HIT,2026-03-30 09:15:00,Not Hit,1294.7,-2.5,14h
INFY,1h,EMA21/EMA50,2026-03-24 12:15:00,2026-03-27 12:15:00,1278.1,1281.4,1275.3,1280.1,1275.7,1268.16,Between Slow & Fast EMA,14,,,1280.1,1248.1,1318.5,SL HIT,2026-03-30 09:15:00,Not Hit,1282.0,-2.5,4h
INFY,1h,EMA21/EMA50,2026-04-01 09:15:00,2026-04-02 12:15:00,1266.0,1273.7,1263.2,1273.6,1272.57,1269.83,At/Below Slow EMA,10,,,1273.6,1241.76,1311.81,TARGET HIT,Not Hit,2026-04-06 09:15:00,1320.0,3.0,4h
INFY,1h,EMA21/EMA50,2026-04-01 09:15:00,2026-04-02 13:15:00,1273.1,1294.5,1272.7,1294.5,1274.56,1270.8,Between Slow & Fast EMA,11,,,1294.5,1262.14,1333.34,TARGET HIT,Not Hit,2026-04-07 11:15:00,1338.3,3.0,12h
INFY,1h,EMA21/EMA50,2026-04-01 09:15:00,2026-04-07 09:15:00,1302.0,1322.4,1294.4,1321.0,1296.23,1283.5,Between Slow & Fast EMA,21,,,1321.0,1287.97,1360.63,TARGET HIT,Not Hit,2026-04-08 09:15:00,1376.6,3.0,7h
INFY,1h,EMA21/EMA50,2026-04-01 09:15:00,2026-04-09 12:15:00,1325.0,1331.9,1324.5,1330.5,1326.73,1308.82,Between Slow & Fast EMA,38,,,1330.5,1297.24,1370.41,SL HIT,2026-04-10 09:15:00,Not Hit,1337.3,-2.5,4h
INFY,1h,EMA21/EMA50,2026-04-01 09:15:00,2026-04-09 14:15:00,1328.5,1337.3,1325.0,1334.6,1327.56,1310.56,Between Slow & Fast EMA,40,,,1334.6,1301.23,1374.64,SL HIT,2026-04-10 09:15:00,Not Hit,1334.6,-2.5,2h
INFY,1h,EMA21/EMA50,2026-04-16 10:15:00,2026-04-17 09:15:00,1313.0,1328.3,1306.9,1315.4,1307.58,1304.29,Between Slow & Fast EMA,6,,,1315.4,1282.52,1354.86,SL HIT,2026-04-22 09:15:00,Not Hit,1325.0,-2.5,21h
INFY,1h,EMA21/EMA50,2026-04-16 10:15:00,2026-04-17 13:15:00,1310.9,1312.8,1308.5,1312.6,1309.22,1305.55,Between Slow & Fast EMA,10,,,1312.6,1279.78,1351.98,SL HIT,2026-04-22 09:15:00,Not Hit,1325.0,-2.5,17h
INFY,1h,EMA21/EMA50,2026-04-16 10:15:00,2026-04-17 14:15:00,1312.7,1319.2,1307.6,1318.7,1310.08,1306.06,Between Slow & Fast EMA,11,,,1318.7,1285.73,1358.26,SL HIT,2026-04-22 09:15:00,Not Hit,1325.0,-2.5,16h
INFY,1h,EMA21/EMA50,2026-04-16 10:15:00,2026-04-20 10:15:00,1311.9,1316.8,1310.0,1316.6,1311.56,1307.2,Between Slow & Fast EMA,14,,,1316.6,1283.68,1356.1,SL HIT,2026-04-22 09:15:00,Not Hit,1325.0,-2.5,13h
INFY,1h,EMA21/EMA50,2026-04-16 10:15:00,2026-04-21 09:15:00,1310.0,1314.0,1299.4,1313.6,1312.58,1308.66,At/Below Slow EMA,20,,,1313.6,1280.76,1353.01,SL HIT,2026-04-22 09:15:00,Not Hit,1325.0,-2.5,7h
INFY,1h,EMA21/EMA50,2026-04-16 10:15:00,2026-04-21 10:15:00,1313.9,1319.8,1312.0,1318.4,1313.11,1309.04,Between Slow & Fast EMA,21,,,1318.4,1285.44,1357.95,SL HIT,2026-04-22 09:15:00,Not Hit,1325.0,-2.5,6h
INFY,1h,EMA21/EMA50,2026-04-16 10:15:00,2026-04-21 15:15:00,1312.3,1315.8,1311.8,1314.6,1313.61,1310.06,Between Slow & Fast EMA,26,,,1314.6,1281.73,1354.04,SL HIT,2026-04-22 09:15:00,Not Hit,1295.0,-2.5,1h
RELIANCE,1d,EMA10/EMA20,2024-01-11 00:00:00,2024-01-25 00:00:00,1342.95,1364.15,1335.2,1353.08,,,At/Below Slow EMA,10,1349.44,1340.2,1353.08,1319.25,1393.67,TARGET HIT,Not Hit,2024-01-29 00:00:00,1452.5,3.0,1d
RELIANCE,1d,EMA10/EMA20,2024-01-11 00:00:00,2024-01-29 00:00:00,1364.5,1452.5,1360.17,1448.05,,,Between Slow & Fast EMA,11,1367.37,1350.47,1448.05,1411.85,1491.49,SL HIT,2024-01-30 00:00:00,Not Hit,1459.97,-2.5,1d
RELIANCE,1d,EMA10/EMA20,2024-01-11 00:00:00,2024-02-19 00:00:00,1462.05,1479.5,1453.53,1474.0,,,Between Slow & Fast EMA,26,1457.25,1432.9,1474.0,1437.15,1518.22,SL HIT,2024-03-13 00:00:00,Not Hit,1512.45,-2.5,17d
RELIANCE,1d,EMA10/EMA20,2024-01-11 00:00:00,2024-02-22 00:00:00,1468.15,1484.95,1458.0,1481.75,,,Between Slow & Fast EMA,29,1464.94,1443.52,1481.75,1444.71,1526.2,SL HIT,2024-03-13 00:00:00,Not Hit,1512.45,-2.5,14d
RELIANCE,1d,EMA10/EMA20,2024-01-11 00:00:00,2024-03-01 00:00:00,1463.5,1500.0,1462.5,1492.12,,,Between Slow & Fast EMA,35,1473.93,1459.24,1492.12,1454.82,1536.88,SL HIT,2024-03-13 00:00:00,Not Hit,1512.45,-2.5,8d
RELIANCE,1d,EMA10/EMA20,2024-01-11 00:00:00,2024-03-06 00:00:00,1493.45,1509.0,1478.5,1503.0,,,Between Slow & Fast EMA,39,1488.9,1472.94,1503.0,1465.42,1548.09,SL HIT,2024-03-11 00:00:00,Not Hit,1503.1,-2.5,2d
RELIANCE,1d,EMA10/EMA20,2024-03-28 00:00:00,2024-04-08 00:00:00,1462.97,1490.97,1461.0,1485.97,,,At/Below Slow EMA,6,1470.57,1466.51,1485.97,1448.82,1530.55,SL HIT,2024-04-15 00:00:00,Not Hit,1489.8,-2.5,4d
RELIANCE,1d,EMA10/EMA20,2024-03-28 00:00:00,2024-04-10 00:00:00,1466.35,1487.0,1466.35,1479.58,,,At/Below Slow EMA,8,1471.18,1467.51,1479.58,1442.59,1523.97,SL HIT,2024-04-25 00:00:00,Not Hit,1493.5,-2.5,9d
RELIANCE,1d,EMA10/EMA20,2024-03-28 00:00:00,2024-04-19 00:00:00,1456.78,1474.0,1443.03,1470.12,,,At/Below Slow EMA,13,1468.35,1467.14,1470.12,1433.37,1514.22,SL HIT,2024-05-03 00:00:00,Not Hit,1493.5,-2.5,9d
RELIANCE,1d,EMA10/EMA20,2024-03-28 00:00:00,2024-04-22 00:00:00,1472.45,1482.83,1467.8,1479.85,,,At/Below Slow EMA,14,1470.44,1468.35,1479.85,1442.85,1524.25,SL HIT,2024-04-25 00:00:00,Not Hit,1493.5,-2.5,3d
RELIANCE,1d,EMA10/EMA20,2024-06-07 00:00:00,2024-06-14 00:00:00,1470.0,1479.67,1457.22,1477.55,,,Between Slow & Fast EMA,5,1459.33,1453.28,1477.55,1440.61,1521.88,SL HIT,2024-06-21 00:00:00,Not Hit,1487.5,-2.5,4d
RELIANCE,1d,EMA10/EMA20,2024-06-07 00:00:00,2024-06-20 00:00:00,1459.0,1482.85,1450.1,1473.7,,,At/Below Slow EMA,8,1464.48,1457.85,1473.7,1436.86,1517.91,TARGET HIT,Not Hit,2024-06-26 00:00:00,1518.97,3.0,4d
RELIANCE,1d,EMA10/EMA20,2024-06-07 00:00:00,2024-06-26 00:00:00,1446.05,1518.97,1445.12,1514.03,,,At/Below Slow EMA,12,1468.13,1461.35,1514.03,1476.18,1559.45,TARGET HIT,Not Hit,2024-06-28 00:00:00,1581.0,3.0,2d
RELIANCE,1d,EMA10/EMA20,2024-06-07 00:00:00,2024-07-18 00:00:00,1576.0,1593.9,1557.83,1586.67,,,Between Slow & Fast EMA,27,1578.24,1554.02,1586.67,1547.0,1634.27,SL HIT,2024-07-22 00:00:00,Not Hit,1589.97,-2.5,2d
RELIANCE,1d,EMA10/EMA20,2024-08-27 00:00:00,2024-08-29 00:00:00,1503.1,1537.0,1494.0,1520.92,,,At/Below Slow EMA,2,1499.66,1496.91,1520.92,1482.9,1566.55,SL HIT,2024-09-06 00:00:00,Not Hit,1539.72,-2.5,6d
RELIANCE,1d,EMA10/EMA20,2024-08-27 00:00:00,2024-09-04 00:00:00,1500.7,1517.5,1499.5,1514.55,,,At/Below Slow EMA,6,1506.79,1502.05,1514.55,1476.69,1559.99,SL HIT,2024-09-06 00:00:00,Not Hit,1525.78,-2.5,2d
RELIANCE,1d,EMA10/EMA20,2024-09-26 00:00:00,2024-09-27 00:00:00,1499.0,1533.47,1492.0,1526.17,,,Between Slow & Fast EMA,1,1493.09,1488.88,1526.17,1488.02,1571.96,SL HIT,2024-09-30 00:00:00,Not Hit,1524.97,-2.5,1d
RELIANCE,1d,EMA10/EMA20,2025-04-21 00:00:00,2025-05-21 00:00:00,1423.9,1436.2,1418.1,1429.2,,,Between Slow & Fast EMA,21,1424.53,1395.15,1429.2,1393.47,1472.08,TARGET HIT,Not Hit,2025-06-24 00:00:00,1475.0,3.0,24d
RELIANCE,1d,EMA10/EMA20,2025-04-21 00:00:00,2025-05-23 00:00:00,1406.6,1433.8,1406.6,1426.8,,,Between Slow & Fast EMA,23,1422.69,1399.39,1426.8,1391.13,1469.6,TARGET HIT,Not Hit,2025-06-20 00:00:00,1471.0,3.0,20d
RELIANCE,1d,EMA10/EMA20,2025-04-21 00:00:00,2025-06-04 00:00:00,1414.7,1425.7,1406.1,1423.5,,,At/Below Slow EMA,31,1418.47,1409.66,1423.5,1387.91,1466.2,TARGET HIT,Not Hit,2025-06-11 00:00:00,1468.6,3.0,5d
RELIANCE,1d,EMA10/EMA20,2025-04-21 00:00:00,2025-06-16 00:00:00,1426.9,1442.4,1424.4,1437.8,,,At/Below Slow EMA,39,1435.32,1426.59,1437.8,1401.86,1480.93,TARGET HIT,Not Hit,2025-06-26 00:00:00,1498.8,3.0,8d
RELIANCE,1d,EMA10/EMA20,2025-04-21 00:00:00,2025-06-20 00:00:00,1431.0,1471.0,1428.1,1466.2,,,At/Below Slow EMA,43,1439.59,1431.54,1466.2,1429.55,1510.19,TARGET HIT,Not Hit,2025-06-27 00:00:00,1522.0,3.0,5d
RELIANCE,1d,EMA10/EMA20,2025-04-21 00:00:00,2025-06-23 00:00:00,1453.0,1463.8,1442.0,1456.8,,,Between Slow & Fast EMA,44,1442.72,1433.94,1456.8,1420.38,1500.5,TARGET HIT,Not Hit,2025-06-27 00:00:00,1522.0,3.0,4d
RELIANCE,1d,EMA10/EMA20,2025-10-17 00:00:00,2025-11-10 00:00:00,1477.9,1501.0,1475.5,1489.3,,,Between Slow & Fast EMA,14,1478.04,1457.82,1489.3,1452.07,1533.98,TARGET HIT,Not Hit,2025-11-20 00:00:00,1550.9,3.0,8d
RELIANCE,1d,EMA10/EMA20,2025-10-17 00:00:00,2025-11-25 00:00:00,1535.9,1559.6,1525.1,1539.7,,,Between Slow & Fast EMA,25,1525.96,1504.8,1539.7,1501.21,1585.89,TARGET HIT,Not Hit,2026-01-01 00:00:00,1592.5,3.0,26d
RELIANCE,1d,EMA10/EMA20,2025-10-17 00:00:00,2025-12-11 00:00:00,1536.9,1550.0,1524.0,1545.0,,,At/Below Slow EMA,37,1541.11,1532.97,1545.0,1506.38,1591.35,TARGET HIT,Not Hit,2026-01-01 00:00:00,1592.5,3.0,14d
RELIANCE,1d,EMA10/EMA20,2025-10-17 00:00:00,2025-12-26 00:00:00,1554.7,1561.0,1554.3,1559.2,,,Between Slow & Fast EMA,47,1557.37,1549.23,1559.2,1520.22,1605.98,TARGET HIT,Not Hit,2026-01-05 00:00:00,1611.8,3.0,6d
RELIANCE,1d,EMA10/EMA20,2025-10-17 00:00:00,2025-12-31 00:00:00,1541.0,1577.0,1541.0,1570.4,,,At/Below Slow EMA,50,1555.7,1550.15,1570.4,1531.14,1617.51,SL HIT,2026-01-06 00:00:00,Not Hit,1611.8,-2.5,4d
RELIANCE,1d,EMA10/EMA20,2026-04-29 00:00:00,2026-05-08 00:00:00,1426.0,1442.8,1417.5,1435.2,,,Between Slow & Fast EMA,6,1420.81,1400.44,1435.2,1399.32,1478.26,OPEN,Not Hit,Not Hit,,0.0,0d
RELIANCE,1d,EMA21/EMA50,2024-01-11 00:00:00,2024-01-24 00:00:00,1335.22,1349.5,1323.92,1343.88,1337.97,1323.4,Between Slow & Fast EMA,9,,,1343.88,1310.28,1384.2,TARGET HIT,Not Hit,2024-01-29 00:00:00,1452.5,3.0,2d
RELIANCE,1d,EMA21/EMA50,2024-01-11 00:00:00,2024-01-25 00:00:00,1342.95,1364.15,1335.2,1353.08,1339.35,1324.57,Between Slow & Fast EMA,10,,,1353.08,1319.25,1393.67,TARGET HIT,Not Hit,2024-01-29 00:00:00,1452.5,3.0,1d
RELIANCE,1d,EMA21/EMA50,2024-01-11 00:00:00,2024-03-12 00:00:00,1466.6,1488.0,1465.03,1475.42,1471.78,1431.23,Between Slow & Fast EMA,42,,,1475.42,1438.53,1519.68,SL HIT,2024-03-13 00:00:00,Not Hit,1483.1,-2.5,1d
RELIANCE,1d,EMA21/EMA50,2024-01-11 00:00:00,2024-03-22 00:00:00,1449.97,1460.0,1447.35,1455.03,1454.31,1433.05,Between Slow & Fast EMA,50,,,1455.03,1418.65,1498.68,TARGET HIT,Not Hit,2024-03-27 00:00:00,1500.0,3.0,2d
RELIANCE,1d,EMA21/EMA50,2024-01-11 00:00:00,2024-03-27 00:00:00,1448.0,1500.0,1447.0,1492.85,1456.76,1435.71,Between Slow & Fast EMA,52,,,1492.85,1455.53,1537.64,SL HIT,2024-04-04 00:00:00,Not Hit,1505.95,-2.5,5d
RELIANCE,1d,EMA21/EMA50,2024-01-11 00:00:00,2024-04-08 00:00:00,1462.97,1490.97,1461.0,1485.97,1466.12,1445.67,Between Slow & Fast EMA,59,,,1485.97,1448.82,1530.55,SL HIT,2024-04-15 00:00:00,Not Hit,1489.8,-2.5,4d
RELIANCE,1d,EMA21/EMA50,2024-01-11 00:00:00,2024-04-10 00:00:00,1466.35,1487.0,1466.35,1479.58,1467.14,1447.68,Between Slow & Fast EMA,61,,,1479.58,1442.59,1523.97,SL HIT,2024-04-25 00:00:00,Not Hit,1493.5,-2.5,9d
RELIANCE,1d,EMA21/EMA50,2024-01-11 00:00:00,2024-04-19 00:00:00,1456.78,1474.0,1443.03,1470.12,1466.92,1451.09,At/Below Slow EMA,66,,,1470.12,1433.37,1514.22,SL HIT,2024-05-03 00:00:00,Not Hit,1493.5,-2.5,9d
RELIANCE,1d,EMA21/EMA50,2024-01-11 00:00:00,2024-04-22 00:00:00,1472.45,1482.83,1467.8,1479.85,1468.09,1452.21,Between Slow & Fast EMA,67,,,1479.85,1442.85,1524.25,SL HIT,2024-04-25 00:00:00,Not Hit,1493.5,-2.5,3d
RELIANCE,1d,EMA21/EMA50,2024-01-11 00:00:00,2024-04-29 00:00:00,1450.0,1467.9,1450.0,1465.03,1464.15,1453.18,At/Below Slow EMA,72,,,1465.03,1428.4,1508.98,SL HIT,2024-05-03 00:00:00,Not Hit,1483.08,-2.5,3d
RELIANCE,1d,EMA21/EMA50,2024-06-10 00:00:00,2024-06-20 00:00:00,1459.0,1482.85,1450.1,1473.7,1457.41,1451.02,At/Below Slow EMA,7,,,1473.7,1436.86,1517.91,TARGET HIT,Not Hit,2024-06-26 00:00:00,1518.97,3.0,4d
RELIANCE,1d,EMA21/EMA50,2024-06-10 00:00:00,2024-06-26 00:00:00,1446.05,1518.97,1445.12,1514.03,1460.87,1453.38,At/Below Slow EMA,11,,,1514.03,1476.18,1559.45,TARGET HIT,Not Hit,2024-06-28 00:00:00,1581.0,3.0,2d
RELIANCE,1d,EMA21/EMA50,2024-08-30 00:00:00,2024-09-04 00:00:00,1500.7,1517.5,1499.5,1514.55,1501.93,1499.38,Between Slow & Fast EMA,3,,,1514.55,1476.69,1559.99,SL HIT,2024-09-06 00:00:00,Not Hit,1525.78,-2.5,2d
RELIANCE,1d,EMA21/EMA50,2025-04-22 00:00:00,2025-06-02 00:00:00,1412.1,1417.5,1395.6,1413.7,1406.72,1358.35,Between Slow & Fast EMA,28,,,1413.7,1378.36,1456.11,TARGET HIT,Not Hit,2025-06-09 00:00:00,1457.5,3.0,5d
RELIANCE,1d,EMA21/EMA50,2025-04-22 00:00:00,2025-06-04 00:00:00,1414.7,1425.7,1406.1,1423.5,1408.14,1362.68,Between Slow & Fast EMA,30,,,1423.5,1387.91,1466.2,TARGET HIT,Not Hit,2025-06-11 00:00:00,1468.6,3.0,5d
RELIANCE,1d,EMA21/EMA50,2025-04-22 00:00:00,2025-06-13 00:00:00,1424.0,1435.5,1414.3,1427.9,1424.12,1381.9,Between Slow & Fast EMA,37,,,1427.9,1392.2,1470.74,TARGET HIT,Not Hit,2025-06-20 00:00:00,1471.0,3.0,5d
RELIANCE,1d,EMA21/EMA50,2025-04-22 00:00:00,2025-06-16 00:00:00,1426.9,1442.4,1424.4,1437.8,1425.36,1384.1,Between Slow & Fast EMA,38,,,1437.8,1401.86,1480.93,TARGET HIT,Not Hit,2025-06-26 00:00:00,1498.8,3.0,8d
RELIANCE,1d,EMA21/EMA50,2025-04-22 00:00:00,2025-06-18 00:00:00,1430.0,1442.8,1425.7,1430.1,1426.27,1387.68,Between Slow & Fast EMA,40,,,1430.1,1394.35,1473.0,TARGET HIT,Not Hit,2025-06-24 00:00:00,1475.0,3.0,4d
RELIANCE,1d,EMA21/EMA50,2025-04-22 00:00:00,2025-06-19 00:00:00,1430.1,1439.9,1425.7,1433.3,1426.91,1389.46,Between Slow & Fast EMA,41,,,1433.3,1397.47,1476.3,TARGET HIT,Not Hit,2025-06-26 00:00:00,1498.8,3.0,5d
RELIANCE,1d,EMA21/EMA50,2025-04-22 00:00:00,2025-06-20 00:00:00,1431.0,1471.0,1428.1,1466.2,1430.48,1392.47,Between Slow & Fast EMA,42,,,1466.2,1429.55,1510.19,TARGET HIT,Not Hit,2025-06-27 00:00:00,1522.0,3.0,5d
RELIANCE,1d,EMA21/EMA50,2025-10-21 00:00:00,2025-12-05 00:00:00,1530.4,1545.8,1520.6,1540.6,1528.45,1487.79,Between Slow & Fast EMA,31,,,1540.6,1502.08,1586.82,TARGET HIT,Not Hit,2026-01-01 00:00:00,1592.5,3.0,18d
RELIANCE,1d,EMA21/EMA50,2025-10-21 00:00:00,2025-12-11 00:00:00,1536.9,1550.0,1524.0,1545.0,1531.71,1495.31,Between Slow & Fast EMA,35,,,1545.0,1506.38,1591.35,TARGET HIT,Not Hit,2026-01-01 00:00:00,1592.5,3.0,14d
RELIANCE,1d,EMA21/EMA50,2025-10-21 00:00:00,2025-12-18 00:00:00,1535.2,1551.5,1535.2,1544.4,1537.92,1504.95,Between Slow & Fast EMA,40,,,1544.4,1505.79,1590.73,TARGET HIT,Not Hit,2026-01-01 00:00:00,1592.5,3.0,9d
RELIANCE,1d,EMA21/EMA50,2025-10-21 00:00:00,2025-12-31 00:00:00,1541.0,1577.0,1541.0,1570.4,1549.36,1520.04,Between Slow & Fast EMA,48,,,1570.4,1531.14,1617.51,SL HIT,2026-01-06 00:00:00,Not Hit,1611.8,-2.5,4d
RELIANCE,1h,EMA10/EMA20,2026-01-29 12:15:00,2026-01-29 13:15:00,1394.6,1399.9,1392.0,1398.6,,,At/Below Slow EMA,1,1394.72,1394.22,1398.6,1363.63,1440.56,SL HIT,2026-02-01 12:15:00,Not Hit,1411.0,-2.5,13h
RELIANCE,1h,EMA10/EMA20,2026-01-30 15:15:00,2026-02-01 09:15:00,1396.0,1406.0,1388.0,1404.8,,,At/Below Slow EMA,1,1395.1,1393.93,1404.8,1369.68,1446.94,SL HIT,2026-02-01 12:15:00,Not Hit,1411.0,-2.5,3h
RELIANCE,1h,EMA10/EMA20,2026-02-03 09:15:00,2026-02-05 10:15:00,1447.3,1451.8,1443.5,1448.9,,,Between Slow & Fast EMA,15,1448.2,1436.34,1448.9,1412.68,1492.37,SL HIT,2026-02-16 09:15:00,Not Hit,1473.0,-2.5,48h
RELIANCE,1h,EMA10/EMA20,2026-02-03 09:15:00,2026-02-06 10:15:00,1437.9,1448.8,1437.5,1448.0,,,At/Below Slow EMA,22,1444.35,1439.71,1448.0,1411.8,1491.44,SL HIT,2026-02-16 09:15:00,Not Hit,1473.0,-2.5,41h
RELIANCE,1h,EMA10/EMA20,2026-02-03 09:15:00,2026-02-06 14:15:00,1442.4,1451.4,1440.0,1450.4,,,At/Below Slow EMA,26,1444.51,1441.22,1450.4,1414.14,1493.91,SL HIT,2026-02-16 09:15:00,Not Hit,1473.0,-2.5,37h
RELIANCE,1h,EMA10/EMA20,2026-02-03 09:15:00,2026-02-11 10:15:00,1458.0,1465.5,1458.0,1462.6,,,Between Slow & Fast EMA,43,1459.04,1456.47,1462.6,1426.03,1506.48,SL HIT,2026-02-13 10:15:00,Not Hit,1473.0,-2.5,14h
RELIANCE,1h,EMA10/EMA20,2026-02-03 09:15:00,2026-02-11 11:15:00,1462.5,1466.6,1459.9,1466.4,,,Between Slow & Fast EMA,44,1460.38,1457.42,1466.4,1429.74,1510.39,SL HIT,2026-02-13 10:15:00,Not Hit,1473.0,-2.5,13h
RELIANCE,1h,EMA10/EMA20,2026-02-24 13:15:00,2026-02-24 14:15:00,1426.7,1430.7,1422.7,1429.3,,,At/Below Slow EMA,1,1424.33,1423.57,1429.3,1393.57,1472.18,SL HIT,2026-02-25 14:15:00,Not Hit,1440.5,-2.5,7h
RELIANCE,1h,EMA10/EMA20,2026-03-05 14:15:00,2026-03-06 15:15:00,1404.8,1409.7,1401.0,1407.0,,,Between Slow & Fast EMA,8,1402.56,1392.84,1407.0,1371.83,1449.21,SL HIT,2026-03-16 09:15:00,Not Hit,1433.6,-2.5,36h
RELIANCE,1h,EMA10/EMA20,2026-03-05 14:15:00,2026-03-09 12:15:00,1398.8,1407.9,1397.0,1403.7,,,Between Slow & Fast EMA,12,1401.33,1395.26,1403.7,1368.61,1445.81,SL HIT,2026-03-16 10:15:00,Not Hit,1433.6,-2.5,33h
RELIANCE,1h,EMA10/EMA20,2026-03-05 14:15:00,2026-03-09 13:15:00,1403.6,1410.2,1402.3,1408.7,,,Between Slow & Fast EMA,13,1402.67,1396.54,1408.7,1373.48,1450.96,SL HIT,2026-03-16 09:15:00,Not Hit,1433.6,-2.5,31h
RELIANCE,1h,EMA10/EMA20,2026-03-05 14:15:00,2026-03-10 13:15:00,1408.3,1415.8,1407.3,1414.0,,,Between Slow & Fast EMA,20,1410.79,1405.37,1414.0,1378.65,1456.42,SL HIT,2026-03-13 13:15:00,Not Hit,1433.6,-2.5,21h
RELIANCE,1h,EMA10/EMA20,2026-03-05 14:15:00,2026-03-10 15:15:00,1408.6,1412.2,1405.7,1410.9,,,At/Below Slow EMA,22,1410.47,1406.17,1410.9,1375.63,1453.23,SL HIT,2026-03-16 09:15:00,Not Hit,1433.6,-2.5,22h
RELIANCE,1h,EMA10/EMA20,2026-03-17 10:15:00,2026-03-17 12:15:00,1393.7,1400.8,1388.2,1400.2,,,At/Below Slow EMA,2,1392.83,1391.77,1400.2,1365.19,1442.21,SL HIT,2026-03-27 11:15:00,Not Hit,1430.4,-2.5,48h
RELIANCE,1h,EMA10/EMA20,2026-03-17 10:15:00,2026-03-18 09:15:00,1397.2,1412.1,1397.2,1406.5,,,Between Slow & Fast EMA,6,1397.69,1395.0,1406.5,1371.34,1448.69,SL HIT,2026-03-27 10:15:00,Not Hit,1430.4,-2.5,43h
RELIANCE,1h,EMA10/EMA20,2026-03-17 10:15:00,2026-03-19 09:15:00,1388.0,1408.0,1388.0,1406.5,,,At/Below Slow EMA,13,1405.7,1401.84,1406.5,1371.34,1448.69,SL HIT,2026-03-27 10:15:00,Not Hit,1430.4,-2.5,36h
RELIANCE,1h,EMA10/EMA20,2026-03-24 09:15:00,2026-03-24 10:15:00,1413.3,1415.9,1406.7,1413.7,,,At/Below Slow EMA,1,1408.81,1407.84,1413.7,1378.36,1456.11,SL HIT,2026-03-27 09:15:00,Not Hit,1430.4,-2.5,13h
RELIANCE,1h,EMA10/EMA20,2026-03-24 09:15:00,2026-03-24 12:15:00,1411.4,1420.1,1408.5,1416.3,,,At/Below Slow EMA,3,1410.57,1408.96,1416.3,1380.89,1458.79,SL HIT,2026-03-27 09:15:00,Not Hit,1430.4,-2.5,11h
RELIANCE,1h,EMA10/EMA20,2026-03-24 09:15:00,2026-03-24 15:15:00,1411.5,1414.6,1408.2,1414.0,,,At/Below Slow EMA,6,1411.53,1409.91,1414.0,1378.65,1456.42,SL HIT,2026-03-27 09:15:00,Not Hit,1430.4,-2.5,8h
RELIANCE,1h,EMA10/EMA20,2026-04-08 12:15:00,2026-04-09 10:15:00,1336.5,1339.0,1331.5,1336.9,,,At/Below Slow EMA,5,1336.26,1331.83,1336.9,1303.48,1377.01,TARGET HIT,Not Hit,2026-04-28 10:15:00,1387.7,3.0,84h
RELIANCE,1h,EMA10/EMA20,2026-04-08 12:15:00,2026-04-10 09:15:00,1337.0,1350.9,1333.1,1347.2,,,At/Below Slow EMA,11,1336.04,1333.48,1347.2,1313.52,1387.62,SL HIT,2026-04-13 09:15:00,Not Hit,1352.3,-2.5,7h
RELIANCE,1h,EMA10/EMA20,2026-04-08 12:15:00,2026-04-10 14:15:00,1348.0,1352.3,1342.5,1349.9,,,Between Slow & Fast EMA,16,1343.95,1339.38,1349.9,1316.15,1390.4,SL HIT,2026-04-13 09:15:00,Not Hit,1351.6,-2.5,2h
RELIANCE,1h,EMA10/EMA20,2026-04-15 12:15:00,2026-04-16 10:15:00,1334.1,1340.6,1333.5,1338.5,,,At/Below Slow EMA,5,1336.47,1334.71,1338.5,1305.04,1378.65,TARGET HIT,Not Hit,2026-04-28 10:15:00,1387.7,3.0,56h
RELIANCE,1h,EMA10/EMA20,2026-04-15 12:15:00,2026-04-16 13:15:00,1331.8,1337.5,1331.3,1336.8,,,At/Below Slow EMA,8,1335.78,1334.76,1336.8,1303.38,1376.9,TARGET HIT,Not Hit,2026-04-28 10:15:00,1387.7,3.0,53h
RELIANCE,1h,EMA10/EMA20,2026-04-15 12:15:00,2026-04-16 14:15:00,1337.0,1345.8,1336.5,1343.1,,,Between Slow & Fast EMA,9,1337.11,1335.55,1343.1,1309.52,1383.39,TARGET HIT,Not Hit,2026-04-28 10:15:00,1387.7,3.0,52h
RELIANCE,1h,EMA10/EMA20,2026-04-15 12:15:00,2026-04-17 09:15:00,1340.0,1351.8,1340.0,1349.7,,,Between Slow & Fast EMA,11,1340.71,1337.79,1349.7,1315.96,1390.19,SL HIT,2026-04-27 09:15:00,Not Hit,1373.0,-2.5,42h
RELIANCE,1h,EMA10/EMA20,2026-04-15 12:15:00,2026-04-21 10:15:00,1363.5,1369.8,1360.4,1367.0,,,Between Slow & Fast EMA,26,1364.0,1358.98,1367.0,1332.83,1408.01,SL HIT,2026-04-24 10:15:00,Not Hit,1367.0,-2.5,21h
RELIANCE,1h,EMA10/EMA20,2026-04-15 12:15:00,2026-04-22 10:15:00,1355.9,1365.3,1355.9,1363.9,,,At/Below Slow EMA,33,1358.73,1357.78,1363.9,1329.8,1404.82,SL HIT,2026-04-24 10:15:00,Not Hit,1365.9,-2.5,14h
RELIANCE,1h,EMA10/EMA20,2026-04-15 12:15:00,2026-04-22 14:15:00,1360.6,1363.5,1358.6,1363.4,,,At/Below Slow EMA,37,1360.9,1359.4,1363.4,1329.32,1404.3,SL HIT,2026-04-24 10:15:00,Not Hit,1365.9,-2.5,10h
RELIANCE,1h,EMA10/EMA20,2026-04-27 14:15:00,2026-04-30 11:15:00,1400.0,1412.7,1399.7,1411.6,,,Between Slow & Fast EMA,18,1407.92,1396.32,1411.6,1376.31,1453.95,TARGET HIT,Not Hit,2026-05-04 12:15:00,1464.2,3.0,8h
RELIANCE,1h,EMA10/EMA20,2026-04-27 14:15:00,2026-05-05 11:15:00,1452.8,1460.9,1450.0,1460.1,,,Between Slow & Fast EMA,32,1453.45,1439.04,1460.1,1423.6,1503.9,SL HIT,2026-05-08 09:15:00,Not Hit,1473.2,-2.5,19h
RELIANCE,1h,EMA21/EMA50,2026-02-03 11:15:00,2026-02-06 10:15:00,1437.9,1448.8,1437.5,1448.0,1439.03,1424.55,Between Slow & Fast EMA,20,,,1448.0,1411.8,1491.44,SL HIT,2026-02-16 09:15:00,Not Hit,1473.0,-2.5,41h
RELIANCE,1h,EMA21/EMA50,2026-02-03 11:15:00,2026-02-06 13:15:00,1440.7,1444.5,1438.4,1442.0,1439.73,1426.51,Between Slow & Fast EMA,23,,,1442.0,1405.95,1485.26,SL HIT,2026-02-19 15:15:00,Not Hit,1473.0,-2.5,65h
RELIANCE,1h,EMA21/EMA50,2026-02-03 11:15:00,2026-02-06 14:15:00,1442.4,1451.4,1440.0,1450.4,1440.7,1427.45,Between Slow & Fast EMA,24,,,1450.4,1414.14,1493.91,SL HIT,2026-02-16 09:15:00,Not Hit,1473.0,-2.5,37h
RELIANCE,1h,EMA21/EMA50,2026-02-03 11:15:00,2026-02-10 14:15:00,1455.3,1463.3,1454.6,1456.6,1455.07,1441.57,Between Slow & Fast EMA,38,,,1456.6,1420.18,1500.3,SL HIT,2026-02-13 11:15:00,Not Hit,1473.0,-2.5,18h
RELIANCE,1h,EMA21/EMA50,2026-03-09 09:15:00,2026-03-09 11:15:00,1395.7,1406.0,1391.1,1398.9,1393.92,1393.22,At/Below Slow EMA,2,,,1398.9,1363.93,1440.87,SL HIT,2026-03-16 10:15:00,Not Hit,1433.6,-2.5,34h
RELIANCE,1h,EMA21/EMA50,2026-03-09 09:15:00,2026-03-10 15:15:00,1408.6,1412.2,1405.7,1410.9,1405.71,1399.99,Between Slow & Fast EMA,13,,,1410.9,1375.63,1453.23,SL HIT,2026-03-16 09:15:00,Not Hit,1433.6,-2.5,22h
RELIANCE,1h,EMA21/EMA50,2026-03-09 09:15:00,2026-03-12 10:15:00,1393.8,1410.9,1393.5,1406.9,1400.79,1399.18,At/Below Slow EMA,22,,,1406.9,1371.73,1449.11,SL HIT,2026-03-16 09:15:00,Not Hit,1410.5,-2.5,13h
RELIANCE,1h,EMA21/EMA50,2026-03-18 10:15:00,2026-03-19 09:15:00,1388.0,1408.0,1388.0,1406.5,1401.58,1398.35,At/Below Slow EMA,6,,,1406.5,1371.34,1448.69,SL HIT,2026-03-27 10:15:00,Not Hit,1430.4,-2.5,36h
RELIANCE,1h,EMA21/EMA50,2026-03-18 10:15:00,2026-03-20 09:15:00,1398.0,1422.5,1398.0,1422.3,1400.63,1398.59,At/Below Slow EMA,13,,,1422.3,1386.74,1464.97,SL HIT,2026-03-27 09:15:00,Not Hit,1430.4,-2.5,28h
RELIANCE,1h,EMA21/EMA50,2026-03-18 10:15:00,2026-03-23 13:15:00,1400.5,1412.0,1399.0,1409.2,1406.62,1403.16,At/Below Slow EMA,24,,,1409.2,1373.97,1451.48,SL HIT,2026-03-27 10:15:00,Not Hit,1430.4,-2.5,18h
RELIANCE,1h,EMA21/EMA50,2026-03-18 10:15:00,2026-03-24 10:15:00,1413.3,1415.9,1406.7,1413.7,1407.71,1404.15,Between Slow & Fast EMA,28,,,1413.7,1378.36,1456.11,SL HIT,2026-03-27 09:15:00,Not Hit,1430.4,-2.5,13h
RELIANCE,1h,EMA21/EMA50,2026-03-18 10:15:00,2026-03-24 12:15:00,1411.4,1420.1,1408.5,1416.3,1408.8,1404.9,Between Slow & Fast EMA,30,,,1416.3,1380.89,1458.79,SL HIT,2026-03-27 09:15:00,Not Hit,1430.4,-2.5,11h
RELIANCE,1h,EMA21/EMA50,2026-03-18 10:15:00,2026-03-24 15:15:00,1411.5,1414.6,1408.2,1414.0,1409.76,1405.77,Between Slow & Fast EMA,33,,,1414.0,1378.65,1456.42,SL HIT,2026-03-27 09:15:00,Not Hit,1430.4,-2.5,8h
RELIANCE,1h,EMA21/EMA50,2026-04-17 10:15:00,2026-04-22 10:15:00,1355.9,1365.3,1355.9,1363.9,1357.55,1351.64,Between Slow & Fast EMA,21,,,1363.9,1329.8,1404.82,SL HIT,2026-04-24 10:15:00,Not Hit,1365.9,-2.5,14h
RELIANCE,1h,EMA21/EMA50,2026-04-17 10:15:00,2026-04-22 14:15:00,1360.6,1363.5,1358.6,1363.4,1359.18,1353.28,Between Slow & Fast EMA,25,,,1363.4,1329.32,1404.3,SL HIT,2026-04-24 10:15:00,Not Hit,1365.9,-2.5,10h
RELIANCE,1h,EMA21/EMA50,2026-04-28 09:15:00,2026-04-30 10:15:00,1398.6,1400.3,1393.1,1400.2,1393.61,1374.37,Between Slow & Fast EMA,15,,,1400.2,1365.19,1442.21,TARGET HIT,Not Hit,2026-05-04 09:15:00,1446.5,3.0,6h
RELIANCE,1h,EMA21/EMA50,2026-04-28 09:15:00,2026-05-08 15:15:00,1434.5,1437.4,1434.4,1436.0,1435.2,1426.82,Between Slow & Fast EMA,55,,,1436.0,1400.1,1479.08,OPEN,Not Hit,Not Hit,,0.0,0h
TCS,1d,EMA10/EMA20,2024-01-15 00:00:00,2024-02-01 00:00:00,3820.0,3904.9,3805.05,3854.15,,,At/Below Slow EMA,12,3831.82,3821.83,3854.15,3757.8,3969.77,TARGET HIT,Not Hit,2024-02-02 00:00:00,3984.4,3.0,1d
TCS,1d,EMA10/EMA20,2024-01-15 00:00:00,2024-02-22 00:00:00,3971.0,4094.95,3971.0,4087.1,,,At/Below Slow EMA,27,4064.66,4024.1,4087.1,3984.92,4209.71,SL HIT,2024-02-26 00:00:00,Not Hit,4130.0,-2.5,2d
TCS,1d,EMA10/EMA20,2024-01-15 00:00:00,2024-02-27 00:00:00,3999.0,4124.0,3999.0,4104.4,,,At/Below Slow EMA,30,4060.89,4031.94,4104.4,4001.79,4227.53,SL HIT,2024-03-05 00:00:00,Not Hit,4154.9,-2.5,6d
TCS,1d,EMA10/EMA20,2024-01-15 00:00:00,2024-03-07 00:00:00,4065.0,4124.0,4037.7,4108.6,,,At/Below Slow EMA,38,4076.56,4059.74,4108.6,4005.89,4231.86,TARGET HIT,Not Hit,2024-03-13 00:00:00,4241.0,3.0,3d
TCS,1d,EMA10/EMA20,2024-01-15 00:00:00,2024-03-14 00:00:00,4153.45,4225.0,4086.0,4207.6,,,At/Below Slow EMA,42,4129.8,4096.26,4207.6,4102.41,4333.83,SL HIT,2024-03-19 00:00:00,Not Hit,4254.75,-2.5,3d
TCS,1d,EMA10/EMA20,2024-05-09 00:00:00,2024-05-13 00:00:00,3884.5,3955.0,3870.0,3947.8,,,At/Below Slow EMA,2,3918.0,3913.82,3947.8,3849.11,4066.23,SL HIT,2024-05-16 00:00:00,Not Hit,3945.8,-2.5,3d
TCS,1d,EMA10/EMA20,2024-06-26 00:00:00,2024-06-27 00:00:00,3831.0,3942.0,3818.1,3934.15,,,At/Below Slow EMA,1,3846.03,3836.28,3934.15,3835.8,4052.17,TARGET HIT,Not Hit,2024-07-12 00:00:00,4199.95,3.0,11d
TCS,1d,EMA10/EMA20,2024-06-26 00:00:00,2024-07-12 00:00:00,3980.0,4199.95,3971.3,4183.95,,,Between Slow & Fast EMA,12,3990.12,3944.64,4183.95,4079.35,4309.47,TARGET HIT,Not Hit,2024-07-18 00:00:00,4325.0,3.0,3d
TCS,1d,EMA10/EMA20,2024-06-26 00:00:00,2024-08-14 00:00:00,4209.0,4306.2,4188.15,4295.25,,,At/Below Slow EMA,34,4237.49,4221.09,4295.25,4187.87,4424.11,TARGET HIT,Not Hit,2024-08-16 00:00:00,4427.0,3.0,1d
TCS,1d,EMA10/EMA20,2024-06-26 00:00:00,2024-08-29 00:00:00,4460.0,4556.0,4460.0,4511.8,,,Between Slow & Fast EMA,44,4465.82,4397.0,4511.8,4399.01,4647.15,SL HIT,2024-09-18 00:00:00,Not Hit,4592.25,-2.5,14d
TCS,1d,EMA10/EMA20,2024-06-26 00:00:00,2024-09-10 00:00:00,4442.45,4539.95,4440.45,4507.85,,,At/Below Slow EMA,52,4482.08,4448.11,4507.85,4395.15,4643.09,SL HIT,2024-09-18 00:00:00,Not Hit,4549.35,-2.5,6d
TCS,1d,EMA10/EMA20,2024-06-26 00:00:00,2024-09-12 00:00:00,4510.25,4532.6,4431.3,4517.7,,,At/Below Slow EMA,54,4488.15,4457.43,4517.7,4404.76,4653.23,SL HIT,2024-09-18 00:00:00,Not Hit,4547.0,-2.5,4d
TCS,1d,EMA10/EMA20,2024-11-12 00:00:00,2024-11-14 00:00:00,4135.0,4160.0,4116.45,4145.9,,,At/Below Slow EMA,2,4128.3,4122.62,4145.9,4042.25,4270.28,SL HIT,2024-11-18 00:00:00,Not Hit,4213.0,-2.5,1d
TCS,1d,EMA10/EMA20,2024-11-22 00:00:00,2024-11-29 00:00:00,4220.0,4298.7,4195.65,4270.85,,,Between Slow & Fast EMA,5,4230.79,4188.26,4270.85,4164.08,4398.98,TARGET HIT,Not Hit,2024-12-05 00:00:00,4489.0,3.0,4d
TCS,1d,EMA10/EMA20,2024-11-22 00:00:00,2024-12-02 00:00:00,4270.0,4288.2,4230.05,4276.65,,,Between Slow & Fast EMA,6,4239.12,4196.68,4276.65,4169.73,4404.95,TARGET HIT,Not Hit,2024-12-05 00:00:00,4489.0,3.0,3d
TCS,1d,EMA10/EMA20,2024-11-22 00:00:00,2024-12-13 00:00:00,4434.95,4494.9,4394.4,4473.9,,,Between Slow & Fast EMA,15,4406.95,4336.59,4473.9,4362.05,4608.12,SL HIT,2024-12-17 00:00:00,Not Hit,4475.0,-2.5,2d
TCS,1d,EMA10/EMA20,2025-05-06 00:00:00,2025-05-07 00:00:00,3420.6,3459.5,3420.6,3445.1,,,At/Below Slow EMA,1,3432.15,3428.33,3445.1,3358.97,3548.45,TARGET HIT,Not Hit,2025-05-12 00:00:00,3630.5,3.0,3d
TCS,1d,EMA10/EMA20,2025-05-06 00:00:00,2025-05-08 00:00:00,3448.0,3477.0,3428.7,3448.9,,,At/Below Slow EMA,2,3435.2,3430.29,3448.9,3362.68,3552.37,TARGET HIT,Not Hit,2025-05-12 00:00:00,3630.5,3.0,2d
TCS,1d,EMA10/EMA20,2025-05-06 00:00:00,2025-05-09 00:00:00,3399.0,3446.2,3398.1,3440.3,,,At/Below Slow EMA,3,3436.12,3431.24,3440.3,3354.29,3543.51,TARGET HIT,Not Hit,2025-05-12 00:00:00,3630.5,3.0,1d
TCS,1d,EMA10/EMA20,2025-05-06 00:00:00,2025-05-21 00:00:00,3508.0,3537.0,3498.3,3525.8,,,Between Slow & Fast EMA,11,3515.95,3491.61,3525.8,3437.66,3631.57,SL HIT,2025-06-02 00:00:00,Not Hit,3545.0,-2.5,8d
TCS,1d,EMA10/EMA20,2025-05-06 00:00:00,2025-05-23 00:00:00,3477.0,3535.0,3465.6,3514.6,,,At/Below Slow EMA,13,3509.91,3492.54,3514.6,3426.73,3620.04,SL HIT,2025-06-02 00:00:00,Not Hit,3545.0,-2.5,6d
TCS,1d,EMA10/EMA20,2025-05-06 00:00:00,2025-05-26 00:00:00,3521.0,3545.0,3510.1,3537.3,,,Between Slow & Fast EMA,14,3514.89,3496.8,3537.3,3448.87,3643.42,SL HIT,2025-06-02 00:00:00,Not Hit,3540.0,-2.5,5d
TCS,1d,EMA10/EMA20,2025-10-24 00:00:00,2025-10-31 00:00:00,3035.0,3067.4,3025.1,3058.0,,,At/Below Slow EMA,5,3041.61,3030.6,3058.0,2981.55,3149.74,SL HIT,2025-11-04 00:00:00,Not Hit,3058.0,-2.5,2d
TCS,1d,EMA10/EMA20,2025-11-11 00:00:00,2025-11-19 00:00:00,3097.0,3155.0,3083.5,3147.7,,,Between Slow & Fast EMA,6,3087.76,3064.49,3147.7,3069.01,3242.13,TARGET HIT,Not Hit,2025-12-04 00:00:00,3250.0,3.0,11d
TCS,1d,EMA10/EMA20,2025-11-11 00:00:00,2025-11-26 00:00:00,3118.8,3178.0,3117.0,3162.9,,,Between Slow & Fast EMA,11,3123.51,3095.75,3162.9,3083.83,3257.79,TARGET HIT,Not Hit,2025-12-05 00:00:00,3271.6,3.0,7d
TCS,1d,EMA10/EMA20,2025-11-11 00:00:00,2025-12-02 00:00:00,3131.0,3144.0,3120.4,3135.7,,,Between Slow & Fast EMA,15,3130.2,3108.94,3135.7,3057.31,3229.77,TARGET HIT,Not Hit,2025-12-04 00:00:00,3250.0,3.0,2d
TCS,1d,EMA10/EMA20,2025-11-11 00:00:00,2025-12-03 00:00:00,3140.0,3211.9,3139.0,3180.0,,,Between Slow & Fast EMA,16,3139.26,3115.71,3180.0,3100.5,3275.4,TARGET HIT,Not Hit,2025-12-18 00:00:00,3287.8,3.0,11d
TCS,1d,EMA10/EMA20,2025-11-11 00:00:00,2025-12-12 00:00:00,3197.7,3223.0,3185.7,3220.5,,,Between Slow & Fast EMA,23,3194.24,3165.22,3220.5,3139.99,3317.12,TARGET HIT,Not Hit,2025-12-19 00:00:00,3317.9,3.0,5d
TCS,1d,EMA10/EMA20,2025-11-11 00:00:00,2025-12-15 00:00:00,3211.1,3238.2,3197.3,3230.2,,,Between Slow & Fast EMA,24,3200.78,3171.41,3230.2,3149.44,3327.11,TARGET HIT,Not Hit,2025-12-22 00:00:00,3328.6,3.0,5d
TCS,1d,EMA10/EMA20,2025-11-11 00:00:00,2025-12-17 00:00:00,3200.5,3236.9,3200.5,3217.8,,,Between Slow & Fast EMA,26,3204.52,3178.73,3217.8,3137.36,3314.33,TARGET HIT,Not Hit,2025-12-19 00:00:00,3317.9,3.0,2d
TCS,1d,EMA10/EMA20,2025-11-11 00:00:00,2026-01-02 00:00:00,3234.0,3254.3,3219.5,3250.7,,,At/Below Slow EMA,37,3249.12,3234.57,3250.7,3169.43,3348.22,SL HIT,2026-01-19 00:00:00,Not Hit,3300.6,-2.5,10d
TCS,1d,EMA10/EMA20,2025-11-11 00:00:00,2026-01-06 00:00:00,3210.0,3263.2,3205.0,3255.8,,,At/Below Slow EMA,39,3245.42,3235.0,3255.8,3174.41,3353.47,SL HIT,2026-01-12 00:00:00,Not Hit,3300.6,-2.5,4d
TCS,1d,EMA10/EMA20,2025-11-11 00:00:00,2026-01-07 00:00:00,3242.9,3300.6,3223.2,3295.6,,,At/Below Slow EMA,40,3254.55,3240.77,3295.6,3213.21,3394.47,SL HIT,2026-01-08 00:00:00,Not Hit,3286.9,-2.5,1d
TCS,1d,EMA10/EMA20,2025-11-11 00:00:00,2026-01-12 00:00:00,3203.0,3252.0,3174.3,3239.6,,,At/Below Slow EMA,43,3238.71,3234.94,3239.6,3158.61,3336.79,SL HIT,2026-01-19 00:00:00,Not Hit,3280.0,-2.5,4d
TCS,1d,EMA10/EMA20,2025-11-11 00:00:00,2026-01-13 00:00:00,3245.0,3280.0,3210.5,3268.0,,,At/Below Slow EMA,44,3244.04,3238.09,3268.0,3186.3,3366.04,SL HIT,2026-01-14 00:00:00,Not Hit,3260.0,-2.5,1d
TCS,1d,EMA21/EMA50,2024-01-16 00:00:00,2024-02-01 00:00:00,3820.0,3904.9,3805.05,3854.15,3820.77,3802.37,Between Slow & Fast EMA,11,,,3854.15,3757.8,3969.77,TARGET HIT,Not Hit,2024-02-02 00:00:00,3984.4,3.0,1d
TCS,1d,EMA21/EMA50,2024-01-16 00:00:00,2024-02-22 00:00:00,3971.0,4094.95,3971.0,4087.1,4019.66,3929.13,Between Slow & Fast EMA,26,,,4087.1,3984.92,4209.71,SL HIT,2024-02-26 00:00:00,Not Hit,4130.0,-2.5,2d
TCS,1d,EMA21/EMA50,2024-01-16 00:00:00,2024-02-27 00:00:00,3999.0,4124.0,3999.0,4104.4,4028.27,3943.16,Between Slow & Fast EMA,29,,,4104.4,4001.79,4227.53,SL HIT,2024-03-05 00:00:00,Not Hit,4154.9,-2.5,6d
TCS,1d,EMA21/EMA50,2024-01-16 00:00:00,2024-03-06 00:00:00,3994.05,4072.0,3958.45,4064.3,4052.06,3976.54,At/Below Slow EMA,36,,,4064.3,3962.69,4186.23,TARGET HIT,Not Hit,2024-03-12 00:00:00,4229.95,3.0,3d
TCS,1d,EMA21/EMA50,2024-01-16 00:00:00,2024-03-07 00:00:00,4065.0,4124.0,4037.7,4108.6,4057.2,3981.72,Between Slow & Fast EMA,37,,,4108.6,4005.89,4231.86,TARGET HIT,Not Hit,2024-03-13 00:00:00,4241.0,3.0,3d
TCS,1d,EMA21/EMA50,2024-01-16 00:00:00,2024-03-14 00:00:00,4153.45,4225.0,4086.0,4207.6,4093.06,4009.4,Between Slow & Fast EMA,41,,,4207.6,4102.41,4333.83,SL HIT,2024-03-19 00:00:00,Not Hit,4254.75,-2.5,3d
TCS,1d,EMA21/EMA50,2024-01-16 00:00:00,2024-04-04 00:00:00,3975.9,4028.65,3935.25,4003.3,3989.52,3987.97,At/Below Slow EMA,54,,,4003.3,3903.22,4123.4,SL HIT,2024-04-16 00:00:00,Not Hit,4064.2,-2.5,7d
TCS,1d,EMA21/EMA50,2024-07-03 00:00:00,2024-08-09 00:00:00,4217.0,4253.65,4205.55,4228.75,4212.77,4102.5,Between Slow & Fast EMA,26,,,4228.75,4123.03,4355.61,TARGET HIT,Not Hit,2024-08-16 00:00:00,4427.0,3.0,4d
TCS,1d,EMA21/EMA50,2024-07-03 00:00:00,2024-08-14 00:00:00,4209.0,4306.2,4188.15,4295.25,4217.67,4116.99,Between Slow & Fast EMA,29,,,4295.25,4187.87,4424.11,TARGET HIT,Not Hit,2024-08-16 00:00:00,4427.0,3.0,1d
TCS,1d,EMA21/EMA50,2024-07-03 00:00:00,2024-09-10 00:00:00,4442.45,4539.95,4440.45,4507.85,4443.62,4310.97,Between Slow & Fast EMA,47,,,4507.85,4395.15,4643.09,SL HIT,2024-09-18 00:00:00,Not Hit,4549.35,-2.5,6d
TCS,1d,EMA21/EMA50,2024-07-03 00:00:00,2024-09-12 00:00:00,4510.25,4532.6,4431.3,4517.7,4453.31,4325.43,Between Slow & Fast EMA,49,,,4517.7,4404.76,4653.23,SL HIT,2024-09-18 00:00:00,Not Hit,4547.0,-2.5,4d
TCS,1d,EMA21/EMA50,2024-12-02 00:00:00,2024-12-18 00:00:00,4311.7,4362.0,4289.6,4347.85,4338.84,4274.1,Between Slow & Fast EMA,12,,,4347.85,4239.15,4478.29,SL HIT,2024-12-20 00:00:00,Not Hit,4382.0,-2.5,2d
TCS,1d,EMA21/EMA50,2025-11-19 00:00:00,2026-01-02 00:00:00,3234.0,3254.3,3219.5,3250.7,3232.43,3179.64,Between Slow & Fast EMA,31,,,3250.7,3169.43,3348.22,SL HIT,2026-01-19 00:00:00,Not Hit,3300.6,-2.5,10d
TCS,1d,EMA21/EMA50,2025-11-19 00:00:00,2026-01-06 00:00:00,3210.0,3263.2,3205.0,3255.8,3233.21,3184.0,Between Slow & Fast EMA,33,,,3255.8,3174.41,3353.47,SL HIT,2026-01-12 00:00:00,Not Hit,3300.6,-2.5,4d
TCS,1d,EMA21/EMA50,2025-11-19 00:00:00,2026-01-07 00:00:00,3242.9,3300.6,3223.2,3295.6,3238.88,3188.37,Between Slow & Fast EMA,34,,,3295.6,3213.21,3394.47,SL HIT,2026-01-08 00:00:00,Not Hit,3286.9,-2.5,1d
TCS,1d,EMA21/EMA50,2025-11-19 00:00:00,2026-01-12 00:00:00,3203.0,3252.0,3174.3,3239.6,3233.75,3191.68,At/Below Slow EMA,37,,,3239.6,3158.61,3336.79,SL HIT,2026-01-19 00:00:00,Not Hit,3280.0,-2.5,4d
TCS,1d,EMA21/EMA50,2025-11-19 00:00:00,2026-01-13 00:00:00,3245.0,3280.0,3210.5,3268.0,3236.86,3194.67,Between Slow & Fast EMA,38,,,3268.0,3186.3,3366.04,SL HIT,2026-01-14 00:00:00,Not Hit,3260.0,-2.5,1d
TCS,1d,EMA21/EMA50,2025-11-19 00:00:00,2026-01-28 00:00:00,3176.0,3205.2,3170.6,3200.1,3193.77,3184.76,At/Below Slow EMA,47,,,3200.1,3120.1,3296.1,SL HIT,2026-01-30 00:00:00,Not Hit,3200.1,-2.5,2d
TCS,1d,EMA21/EMA50,2025-11-19 00:00:00,2026-02-01 00:00:00,3123.8,3234.0,3105.2,3186.9,3183.66,3181.09,At/Below Slow EMA,50,,,3186.9,3107.23,3282.51,TARGET HIT,Not Hit,2026-02-03 00:00:00,3350.0,3.0,2d
TCS,1h,EMA10/EMA20,2026-01-01 10:15:00,2026-01-02 09:15:00,3234.0,3239.9,3219.5,3234.7,,,Between Slow & Fast EMA,6,3223.38,3218.65,3234.7,3153.83,3331.74,SL HIT,2026-01-19 11:15:00,Not Hit,3300.6,-2.5,72h
TCS,1h,EMA10/EMA20,2026-01-01 10:15:00,2026-01-02 14:15:00,3243.6,3252.8,3234.1,3250.4,,,Between Slow & Fast EMA,11,3236.96,3228.75,3250.4,3169.14,3347.91,SL HIT,2026-01-19 10:15:00,Not Hit,3300.6,-2.5,66h
TCS,1h,EMA10/EMA20,2026-01-06 09:15:00,2026-01-07 09:15:00,3242.9,3280.5,3236.7,3276.3,,,At/Below Slow EMA,7,3247.18,3238.82,3276.3,3194.39,3374.59,SL HIT,2026-01-08 10:15:00,Not Hit,3300.6,-2.5,8h
TCS,1h,EMA10/EMA20,2026-02-01 13:15:00,2026-02-02 11:15:00,3145.9,3166.0,3134.1,3165.9,,,At/Below Slow EMA,5,3161.95,3156.25,3165.9,3086.75,3260.88,TARGET HIT,Not Hit,2026-02-03 09:15:00,3350.0,3.0,5h
TCS,1h,EMA10/EMA20,2026-02-01 13:15:00,2026-02-02 12:15:00,3165.8,3175.4,3152.6,3172.2,,,At/Below Slow EMA,6,3163.81,3157.77,3172.2,3092.89,3267.37,TARGET HIT,Not Hit,2026-02-03 09:15:00,3350.0,3.0,4h
TCS,1h,EMA10/EMA20,2026-02-01 13:15:00,2026-02-02 14:15:00,3149.6,3175.4,3148.6,3172.2,,,At/Below Slow EMA,8,3163.24,3158.45,3172.2,3092.89,3267.37,TARGET HIT,Not Hit,2026-02-03 09:15:00,3350.0,3.0,2h
TCS,1h,EMA10/EMA20,2026-02-26 12:15:00,2026-02-26 13:15:00,2641.4,2647.0,2635.8,2646.4,,,At/Below Slow EMA,1,2640.07,2639.39,2646.4,2580.24,2725.79,SL HIT,2026-03-05 09:15:00,Not Hit,2684.9,-2.5,24h
TCS,1h,EMA10/EMA20,2026-02-26 12:15:00,2026-02-26 14:15:00,2646.3,2654.8,2641.0,2648.1,,,Between Slow & Fast EMA,2,2641.53,2640.22,2648.1,2581.9,2727.54,SL HIT,2026-03-04 13:15:00,Not Hit,2684.9,-2.5,20h
TCS,1h,EMA10/EMA20,2026-03-24 11:15:00,2026-03-24 15:15:00,2397.4,2403.2,2393.6,2400.8,,,At/Below Slow EMA,4,2400.75,2397.49,2400.8,2340.78,2472.82,TARGET HIT,Not Hit,2026-04-06 09:15:00,2478.8,3.0,36h
TCS,1h,EMA10/EMA20,2026-03-24 11:15:00,2026-03-25 09:15:00,2400.9,2417.4,2390.6,2413.0,,,At/Below Slow EMA,5,2402.98,2398.97,2413.0,2352.67,2485.39,SL HIT,2026-03-30 13:15:00,Not Hit,2422.1,-2.5,18h
TCS,1h,EMA10/EMA20,2026-03-27 09:15:00,2026-03-27 11:15:00,2413.5,2415.9,2402.5,2415.5,,,Between Slow & Fast EMA,2,2404.27,2401.94,2415.5,2355.11,2487.97,SL HIT,2026-03-30 09:15:00,Not Hit,2422.1,-2.5,5h
TCS,1h,EMA10/EMA20,2026-04-01 10:15:00,2026-04-02 12:15:00,2407.1,2420.4,2403.0,2419.8,,,At/Below Slow EMA,9,2411.83,2408.09,2419.8,2359.31,2492.39,TARGET HIT,Not Hit,2026-04-07 09:15:00,2500.0,3.0,11h
TCS,1h,EMA10/EMA20,2026-04-01 10:15:00,2026-04-02 13:15:00,2419.5,2454.0,2419.1,2453.5,,,Between Slow & Fast EMA,10,2419.41,2412.42,2453.5,2392.16,2527.11,TARGET HIT,Not Hit,2026-04-07 11:15:00,2543.4,3.0,12h
TCS,1h,EMA10/EMA20,2026-04-01 10:15:00,2026-04-07 09:15:00,2461.0,2500.0,2448.0,2499.8,,,At/Below Slow EMA,20,2467.35,2449.5,2499.8,2437.31,2574.79,TARGET HIT,Not Hit,2026-04-08 09:15:00,2579.9,3.0,7h
TCS,1h,EMA10/EMA20,2026-04-01 10:15:00,2026-04-09 09:15:00,2554.0,2578.2,2531.1,2563.4,,,Between Slow & Fast EMA,34,2550.47,2526.97,2563.4,2499.32,2640.3,SL HIT,2026-04-13 09:15:00,Not Hit,2605.0,-2.5,14h
TCS,1h,EMA10/EMA20,2026-04-01 10:15:00,2026-04-09 10:15:00,2563.8,2570.6,2552.4,2566.0,,,Between Slow & Fast EMA,35,2553.3,2530.69,2566.0,2501.85,2642.98,SL HIT,2026-04-10 10:15:00,Not Hit,2605.0,-2.5,7h
TCS,1h,EMA10/EMA20,2026-04-01 10:15:00,2026-04-09 14:15:00,2580.6,2595.4,2568.8,2588.6,,,Between Slow & Fast EMA,39,2572.71,2549.82,2588.6,2523.88,2666.26,SL HIT,2026-04-10 09:15:00,Not Hit,2596.3,-2.5,2h
TCS,1h,EMA10/EMA20,2026-04-15 12:15:00,2026-04-17 09:15:00,2570.0,2588.9,2555.9,2580.8,,,Between Slow & Fast EMA,11,2566.05,2552.66,2580.8,2516.28,2658.22,SL HIT,2026-04-22 11:15:00,Not Hit,2614.0,-2.5,23h
TCS,1h,EMA10/EMA20,2026-04-15 12:15:00,2026-04-20 11:15:00,2576.4,2593.0,2576.3,2588.8,,,Between Slow & Fast EMA,20,2578.83,2569.51,2588.8,2524.08,2666.46,SL HIT,2026-04-22 11:15:00,Not Hit,2614.0,-2.5,14h
TCS,1h,EMA10/EMA20,2026-04-15 12:15:00,2026-04-20 13:15:00,2583.5,2586.8,2580.0,2584.3,,,Between Slow & Fast EMA,22,2580.45,2572.08,2584.3,2519.69,2661.83,SL HIT,2026-04-22 11:15:00,Not Hit,2614.0,-2.5,12h
TCS,1h,EMA10/EMA20,2026-04-15 12:15:00,2026-04-21 09:15:00,2560.0,2593.0,2560.0,2589.5,,,At/Below Slow EMA,25,2581.5,2574.77,2589.5,2524.76,2667.18,SL HIT,2026-04-22 11:15:00,Not Hit,2614.0,-2.5,9h
TCS,1h,EMA10/EMA20,2026-04-15 12:15:00,2026-04-21 11:15:00,2587.0,2606.9,2584.6,2605.8,,,Between Slow & Fast EMA,27,2586.63,2578.72,2605.8,2540.66,2683.97,SL HIT,2026-04-22 11:15:00,Not Hit,2614.0,-2.5,7h
TCS,1h,EMA10/EMA20,2026-04-29 12:15:00,2026-04-29 14:15:00,2470.1,2479.1,2467.2,2473.5,,,Between Slow & Fast EMA,2,2467.96,2465.53,2473.5,2411.66,2547.7,SL HIT,2026-05-06 13:15:00,Not Hit,2498.3,-2.5,27h
TCS,1h,EMA10/EMA20,2026-04-30 12:15:00,2026-04-30 13:15:00,2468.4,2488.0,2467.3,2480.3,,,Between Slow & Fast EMA,1,2467.56,2466.0,2480.3,2418.29,2554.71,SL HIT,2026-05-05 09:15:00,Not Hit,2498.3,-2.5,10h
TCS,1h,EMA21/EMA50,2026-01-01 10:15:00,2026-01-05 11:15:00,3223.3,3231.3,3220.0,3228.3,3227.65,3220.6,At/Below Slow EMA,15,,,3228.3,3147.59,3325.15,SL HIT,2026-01-20 09:15:00,Not Hit,3300.6,-2.5,68h
TCS,1h,EMA21/EMA50,2026-01-01 10:15:00,2026-01-06 09:15:00,3210.0,3248.0,3206.3,3238.1,3226.07,3221.09,At/Below Slow EMA,20,,,3238.1,3157.15,3335.24,SL HIT,2026-01-19 11:15:00,Not Hit,3300.6,-2.5,58h
TCS,1h,EMA21/EMA50,2026-01-01 10:15:00,2026-01-07 09:15:00,3242.9,3280.5,3236.7,3276.3,3238.25,3228.06,Between Slow & Fast EMA,27,,,3276.3,3194.39,3374.59,SL HIT,2026-01-08 10:15:00,Not Hit,3300.6,-2.5,8h
TCS,1h,EMA21/EMA50,2026-04-01 13:15:00,2026-04-01 15:15:00,2410.0,2414.0,2405.3,2411.0,2406.85,2406.31,At/Below Slow EMA,2,,,2411.0,2350.72,2483.33,TARGET HIT,Not Hit,2026-04-07 09:15:00,2500.0,3.0,15h
TCS,1h,EMA21/EMA50,2026-04-01 13:15:00,2026-04-02 11:15:00,2405.3,2414.7,2403.1,2406.6,2406.59,2406.25,At/Below Slow EMA,5,,,2406.6,2346.43,2478.8,TARGET HIT,Not Hit,2026-04-06 09:15:00,2478.8,3.0,5h
TCS,1h,EMA21/EMA50,2026-04-01 13:15:00,2026-04-02 12:15:00,2407.1,2420.4,2403.0,2419.8,2407.79,2406.78,At/Below Slow EMA,6,,,2419.8,2359.31,2492.39,TARGET HIT,Not Hit,2026-04-07 09:15:00,2500.0,3.0,11h
TCS,1h,EMA21/EMA50,2026-04-01 13:15:00,2026-04-07 09:15:00,2461.0,2500.0,2448.0,2499.8,2448.15,2428.44,Between Slow & Fast EMA,17,,,2499.8,2437.31,2574.79,TARGET HIT,Not Hit,2026-04-08 09:15:00,2579.9,3.0,7h
TCS,1h,EMA21/EMA50,2026-04-01 13:15:00,2026-04-15 09:15:00,2501.9,2553.2,2496.6,2549.3,2510.56,2501.15,At/Below Slow EMA,52,,,2549.3,2485.57,2625.78,SL HIT,2026-04-24 09:15:00,Not Hit,2614.0,-2.5,49h
TCS,1h,EMA21/EMA50,2026-04-01 13:15:00,2026-04-21 09:15:00,2560.0,2593.0,2560.0,2589.5,2573.99,2551.04,Between Slow & Fast EMA,80,,,2589.5,2524.76,2667.18,SL HIT,2026-04-22 11:15:00,Not Hit,2614.0,-2.5,9h
