Stock,Timeframe,EMA Pair,Cross Time,Cross Close,EMA21 @ Cross,EMA50 @ Cross,Touch Time,Touch Open,Touch High,Touch Low,Touch Close,EMA21 @ Touch,EMA50 @ Touch,Touch Zone,Candles After Cross,EMA10 @ Cross,EMA20 @ Cross,EMA10 @ Touch,EMA20 @ Touch,SL Price,SL Hit,SL Hit Time,Max High Before SL,Max Upside %,Trade Duration
HDFCBANK,1d,EMA10/EMA20,2024-03-13 00:00:00,730.2,,,2024-03-15 00:00:00,725.0,729.65,721.12,726.33,,,Between Slow & Fast EMA,2,720.6,719.68,722.7,721.0,721.12,Yes,2024-03-18 00:00:00,728.0,0.23,1d
HDFCBANK,1d,EMA10/EMA20,2024-03-13 00:00:00,730.2,,,2024-03-19 00:00:00,717.75,726.2,717.75,724.67,,,At/Below Slow EMA,4,720.6,719.68,723.11,721.53,717.75,Yes,2024-03-20 00:00:00,725.83,0.16,1d
HDFCBANK,1d,EMA10/EMA20,2024-03-13 00:00:00,730.2,,,2024-03-21 00:00:00,721.3,725.62,719.15,722.88,,,At/Below Slow EMA,6,720.6,719.68,721.94,721.14,719.15,Yes,2024-03-22 00:00:00,725.38,0.35,1d
HDFCBANK,1d,EMA10/EMA20,2024-03-28 00:00:00,723.95,,,2024-04-19 00:00:00,743.27,767.48,740.12,765.65,,,At/Below Slow EMA,13,720.89,720.7,755.62,748.03,740.12,Yes,2024-05-09 00:00:00,778.7,1.7,13d
HDFCBANK,1d,EMA10/EMA20,2024-03-28 00:00:00,723.95,,,2024-04-29 00:00:00,757.5,767.23,753.27,764.75,,,Between Slow & Fast EMA,19,720.89,720.7,757.05,752.17,753.27,Yes,2024-05-07 00:00:00,770.3,0.73,5d
HDFCBANK,1d,EMA10/EMA20,2024-03-28 00:00:00,723.95,,,2024-05-06 00:00:00,761.0,767.25,758.58,761.33,,,Between Slow & Fast EMA,23,720.89,720.7,759.64,755.34,758.58,Yes,2024-05-07 00:00:00,762.02,0.09,1d
HDFCBANK,1d,EMA10/EMA20,2024-05-27 00:00:00,763.85,,,2024-05-30 00:00:00,749.6,761.8,748.83,757.42,,,Between Slow & Fast EMA,3,743.73,742.61,750.39,746.78,748.83,Yes,2024-06-04 00:00:00,799.5,5.56,3d
HDFCBANK,1d,EMA10/EMA20,2024-05-27 00:00:00,763.85,,,2024-06-05 00:00:00,747.02,779.8,741.17,775.9,,,At/Below Slow EMA,7,743.73,742.61,759.59,753.51,741.17,Yes,2026-03-23 00:00:00,1020.5,31.52,447d
HDFCBANK,1d,EMA10/EMA20,2024-08-26 00:00:00,819.98,,,2024-09-03 00:00:00,817.0,819.98,812.3,818.67,,,At/Below Slow EMA,6,815.31,814.86,816.93,816.16,812.3,Yes,2024-10-07 00:00:00,894.0,9.2,23d
HDFCBANK,1d,EMA10/EMA20,2024-08-26 00:00:00,819.98,,,2024-09-04 00:00:00,819.5,822.4,816.0,820.9,,,At/Below Slow EMA,7,815.31,814.86,817.65,816.61,816.0,Yes,2024-09-09 00:00:00,824.95,0.49,3d
HDFCBANK,1d,EMA10/EMA20,2024-08-26 00:00:00,819.98,,,2024-09-09 00:00:00,819.0,824.25,815.05,823.25,,,At/Below Slow EMA,10,815.31,814.86,819.41,817.88,815.05,Yes,2024-10-07 00:00:00,894.0,8.59,19d
HDFCBANK,1d,EMA10/EMA20,2024-10-21 00:00:00,864.35,,,2024-10-29 00:00:00,863.08,882.0,862.55,875.92,,,Between Slow & Fast EMA,6,844.14,843.17,862.56,855.2,862.55,Yes,2024-10-30 00:00:00,877.38,0.17,1d
HDFCBANK,1d,EMA10/EMA20,2024-10-21 00:00:00,864.35,,,2024-10-31 00:00:00,864.0,869.45,859.7,867.85,,,Between Slow & Fast EMA,8,844.14,843.17,864.23,857.45,859.7,Yes,2024-11-04 00:00:00,872.5,0.54,2d
HDFCBANK,1d,EMA10/EMA20,2024-10-21 00:00:00,864.35,,,2024-11-01 00:00:00,866.5,872.05,863.05,868.65,,,Between Slow & Fast EMA,9,844.14,843.17,865.03,858.51,863.05,Yes,2024-11-04 00:00:00,872.5,0.44,1d
HDFCBANK,1d,EMA10/EMA20,2024-10-21 00:00:00,864.35,,,2024-11-05 00:00:00,851.5,881.35,848.95,878.92,,,At/Below Slow EMA,11,844.14,843.17,866.37,860.33,848.95,Yes,2024-11-13 00:00:00,891.4,1.42,6d
HDFCBANK,1d,EMA10/EMA20,2024-10-21 00:00:00,864.35,,,2024-11-07 00:00:00,872.15,880.48,869.0,873.27,,,Between Slow & Fast EMA,13,844.14,843.17,869.3,863.05,869.0,Yes,2024-11-12 00:00:00,891.4,2.08,3d
HDFCBANK,1d,EMA10/EMA20,2024-11-19 00:00:00,871.12,,,2024-11-22 00:00:00,871.77,877.15,864.77,872.8,,,Between Slow & Fast EMA,2,862.02,861.69,865.26,863.51,864.77,Yes,2025-01-06 00:00:00,940.0,7.7,30d
HDFCBANK,1d,EMA10/EMA20,2024-11-19 00:00:00,871.12,,,2024-12-02 00:00:00,901.75,904.08,887.5,902.35,,,Between Slow & Fast EMA,8,862.02,861.69,888.84,879.33,887.5,Yes,2024-12-20 00:00:00,940.0,4.17,14d
HDFCBANK,1d,EMA10/EMA20,2024-11-19 00:00:00,871.12,,,2024-12-13 00:00:00,931.25,937.5,914.62,935.88,,,Between Slow & Fast EMA,17,862.02,861.69,924.65,909.98,914.62,Yes,2024-12-17 00:00:00,934.98,-0.1,2d
HDFCBANK,1d,EMA10/EMA20,2025-02-05 00:00:00,868.9,,,2025-02-17 00:00:00,842.6,860.0,840.62,858.67,,,At/Below Slow EMA,8,847.12,845.97,853.27,851.34,840.62,Yes,2025-02-21 00:00:00,868.95,1.2,4d
HDFCBANK,1d,EMA10/EMA20,2025-02-05 00:00:00,868.9,,,2025-02-18 00:00:00,856.52,865.77,853.08,861.52,,,Between Slow & Fast EMA,9,847.12,845.97,854.77,852.31,853.08,Yes,2025-02-20 00:00:00,868.95,0.86,2d
HDFCBANK,1d,EMA10/EMA20,2025-02-05 00:00:00,868.9,,,2025-02-19 00:00:00,858.5,868.95,856.23,863.6,,,Between Slow & Fast EMA,10,847.12,845.97,856.37,853.38,856.23,Yes,2025-02-20 00:00:00,857.35,-0.72,1d
HDFCBANK,1d,EMA10/EMA20,2025-02-28 00:00:00,866.2,,,2025-03-04 00:00:00,849.0,857.15,846.62,855.0,,,At/Below Slow EMA,2,851.96,851.32,852.34,851.62,846.62,Yes,2025-03-05 00:00:00,855.4,0.05,1d
HDFCBANK,1d,EMA10/EMA20,2025-03-17 00:00:00,855.2,,,2025-04-02 00:00:00,885.35,899.6,885.35,898.45,,,Between Slow & Fast EMA,11,850.53,850.26,892.95,881.11,885.35,Yes,2025-04-07 00:00:00,920.98,2.51,3d
HDFCBANK,1d,EMA10/EMA20,2025-03-17 00:00:00,855.2,,,2025-04-03 00:00:00,890.55,902.0,888.5,897.42,,,Between Slow & Fast EMA,12,850.53,850.26,893.76,882.66,888.5,Yes,2025-04-07 00:00:00,920.98,2.62,2d
HDFCBANK,1d,EMA10/EMA20,2025-03-17 00:00:00,855.2,,,2025-04-11 00:00:00,887.38,909.7,887.38,903.38,,,Between Slow & Fast EMA,17,850.53,850.26,892.45,886.16,887.38,Yes,2026-02-27 00:00:00,1020.5,12.96,220d
HDFCBANK,1d,EMA10/EMA20,2025-03-17 00:00:00,855.2,,,2025-05-12 00:00:00,958.8,979.95,956.15,978.6,,,Between Slow & Fast EMA,35,850.53,850.26,962.01,949.84,956.15,Yes,2025-05-14 00:00:00,980.85,0.23,2d
HDFCBANK,1d,EMA10/EMA20,2025-03-17 00:00:00,855.2,,,2025-05-15 00:00:00,956.75,972.4,948.5,966.9,,,At/Below Slow EMA,38,850.53,850.26,961.81,952.83,948.5,Yes,2025-09-01 00:00:00,1018.85,5.37,75d
HDFCBANK,1d,EMA10/EMA20,2025-03-17 00:00:00,855.2,,,2025-05-23 00:00:00,960.05,968.5,957.25,966.8,,,At/Below Slow EMA,44,850.53,850.26,963.19,957.81,957.25,Yes,2025-05-29 00:00:00,974.95,0.84,4d
HDFCBANK,1d,EMA10/EMA20,2025-03-17 00:00:00,855.2,,,2025-05-26 00:00:00,967.5,974.95,963.45,970.1,,,Between Slow & Fast EMA,45,850.53,850.26,964.44,958.98,963.45,Yes,2025-05-27 00:00:00,974.0,0.4,1d
HDFCBANK,1d,EMA10/EMA20,2025-03-17 00:00:00,855.2,,,2025-05-30 00:00:00,965.95,974.4,962.7,972.45,,,Between Slow & Fast EMA,49,850.53,850.26,965.34,961.19,962.7,Yes,2025-06-02 00:00:00,968.0,-0.46,1d
HDFCBANK,1d,EMA10/EMA20,2025-03-17 00:00:00,855.2,,,2025-06-02 00:00:00,965.05,968.0,954.0,966.05,,,At/Below Slow EMA,50,850.53,850.26,965.47,961.65,954.0,Yes,2025-08-29 00:00:00,1018.85,5.47,62d
HDFCBANK,1d,EMA10/EMA20,2025-03-17 00:00:00,855.2,,,2025-06-04 00:00:00,960.5,971.65,960.45,970.6,,,At/Below Slow EMA,52,850.53,850.26,965.93,962.56,960.45,Yes,2025-06-13 00:00:00,998.15,2.84,7d
HDFCBANK,1d,EMA10/EMA20,2025-03-17 00:00:00,855.2,,,2025-06-06 00:00:00,972.0,998.15,971.35,989.35,,,Between Slow & Fast EMA,54,850.53,850.26,971.51,966.16,971.35,Yes,2025-06-12 00:00:00,997.5,0.82,4d
HDFCBANK,1d,EMA10/EMA20,2025-03-17 00:00:00,855.2,,,2025-06-20 00:00:00,965.8,984.95,965.8,982.35,,,At/Below Slow EMA,64,850.53,850.26,971.64,969.79,965.8,Yes,2025-08-28 00:00:00,1018.85,3.72,47d
HDFCBANK,1d,EMA10/EMA20,2025-03-17 00:00:00,855.2,,,2025-07-04 00:00:00,993.55,1001.75,990.0,994.65,,,Between Slow & Fast EMA,74,850.53,850.26,993.23,986.46,990.0,Yes,2025-07-08 00:00:00,1002.5,0.79,2d
HDFCBANK,1d,EMA10/EMA20,2025-03-17 00:00:00,855.2,,,2025-07-08 00:00:00,988.5,1002.5,988.5,1000.7,,,Between Slow & Fast EMA,76,850.53,850.26,994.66,988.44,988.5,Yes,2025-07-14 00:00:00,1008.5,0.78,4d
HDFCBANK,1d,EMA10/EMA20,2025-03-17 00:00:00,855.2,,,2025-07-15 00:00:00,986.5,1001.8,986.5,997.75,,,At/Below Slow EMA,81,850.53,850.26,996.14,991.98,986.5,Yes,2025-07-18 00:00:00,1011.35,1.36,3d
HDFCBANK,1d,EMA10/EMA20,2025-03-17 00:00:00,855.2,,,2025-07-21 00:00:00,989.1,1001.0,988.25,1000.25,,,At/Below Slow EMA,85,850.53,850.26,994.17,992.18,988.25,Yes,2025-08-05 00:00:00,1018.85,1.86,11d
HDFCBANK,1d,EMA10/EMA20,2025-03-17 00:00:00,855.2,,,2025-07-28 00:00:00,1001.5,1010.7,1000.25,1004.25,,,Between Slow & Fast EMA,90,850.53,850.26,1001.34,997.5,1000.25,Yes,2025-07-29 00:00:00,1013.25,0.9,1d
HDFCBANK,1d,EMA10/EMA20,2025-03-17 00:00:00,855.2,,,2025-07-29 00:00:00,999.95,1013.25,998.15,1010.8,,,At/Below Slow EMA,91,850.53,850.26,1003.06,998.76,998.15,Yes,2025-08-04 00:00:00,1016.3,0.54,4d
HDFCBANK,1d,EMA10/EMA20,2025-03-17 00:00:00,855.2,,,2025-07-31 00:00:00,1007.3,1015.7,1004.0,1009.1,,,Between Slow & Fast EMA,93,850.53,850.26,1005.62,1000.97,1004.0,Yes,2025-08-04 00:00:00,1014.15,0.5,2d
HDFCBANK,1d,EMA10/EMA20,2025-10-07 00:00:00,982.5,,,2025-10-13 00:00:00,974.3,981.0,972.0,977.0,,,Between Slow & Fast EMA,4,965.15,964.68,972.45,969.21,972.0,Yes,2025-10-14 00:00:00,980.45,0.35,1d
HDFCBANK,1d,EMA10/EMA20,2025-10-07 00:00:00,982.5,,,2025-10-14 00:00:00,970.0,980.45,967.0,977.15,,,At/Below Slow EMA,5,965.15,964.68,973.31,969.96,967.0,Yes,2026-01-06 00:00:00,1020.5,4.44,57d
HDFCBANK,1d,EMA10/EMA20,2025-10-07 00:00:00,982.5,,,2025-10-15 00:00:00,975.0,984.9,973.35,978.25,,,Between Slow & Fast EMA,6,965.15,964.68,974.21,970.75,973.35,Yes,2025-12-18 00:00:00,1020.5,4.32,44d
HDFCBANK,1d,EMA10/EMA20,2025-10-07 00:00:00,982.5,,,2025-10-28 00:00:00,997.65,1008.0,995.0,1003.55,,,Between Slow & Fast EMA,14,965.15,964.68,996.85,988.2,995.0,Yes,2025-10-31 00:00:00,1012.5,0.89,3d
HDFCBANK,1d,EMA10/EMA20,2025-10-07 00:00:00,982.5,,,2025-11-11 00:00:00,983.5,993.5,978.0,991.7,,,At/Below Slow EMA,23,965.15,964.68,989.8,988.84,978.0,Yes,2025-11-14 00:00:00,999.0,0.74,3d
HDFCBANK,1d,EMA10/EMA20,2025-10-07 00:00:00,982.5,,,2025-11-14 00:00:00,976.05,991.65,976.05,989.6,,,At/Below Slow EMA,26,965.15,964.68,989.26,988.77,976.05,Yes,2025-12-18 00:00:00,1017.5,2.82,24d
HDFCBANK,1d,EMA10/EMA20,2025-10-07 00:00:00,982.5,,,2025-11-17 00:00:00,991.25,997.95,985.6,996.55,,,At/Below Slow EMA,27,965.15,964.68,990.59,989.51,985.6,Yes,2025-11-19 00:00:00,999.0,0.25,2d
HDFCBANK,1d,EMA10/EMA20,2025-10-07 00:00:00,982.5,,,2025-11-19 00:00:00,990.0,996.55,984.0,994.6,,,At/Below Slow EMA,29,965.15,964.68,991.59,990.25,984.0,Yes,2025-11-26 00:00:00,1011.6,1.71,5d
HDFCBANK,1d,EMA10/EMA20,2025-10-07 00:00:00,982.5,,,2025-11-20 00:00:00,995.3,1011.6,992.45,1008.85,,,Between Slow & Fast EMA,30,965.15,964.68,994.73,992.02,992.45,Yes,2025-11-25 00:00:00,1011.45,0.26,3d
HDFCBANK,1d,EMA10/EMA20,2025-10-07 00:00:00,982.5,,,2025-11-26 00:00:00,981.3,1006.95,981.3,1003.9,,,At/Below Slow EMA,34,965.15,964.68,996.53,993.94,981.3,Yes,2025-12-17 00:00:00,1017.5,1.35,15d
HDFCBANK,1d,EMA10/EMA20,2025-10-07 00:00:00,982.5,,,2025-12-03 00:00:00,986.0,1002.3,986.0,1000.5,,,At/Below Slow EMA,39,965.15,964.68,999.09,996.8,986.0,Yes,2025-12-10 00:00:00,1008.0,0.75,5d
HDFCBANK,1d,EMA10/EMA20,2025-10-07 00:00:00,982.5,,,2025-12-05 00:00:00,992.0,1008.0,990.2,1003.3,,,At/Below Slow EMA,41,965.15,964.68,999.57,997.46,990.2,Yes,2025-12-10 00:00:00,1006.5,0.32,3d
HDFCBANK,1d,EMA10/EMA20,2025-10-07 00:00:00,982.5,,,2025-12-08 00:00:00,1000.0,1006.5,997.5,1003.1,,,At/Below Slow EMA,42,965.15,964.68,1000.21,997.99,997.5,Yes,2025-12-09 00:00:00,1002.8,-0.03,1d
HDFCBANK,1d,EMA10/EMA20,2025-10-07 00:00:00,982.5,,,2025-12-11 00:00:00,990.0,1002.7,988.5,1000.3,,,At/Below Slow EMA,45,965.15,964.68,998.3,997.44,988.5,Yes,2025-12-17 00:00:00,1004.7,0.44,4d
HDFCBANK,1d,EMA21/EMA50,2024-04-10 00:00:00,768.17,742.65,742.32,2024-04-16 00:00:00,743.5,756.45,741.12,754.62,745.39,743.61,At/Below Slow EMA,3,,,,,741.12,Yes,2024-04-19 00:00:00,767.48,1.7,2d
HDFCBANK,1d,EMA21/EMA50,2024-04-10 00:00:00,768.17,742.65,742.32,2024-04-19 00:00:00,743.27,767.48,740.12,765.65,747.39,744.62,At/Below Slow EMA,5,,,,,740.12,Yes,2024-05-09 00:00:00,778.7,1.7,13d
HDFCBANK,1d,EMA21/EMA50,2024-05-28 00:00:00,765.25,744.69,744.61,2024-06-05 00:00:00,747.02,779.8,741.17,775.9,753.15,748.7,At/Below Slow EMA,6,,,,,741.17,Yes,2026-03-23 00:00:00,1020.5,31.52,447d
HDFCBANK,1d,EMA21/EMA50,2024-05-28 00:00:00,765.25,744.69,744.61,2024-07-22 00:00:00,808.5,825.5,806.33,821.27,818.11,801.29,Between Slow & Fast EMA,37,,,,,806.33,Yes,2024-07-23 00:00:00,823.9,0.32,1d
HDFCBANK,1d,EMA21/EMA50,2024-05-28 00:00:00,765.25,744.69,744.61,2024-08-01 00:00:00,811.45,825.02,808.98,819.4,813.18,803.27,Between Slow & Fast EMA,45,,,,,808.98,Yes,2024-08-05 00:00:00,835.25,1.93,2d
HDFCBANK,1d,EMA21/EMA50,2024-05-28 00:00:00,765.25,744.69,744.61,2024-08-08 00:00:00,812.0,826.65,809.62,821.35,813.52,805.24,Between Slow & Fast EMA,50,,,,,809.62,Yes,2024-08-13 00:00:00,837.98,2.02,3d
HDFCBANK,1d,EMA21/EMA50,2024-05-28 00:00:00,765.25,744.69,744.61,2024-08-16 00:00:00,814.25,817.08,805.5,816.05,813.91,807.01,At/Below Slow EMA,55,,,,,805.5,Yes,2026-03-19 00:00:00,1020.5,25.05,396d
HDFCBANK,1d,EMA21/EMA50,2024-05-28 00:00:00,765.25,744.69,744.61,2024-08-20 00:00:00,813.73,823.0,813.73,818.85,814.51,807.8,Between Slow & Fast EMA,57,,,,,813.73,Yes,2024-08-21 00:00:00,817.27,-0.19,1d
HDFCBANK,1d,EMA21/EMA50,2024-05-28 00:00:00,765.25,744.69,744.61,2024-09-03 00:00:00,817.0,819.98,812.3,818.67,816.1,810.82,Between Slow & Fast EMA,67,,,,,812.3,Yes,2024-10-07 00:00:00,894.0,9.2,23d
HDFCBANK,1d,EMA21/EMA50,2024-05-28 00:00:00,765.25,744.69,744.61,2024-09-04 00:00:00,819.5,822.4,816.0,820.9,816.53,811.21,Between Slow & Fast EMA,68,,,,,816.0,Yes,2024-09-09 00:00:00,824.95,0.49,3d
HDFCBANK,1d,EMA21/EMA50,2024-05-28 00:00:00,765.25,744.69,744.61,2024-09-09 00:00:00,819.0,824.25,815.05,823.25,817.77,812.38,Between Slow & Fast EMA,71,,,,,815.05,Yes,2024-10-07 00:00:00,894.0,8.59,19d
HDFCBANK,1d,EMA21/EMA50,2024-05-28 00:00:00,765.25,744.69,744.61,2024-10-14 00:00:00,828.02,846.02,827.0,844.05,840.32,833.01,At/Below Slow EMA,95,,,,,827.0,Yes,2025-01-13 00:00:00,940.0,11.37,62d
HDFCBANK,1d,EMA21/EMA50,2024-05-28 00:00:00,765.25,744.69,744.61,2024-10-16 00:00:00,840.05,853.98,840.05,849.9,841.33,834.01,Between Slow & Fast EMA,97,,,,,840.05,Yes,2024-10-17 00:00:00,848.83,-0.13,1d
HDFCBANK,1d,EMA21/EMA50,2024-05-28 00:00:00,765.25,744.69,744.61,2024-10-18 00:00:00,831.55,845.5,827.05,840.92,840.9,834.38,At/Below Slow EMA,99,,,,,827.05,Yes,2025-01-10 00:00:00,940.0,11.78,57d
HDFCBANK,1d,EMA21/EMA50,2024-05-28 00:00:00,765.25,744.69,744.61,2024-11-05 00:00:00,851.5,881.35,848.95,878.92,859.82,847.36,Between Slow & Fast EMA,111,,,,,848.95,Yes,2024-11-13 00:00:00,891.4,1.42,6d
HDFCBANK,1d,EMA21/EMA50,2024-05-28 00:00:00,765.25,744.69,744.61,2024-11-19 00:00:00,857.0,876.88,851.35,871.12,861.48,852.31,At/Below Slow EMA,120,,,,,851.35,Yes,2025-01-07 00:00:00,940.0,7.91,33d
HDFCBANK,1d,EMA21/EMA50,2025-03-20 00:00:00,884.38,856.36,855.78,2025-04-08 00:00:00,882.5,891.0,875.15,884.58,883.81,871.72,Between Slow & Fast EMA,12,,,,,875.15,Yes,2026-03-02 00:00:00,1020.5,15.37,223d
HDFCBANK,1d,EMA21/EMA50,2025-03-20 00:00:00,884.38,856.36,855.78,2025-05-15 00:00:00,956.75,972.4,948.5,966.9,951.7,923.23,Between Slow & Fast EMA,35,,,,,948.5,Yes,2025-09-01 00:00:00,1018.85,5.37,75d
HDFCBANK,1d,EMA21/EMA50,2025-03-20 00:00:00,884.38,856.36,855.78,2025-05-22 00:00:00,957.6,962.1,952.6,959.95,956.03,930.5,Between Slow & Fast EMA,40,,,,,952.6,Yes,2025-08-29 00:00:00,1018.85,6.14,69d
HDFCBANK,1d,EMA21/EMA50,2025-03-20 00:00:00,884.38,856.36,855.78,2025-05-28 00:00:00,960.1,967.25,958.85,961.75,958.93,935.65,Between Slow & Fast EMA,44,,,,,958.85,Yes,2025-05-29 00:00:00,970.4,0.9,1d
HDFCBANK,1d,EMA21/EMA50,2025-03-20 00:00:00,884.38,856.36,855.78,2025-06-02 00:00:00,965.05,968.0,954.0,966.05,961.06,939.25,Between Slow & Fast EMA,47,,,,,954.0,Yes,2025-08-29 00:00:00,1018.85,5.47,62d
HDFCBANK,1d,EMA21/EMA50,2025-03-20 00:00:00,884.38,856.36,855.78,2025-06-04 00:00:00,960.5,971.65,960.45,970.6,962.03,941.35,Between Slow & Fast EMA,49,,,,,960.45,Yes,2025-06-13 00:00:00,998.15,2.84,7d
HDFCBANK,1d,EMA21/EMA50,2025-03-20 00:00:00,884.38,856.36,855.78,2025-06-20 00:00:00,965.8,984.95,965.8,982.35,969.48,953.67,Between Slow & Fast EMA,61,,,,,965.8,Yes,2025-08-28 00:00:00,1018.85,3.72,47d
HDFCBANK,1d,EMA21/EMA50,2025-03-20 00:00:00,884.38,856.36,855.78,2025-07-15 00:00:00,986.5,1001.8,986.5,997.75,991.49,974.85,Between Slow & Fast EMA,78,,,,,986.5,Yes,2025-07-18 00:00:00,1011.35,1.36,3d
HDFCBANK,1d,EMA21/EMA50,2025-03-20 00:00:00,884.38,856.36,855.78,2025-07-21 00:00:00,989.1,1001.0,988.25,1000.25,991.83,977.48,Between Slow & Fast EMA,82,,,,,988.25,Yes,2025-08-05 00:00:00,1018.85,1.86,11d
HDFCBANK,1d,EMA21/EMA50,2025-03-20 00:00:00,884.38,856.36,855.78,2025-07-29 00:00:00,999.95,1013.25,998.15,1010.8,998.33,983.72,Between Slow & Fast EMA,88,,,,,998.15,Yes,2025-08-04 00:00:00,1016.3,0.54,4d
HDFCBANK,1d,EMA21/EMA50,2025-03-20 00:00:00,884.38,856.36,855.78,2025-08-11 00:00:00,987.95,998.8,986.55,997.8,997.7,988.05,At/Below Slow EMA,97,,,,,986.55,Yes,2025-08-12 00:00:00,998.0,0.02,1d
HDFCBANK,1d,EMA21/EMA50,2025-10-17 00:00:00,1002.55,975.5,974.2,2025-11-03 00:00:00,985.0,994.55,983.3,992.65,990.2,982.76,Between Slow & Fast EMA,10,,,,,983.3,Yes,2025-11-06 00:00:00,997.0,0.44,2d
HDFCBANK,1d,EMA21/EMA50,2025-10-17 00:00:00,1002.55,975.5,974.2,2025-11-11 00:00:00,983.5,993.5,978.0,991.7,988.59,983.31,At/Below Slow EMA,15,,,,,978.0,Yes,2025-11-14 00:00:00,999.0,0.74,3d
HDFCBANK,1d,EMA21/EMA50,2025-10-17 00:00:00,1002.55,975.5,974.2,2025-11-14 00:00:00,976.05,991.65,976.05,989.6,988.59,983.91,At/Below Slow EMA,18,,,,,976.05,Yes,2025-12-18 00:00:00,1017.5,2.82,24d
HDFCBANK,1d,EMA21/EMA50,2025-10-17 00:00:00,1002.55,975.5,974.2,2025-11-17 00:00:00,991.25,997.95,985.6,996.55,989.31,984.4,Between Slow & Fast EMA,19,,,,,985.6,Yes,2025-11-19 00:00:00,999.0,0.25,2d
HDFCBANK,1d,EMA21/EMA50,2025-10-17 00:00:00,1002.55,975.5,974.2,2025-11-19 00:00:00,990.0,996.55,984.0,994.6,990.05,985.1,At/Below Slow EMA,21,,,,,984.0,Yes,2025-11-26 00:00:00,1011.6,1.71,5d
HDFCBANK,1d,EMA21/EMA50,2025-10-17 00:00:00,1002.55,975.5,974.2,2025-11-26 00:00:00,981.3,1006.95,981.3,1003.9,993.69,987.77,At/Below Slow EMA,26,,,,,981.3,Yes,2025-12-17 00:00:00,1017.5,1.35,15d
HDFCBANK,1d,EMA21/EMA50,2025-10-17 00:00:00,1002.55,975.5,974.2,2025-12-03 00:00:00,986.0,1002.3,986.0,1000.5,996.55,990.28,At/Below Slow EMA,31,,,,,986.0,Yes,2025-12-10 00:00:00,1008.0,0.75,5d
HDFCBANK,1d,EMA21/EMA50,2025-10-17 00:00:00,1002.55,975.5,974.2,2025-12-05 00:00:00,992.0,1008.0,990.2,1003.3,997.22,991.05,At/Below Slow EMA,33,,,,,990.2,Yes,2025-12-10 00:00:00,1006.5,0.32,3d
HDFCBANK,1d,EMA21/EMA50,2025-10-17 00:00:00,1002.55,975.5,974.2,2025-12-08 00:00:00,1000.0,1006.5,997.5,1003.1,997.75,991.52,Between Slow & Fast EMA,34,,,,,997.5,Yes,2025-12-09 00:00:00,1002.8,-0.03,1d
HDFCBANK,1d,EMA21/EMA50,2025-10-17 00:00:00,1002.55,975.5,974.2,2025-12-11 00:00:00,990.0,1002.7,988.5,1000.3,997.28,992.01,At/Below Slow EMA,37,,,,,988.5,Yes,2025-12-17 00:00:00,1004.7,0.44,4d
HDFCBANK,1d,EMA21/EMA50,2025-10-17 00:00:00,1002.55,975.5,974.2,2025-12-23 00:00:00,990.5,998.9,987.7,996.6,993.48,991.57,At/Below Slow EMA,45,,,,,987.7,Yes,2025-12-29 00:00:00,999.4,0.28,3d
HDFCBANK,1d,EMA21/EMA50,2025-10-17 00:00:00,1002.55,975.5,974.2,2025-12-24 00:00:00,993.0,999.4,993.0,997.2,993.82,991.79,Between Slow & Fast EMA,46,,,,,993.0,Yes,2025-12-26 00:00:00,997.2,0.0,1d
HDFCBANK,1d,EMA21/EMA50,2025-10-17 00:00:00,1002.55,975.5,974.2,2026-01-02 00:00:00,991.15,1003.2,988.8,1001.6,993.68,992.11,At/Below Slow EMA,52,,,,,988.8,Yes,2026-01-05 00:00:00,1006.4,0.48,1d
HDFCBANK,1h,EMA10/EMA20,2026-01-27 15:15:00,928.0,,,2026-01-28 14:15:00,929.45,933.75,928.45,931.4,,,Between Slow & Fast EMA,6,920.3,919.85,929.21,925.98,928.45,Yes,2026-01-29 09:15:00,933.0,0.17,2h
HDFCBANK,1h,EMA10/EMA20,2026-01-27 15:15:00,928.0,,,2026-01-29 10:15:00,925.9,930.6,925.25,930.2,,,At/Below Slow EMA,9,920.3,919.85,929.3,926.88,925.25,Yes,2026-02-01 12:15:00,939.65,1.02,16h
HDFCBANK,1h,EMA10/EMA20,2026-01-27 15:15:00,928.0,,,2026-01-29 11:15:00,930.15,934.4,927.95,933.9,,,Between Slow & Fast EMA,10,920.3,919.85,930.13,927.55,927.95,Yes,2026-01-30 14:15:00,939.3,0.58,10h
HDFCBANK,1h,EMA10/EMA20,2026-01-27 15:15:00,928.0,,,2026-01-30 09:15:00,930.0,937.9,930.0,936.6,,,At/Below Slow EMA,15,920.3,919.85,933.94,930.94,930.0,Yes,2026-01-30 14:15:00,938.85,0.24,5h
HDFCBANK,1h,EMA10/EMA20,2026-01-27 15:15:00,928.0,,,2026-01-30 11:15:00,934.45,935.8,931.9,935.7,,,Between Slow & Fast EMA,17,920.3,919.85,934.33,931.69,931.9,Yes,2026-01-30 12:15:00,936.4,0.07,1h
HDFCBANK,1h,EMA10/EMA20,2026-01-27 15:15:00,928.0,,,2026-01-30 13:15:00,931.55,934.7,930.1,934.0,,,At/Below Slow EMA,19,920.3,919.85,933.86,931.91,930.1,Yes,2026-01-30 14:15:00,934.55,0.06,1h
HDFCBANK,1h,EMA10/EMA20,2026-01-27 15:15:00,928.0,,,2026-02-01 09:15:00,932.0,936.8,925.25,935.4,,,At/Below Slow EMA,22,920.3,919.85,932.8,931.75,925.25,Yes,2026-02-01 12:15:00,939.65,0.45,3h
HDFCBANK,1h,EMA10/EMA20,2026-02-03 09:15:00,947.6,,,2026-02-05 10:15:00,950.9,951.7,949.05,951.65,,,Between Slow & Fast EMA,15,929.99,929.26,950.64,946.67,949.05,Yes,2026-02-05 11:15:00,952.85,0.13,1h
HDFCBANK,1h,EMA10/EMA20,2026-02-16 15:15:00,925.25,,,2026-02-17 09:15:00,923.0,925.8,918.7,925.65,,,At/Below Slow EMA,1,922.39,922.36,922.98,922.68,918.7,Yes,2026-02-19 11:15:00,929.0,0.36,16h
HDFCBANK,1h,EMA10/EMA20,2026-02-16 15:15:00,925.25,,,2026-02-17 10:15:00,925.6,927.7,923.0,926.2,,,At/Below Slow EMA,2,922.39,922.36,923.57,923.01,923.0,Yes,2026-02-18 09:15:00,928.0,0.19,6h
HDFCBANK,1h,EMA10/EMA20,2026-02-16 15:15:00,925.25,,,2026-02-17 14:15:00,924.35,927.3,923.35,925.7,,,At/Below Slow EMA,6,922.39,922.36,924.32,923.63,923.35,Yes,2026-02-18 09:15:00,926.65,0.1,2h
HDFCBANK,1h,EMA10/EMA20,2026-03-16 14:15:00,842.9,,,2026-03-17 11:15:00,840.15,841.05,835.15,840.6,,,Between Slow & Fast EMA,4,829.65,829.65,835.97,833.43,835.15,Yes,2026-03-18 09:15:00,848.7,0.96,5h
HDFCBANK,1h,EMA10/EMA20,2026-03-16 14:15:00,842.9,,,2026-03-18 11:15:00,838.55,842.1,837.75,840.65,,,Between Slow & Fast EMA,11,829.65,829.65,839.54,837.35,837.75,Yes,2026-03-19 09:15:00,846.8,0.73,5h
HDFCBANK,1h,EMA10/EMA20,2026-03-16 14:15:00,842.9,,,2026-03-18 12:15:00,840.7,841.7,838.75,841.2,,,Between Slow & Fast EMA,12,829.65,829.65,839.84,837.72,838.75,Yes,2026-03-19 09:15:00,846.8,0.67,4h
HDFCBANK,1h,EMA10/EMA20,2026-03-16 14:15:00,842.9,,,2026-03-18 13:15:00,841.05,844.45,840.45,844.3,,,Between Slow & Fast EMA,13,829.65,829.65,840.65,838.35,840.45,Yes,2026-03-19 09:15:00,846.8,0.3,3h
HDFCBANK,1h,EMA10/EMA20,2026-04-06 11:15:00,756.6,,,2026-04-07 09:15:00,766.0,767.95,761.0,767.45,,,Between Slow & Fast EMA,5,748.18,747.69,761.69,756.3,761.0,No,Not Hit,820.0,6.85,153h
HDFCBANK,1h,EMA10/EMA20,2026-04-06 11:15:00,756.6,,,2026-04-07 11:15:00,762.85,769.35,761.95,765.95,,,Between Slow & Fast EMA,7,748.18,747.69,762.62,757.77,761.95,No,Not Hit,820.0,7.06,151h
HDFCBANK,1h,EMA10/EMA20,2026-04-06 11:15:00,756.6,,,2026-04-09 10:15:00,802.85,804.9,801.0,803.2,,,Between Slow & Fast EMA,20,748.18,747.69,801.98,790.01,801.0,Yes,2026-04-09 12:15:00,804.25,0.13,2h
HDFCBANK,1h,EMA10/EMA20,2026-04-06 11:15:00,756.6,,,2026-04-10 09:15:00,804.0,811.7,801.05,810.0,,,Between Slow & Fast EMA,26,748.18,747.69,801.87,795.16,801.05,Yes,2026-04-13 09:15:00,812.25,0.28,7h
HDFCBANK,1h,EMA21/EMA50,2026-01-29 11:15:00,933.9,927.37,927.27,2026-01-30 09:15:00,930.0,937.9,930.0,936.6,930.71,928.88,Between Slow & Fast EMA,5,,,,,930.0,Yes,2026-01-30 14:15:00,938.85,0.24,5h
HDFCBANK,1h,EMA21/EMA50,2026-01-29 11:15:00,933.9,927.37,927.27,2026-01-30 13:15:00,931.55,934.7,930.1,934.0,931.71,929.63,Between Slow & Fast EMA,9,,,,,930.1,Yes,2026-01-30 14:15:00,934.55,0.06,1h
HDFCBANK,1h,EMA21/EMA50,2026-01-29 11:15:00,933.9,927.37,927.27,2026-02-01 09:15:00,932.0,936.8,925.25,935.4,931.6,929.8,At/Below Slow EMA,12,,,,,925.25,Yes,2026-02-01 12:15:00,939.65,0.45,3h
HDFCBANK,1h,EMA21/EMA50,2026-04-08 09:15:00,808.65,765.74,764.45,2026-04-21 09:15:00,795.2,803.5,795.2,802.3,799.41,797.16,At/Below Slow EMA,56,,,,,795.2,Yes,2026-04-23 09:15:00,814.5,1.52,14h
HDFCBANK,1h,EMA21/EMA50,2026-04-08 09:15:00,808.65,765.74,764.45,2026-04-22 11:15:00,804.05,805.0,803.35,804.3,804.24,800.46,Between Slow & Fast EMA,65,,,,,803.35,Yes,2026-04-22 12:15:00,804.5,0.02,1h
ICICIBANK,1d,EMA10/EMA20,2024-01-03 00:00:00,984.05,,,2024-01-04 00:00:00,986.4,989.15,981.9,987.15,,,At/Below Slow EMA,1,982.58,982.42,983.41,982.87,981.9,Yes,2024-01-08 00:00:00,998.3,1.13,2d
ICICIBANK,1d,EMA10/EMA20,2024-01-03 00:00:00,984.05,,,2024-01-05 00:00:00,988.0,998.3,983.8,993.7,,,At/Below Slow EMA,2,982.58,982.42,985.28,983.9,983.8,Yes,2024-01-08 00:00:00,998.2,0.45,1d
ICICIBANK,1d,EMA10/EMA20,2024-01-03 00:00:00,984.05,,,2024-01-10 00:00:00,974.3,994.95,974.3,993.05,,,At/Below Slow EMA,5,982.58,982.42,985.47,984.27,974.3,Yes,2024-01-18 00:00:00,1015.8,2.29,6d
ICICIBANK,1d,EMA10/EMA20,2024-01-03 00:00:00,984.05,,,2024-01-19 00:00:00,991.3,1010.9,987.55,999.2,,,At/Below Slow EMA,12,982.58,982.42,993.49,990.52,987.55,Yes,2024-02-08 00:00:00,1059.4,6.02,13d
ICICIBANK,1d,EMA10/EMA20,2024-01-03 00:00:00,984.05,,,2024-01-20 00:00:00,1005.95,1014.7,995.3,1008.7,,,Between Slow & Fast EMA,13,982.58,982.42,996.26,992.25,995.3,Yes,2024-01-25 00:00:00,1059.4,5.03,3d
ICICIBANK,1d,EMA10/EMA20,2024-01-03 00:00:00,984.05,,,2024-01-25 00:00:00,998.4,1015.1,988.15,1009.95,,,At/Below Slow EMA,16,982.58,982.42,1003.18,997.41,988.15,Yes,2024-02-08 00:00:00,1050.0,3.97,9d
ICICIBANK,1d,EMA10/EMA20,2024-01-03 00:00:00,984.05,,,2024-01-31 00:00:00,1016.8,1039.0,1003.25,1028.15,,,At/Below Slow EMA,19,982.58,982.42,1011.37,1003.5,1003.25,Yes,2024-02-08 00:00:00,1050.0,2.13,6d
ICICIBANK,1d,EMA10/EMA20,2024-01-03 00:00:00,984.05,,,2024-02-05 00:00:00,1022.5,1026.45,1012.1,1023.5,,,Between Slow & Fast EMA,22,982.58,982.42,1017.13,1008.86,1012.1,Yes,2024-02-08 00:00:00,1034.9,1.11,3d
ICICIBANK,1d,EMA10/EMA20,2024-01-03 00:00:00,984.05,,,2024-02-06 00:00:00,1023.55,1034.9,1016.7,1026.4,,,Between Slow & Fast EMA,23,982.58,982.42,1018.82,1010.53,1016.7,Yes,2024-02-07 00:00:00,1031.55,0.5,1d
ICICIBANK,1d,EMA10/EMA20,2024-01-03 00:00:00,984.05,,,2024-02-13 00:00:00,1006.0,1027.05,1000.3,1019.8,,,At/Below Slow EMA,28,982.58,982.42,1011.96,1009.42,1000.3,No,Not Hit,1500.0,47.09,552d
ICICIBANK,1d,EMA10/EMA20,2024-01-03 00:00:00,984.05,,,2024-02-14 00:00:00,1009.55,1035.7,1007.55,1022.7,,,At/Below Slow EMA,29,982.58,982.42,1013.91,1010.69,1007.55,Yes,2024-02-15 00:00:00,1026.65,0.39,1d
ICICIBANK,1d,EMA10/EMA20,2024-01-03 00:00:00,984.05,,,2024-02-27 00:00:00,1050.75,1066.2,1046.5,1060.2,,,Between Slow & Fast EMA,38,982.58,982.42,1046.51,1034.17,1046.5,Yes,2024-02-28 00:00:00,1064.85,0.44,1d
ICICIBANK,1d,EMA10/EMA20,2024-01-03 00:00:00,984.05,,,2024-02-29 00:00:00,1043.05,1060.7,1038.5,1052.2,,,Between Slow & Fast EMA,40,982.58,982.42,1047.5,1036.93,1038.5,No,Not Hit,1500.0,42.56,540d
ICICIBANK,1d,EMA10/EMA20,2024-01-03 00:00:00,984.05,,,2024-03-01 00:00:00,1055.0,1089.95,1054.0,1086.9,,,Between Slow & Fast EMA,41,982.58,982.42,1054.66,1041.69,1054.0,Yes,2024-04-18 00:00:00,1116.55,2.73,30d
ICICIBANK,1d,EMA10/EMA20,2024-01-03 00:00:00,984.05,,,2024-03-13 00:00:00,1077.15,1089.65,1073.15,1083.95,,,Between Slow & Fast EMA,49,982.58,982.42,1078.61,1065.78,1073.15,Yes,2024-03-15 00:00:00,1097.1,1.21,2d
ICICIBANK,1d,EMA10/EMA20,2024-01-03 00:00:00,984.05,,,2024-03-14 00:00:00,1080.0,1097.1,1075.05,1083.6,,,Between Slow & Fast EMA,50,982.58,982.42,1079.51,1067.48,1075.05,Yes,2024-03-15 00:00:00,1086.25,0.24,1d
ICICIBANK,1d,EMA10/EMA20,2024-01-03 00:00:00,984.05,,,2024-03-15 00:00:00,1072.0,1086.25,1070.0,1080.35,,,Between Slow & Fast EMA,51,982.58,982.42,1079.67,1068.7,1070.0,Yes,2024-03-18 00:00:00,1084.8,0.41,1d
ICICIBANK,1d,EMA10/EMA20,2024-01-03 00:00:00,984.05,,,2024-03-18 00:00:00,1075.05,1084.8,1060.05,1081.2,,,At/Below Slow EMA,52,982.58,982.42,1079.95,1069.89,1060.05,Yes,2024-04-18 00:00:00,1116.55,3.27,19d
ICICIBANK,1d,EMA10/EMA20,2024-01-03 00:00:00,984.05,,,2024-03-19 00:00:00,1078.45,1088.75,1075.25,1083.95,,,Between Slow & Fast EMA,53,982.58,982.42,1080.67,1071.23,1075.25,Yes,2024-03-20 00:00:00,1090.0,0.56,1d
ICICIBANK,1d,EMA10/EMA20,2024-01-03 00:00:00,984.05,,,2024-03-20 00:00:00,1080.0,1090.0,1067.5,1084.5,,,At/Below Slow EMA,54,982.58,982.42,1081.37,1072.5,1067.5,Yes,2024-04-04 00:00:00,1105.05,1.89,9d
ICICIBANK,1d,EMA10/EMA20,2024-01-03 00:00:00,984.05,,,2024-03-22 00:00:00,1081.15,1093.7,1078.7,1090.3,,,Between Slow & Fast EMA,56,982.58,982.42,1083.06,1074.99,1078.7,Yes,2024-03-26 00:00:00,1089.15,-0.11,1d
ICICIBANK,1d,EMA10/EMA20,2024-01-03 00:00:00,984.05,,,2024-03-26 00:00:00,1081.0,1089.15,1076.95,1083.7,,,Between Slow & Fast EMA,57,982.58,982.42,1083.17,1075.82,1076.95,Yes,2024-04-03 00:00:00,1105.05,1.97,5d
ICICIBANK,1d,EMA10/EMA20,2024-01-03 00:00:00,984.05,,,2024-03-27 00:00:00,1083.7,1092.5,1079.55,1083.75,,,Between Slow & Fast EMA,58,982.58,982.42,1083.28,1076.58,1079.55,Yes,2024-04-02 00:00:00,1105.05,1.97,3d
ICICIBANK,1d,EMA10/EMA20,2024-01-03 00:00:00,984.05,,,2024-03-28 00:00:00,1085.0,1105.05,1085.0,1093.3,,,Between Slow & Fast EMA,59,982.58,982.42,1085.1,1078.17,1085.0,Yes,2024-04-02 00:00:00,1102.95,0.88,2d
ICICIBANK,1d,EMA10/EMA20,2024-01-03 00:00:00,984.05,,,2024-04-08 00:00:00,1078.35,1091.75,1076.3,1087.15,,,At/Below Slow EMA,65,982.58,982.42,1084.32,1080.89,1076.3,Yes,2024-04-16 00:00:00,1116.55,2.7,5d
ICICIBANK,1d,EMA10/EMA20,2024-01-03 00:00:00,984.05,,,2024-04-09 00:00:00,1091.95,1115.25,1088.3,1107.05,,,Between Slow & Fast EMA,66,982.58,982.42,1088.46,1083.39,1088.3,Yes,2024-04-15 00:00:00,1116.55,0.86,3d
ICICIBANK,1d,EMA10/EMA20,2024-04-24 00:00:00,1096.75,,,2024-04-25 00:00:00,1090.0,1125.65,1089.95,1113.75,,,Between Slow & Fast EMA,1,1084.71,1083.48,1089.99,1086.37,1089.95,Yes,2024-06-04 00:00:00,1173.0,5.32,27d
ICICIBANK,1d,EMA10/EMA20,2024-04-24 00:00:00,1096.75,,,2024-05-13 00:00:00,1112.4,1130.65,1106.7,1128.0,,,At/Below Slow EMA,12,1084.71,1083.48,1124.3,1115.98,1106.7,Yes,2024-05-22 00:00:00,1144.0,1.42,7d
ICICIBANK,1d,EMA10/EMA20,2024-04-24 00:00:00,1096.75,,,2024-05-15 00:00:00,1122.1,1127.8,1113.5,1124.35,,,At/Below Slow EMA,14,1084.71,1083.48,1123.75,1117.17,1113.5,Yes,2024-05-16 00:00:00,1136.55,1.09,1d
ICICIBANK,1d,EMA10/EMA20,2024-04-24 00:00:00,1096.75,,,2024-05-23 00:00:00,1115.55,1137.0,1111.4,1134.5,,,At/Below Slow EMA,20,1084.71,1083.48,1125.22,1121.2,1111.4,Yes,2024-05-29 00:00:00,1147.8,1.17,4d
ICICIBANK,1d,EMA10/EMA20,2024-04-24 00:00:00,1096.75,,,2024-05-24 00:00:00,1130.0,1135.0,1124.15,1131.95,,,Between Slow & Fast EMA,21,1084.71,1083.48,1126.44,1122.23,1124.15,Yes,2024-05-27 00:00:00,1147.8,1.4,1d
ICICIBANK,1d,EMA10/EMA20,2024-04-24 00:00:00,1096.75,,,2024-05-31 00:00:00,1118.0,1130.6,1111.25,1121.05,,,At/Below Slow EMA,26,1084.71,1083.48,1120.91,1120.62,1111.25,Yes,2024-06-04 00:00:00,1173.0,4.63,2d
ICICIBANK,1d,EMA10/EMA20,2024-06-19 00:00:00,1144.45,,,2024-07-03 00:00:00,1196.85,1215.85,1179.45,1201.6,,,Between Slow & Fast EMA,10,1121.0,1119.61,1188.25,1168.04,1179.45,Yes,2024-08-05 00:00:00,1257.8,4.68,22d
ICICIBANK,1d,EMA10/EMA20,2024-06-19 00:00:00,1144.45,,,2024-07-18 00:00:00,1234.9,1256.45,1231.7,1250.3,,,Between Slow & Fast EMA,20,1121.0,1119.61,1232.84,1212.97,1231.7,Yes,2024-07-23 00:00:00,1250.5,0.02,3d
ICICIBANK,1d,EMA10/EMA20,2024-06-19 00:00:00,1144.45,,,2024-07-22 00:00:00,1240.0,1245.3,1232.9,1241.15,,,Between Slow & Fast EMA,22,1121.0,1119.61,1236.7,1218.73,1232.9,Yes,2024-07-23 00:00:00,1248.65,0.6,1d
ICICIBANK,1d,EMA10/EMA20,2024-08-27 00:00:00,1226.35,,,2024-09-09 00:00:00,1202.9,1238.3,1200.45,1235.0,,,At/Below Slow EMA,9,1196.4,1193.53,1224.3,1215.13,1200.45,Yes,2025-01-21 00:00:00,1362.35,10.31,92d
ICICIBANK,1d,EMA10/EMA20,2024-08-27 00:00:00,1226.35,,,2024-09-11 00:00:00,1231.5,1239.3,1226.4,1236.35,,,Between Slow & Fast EMA,11,1196.4,1193.53,1228.43,1219.06,1226.4,Yes,2024-09-12 00:00:00,1257.0,1.67,1d
ICICIBANK,1d,EMA10/EMA20,2024-08-27 00:00:00,1226.35,,,2024-09-12 00:00:00,1238.0,1257.0,1226.35,1252.15,,,Between Slow & Fast EMA,12,1196.4,1193.53,1232.74,1222.21,1226.35,Yes,2024-10-07 00:00:00,1362.35,8.8,16d
ICICIBANK,1d,EMA10/EMA20,2024-10-28 00:00:00,1292.85,,,2024-11-05 00:00:00,1273.0,1301.3,1263.1,1296.7,,,At/Below Slow EMA,6,1260.66,1258.3,1285.55,1276.28,1263.1,Yes,2024-11-08 00:00:00,1315.0,1.41,3d
ICICIBANK,1d,EMA10/EMA20,2024-11-25 00:00:00,1300.95,,,2024-11-29 00:00:00,1283.1,1303.25,1283.1,1300.1,,,Between Slow & Fast EMA,4,1271.2,1270.77,1285.66,1279.65,1283.1,Yes,2024-12-20 00:00:00,1350.45,3.87,15d
ICICIBANK,1d,EMA10/EMA20,2024-11-25 00:00:00,1300.95,,,2024-12-11 00:00:00,1324.7,1331.25,1316.0,1327.5,,,Between Slow & Fast EMA,12,1271.2,1270.77,1316.94,1303.79,1316.0,Yes,2024-12-13 00:00:00,1347.15,1.48,2d
ICICIBANK,1d,EMA10/EMA20,2024-11-25 00:00:00,1300.95,,,2024-12-13 00:00:00,1325.35,1347.15,1313.5,1344.9,,,Between Slow & Fast EMA,14,1271.2,1270.77,1323.85,1309.9,1313.5,Yes,2024-12-18 00:00:00,1350.45,0.41,3d
ICICIBANK,1d,EMA10/EMA20,2025-02-04 00:00:00,1268.2,,,2025-02-10 00:00:00,1257.2,1265.0,1249.35,1262.6,,,At/Below Slow EMA,4,1248.59,1248.44,1257.18,1253.74,1249.35,Yes,2025-02-11 00:00:00,1261.85,-0.06,1d
ICICIBANK,1d,EMA10/EMA20,2025-02-04 00:00:00,1268.2,,,2025-02-14 00:00:00,1252.1,1263.5,1244.45,1260.1,,,At/Below Slow EMA,8,1248.59,1248.44,1255.38,1253.71,1244.45,Yes,2025-02-17 00:00:00,1258.15,-0.15,1d
ICICIBANK,1d,EMA10/EMA20,2025-02-04 00:00:00,1268.2,,,2025-02-19 00:00:00,1234.85,1264.45,1230.25,1261.65,,,At/Below Slow EMA,11,1248.59,1248.44,1254.17,1253.35,1230.25,Yes,2025-02-21 00:00:00,1264.0,0.19,2d
ICICIBANK,1d,EMA10/EMA20,2025-03-17 00:00:00,1269.0,,,2025-04-02 00:00:00,1322.15,1337.95,1322.15,1331.25,,,Between Slow & Fast EMA,11,1238.47,1236.28,1323.55,1301.4,1322.15,Yes,2025-04-03 00:00:00,1333.0,0.13,1d
ICICIBANK,1d,EMA10/EMA20,2025-03-17 00:00:00,1269.0,,,2025-04-03 00:00:00,1321.95,1333.0,1321.25,1329.55,,,Between Slow & Fast EMA,12,1238.47,1236.28,1324.64,1304.08,1321.25,Yes,2025-04-07 00:00:00,1338.55,0.68,2d
ICICIBANK,1d,EMA10/EMA20,2025-03-17 00:00:00,1269.0,,,2025-04-04 00:00:00,1329.55,1338.55,1322.1,1335.3,,,Between Slow & Fast EMA,13,1238.47,1236.28,1326.58,1307.05,1322.1,Yes,2025-04-07 00:00:00,1325.0,-0.77,1d
ICICIBANK,1d,EMA10/EMA20,2025-03-17 00:00:00,1269.0,,,2025-05-12 00:00:00,1409.4,1453.0,1404.0,1448.5,,,Between Slow & Fast EMA,35,1238.47,1236.28,1422.46,1402.37,1404.0,Yes,2025-06-13 00:00:00,1471.6,1.59,24d
ICICIBANK,1d,EMA10/EMA20,2025-03-17 00:00:00,1269.0,,,2025-05-15 00:00:00,1425.9,1456.5,1415.5,1450.8,,,Between Slow & Fast EMA,38,1238.47,1236.28,1429.16,1411.24,1415.5,Yes,2025-06-13 00:00:00,1471.6,1.43,21d
ICICIBANK,1d,EMA10/EMA20,2025-03-17 00:00:00,1269.0,,,2025-05-22 00:00:00,1441.1,1445.3,1427.8,1442.1,,,Between Slow & Fast EMA,43,1238.47,1236.28,1438.92,1424.56,1427.8,Yes,2025-06-04 00:00:00,1471.6,2.05,9d
ICICIBANK,1d,EMA10/EMA20,2025-03-17 00:00:00,1269.0,,,2025-05-23 00:00:00,1442.2,1451.8,1434.4,1449.8,,,Between Slow & Fast EMA,44,1238.47,1236.28,1440.9,1426.96,1434.4,Yes,2025-06-02 00:00:00,1471.6,1.5,6d
ICICIBANK,1d,EMA10/EMA20,2025-03-17 00:00:00,1269.0,,,2025-05-28 00:00:00,1447.6,1458.0,1442.5,1453.8,,,Between Slow & Fast EMA,47,1238.47,1236.28,1446.46,1433.81,1442.5,Yes,2025-06-02 00:00:00,1462.9,0.63,3d
ICICIBANK,1d,EMA10/EMA20,2025-03-17 00:00:00,1269.0,,,2025-06-02 00:00:00,1442.0,1460.0,1432.8,1450.5,,,At/Below Slow EMA,50,1238.47,1236.28,1448.32,1438.2,1432.8,Yes,2025-06-03 00:00:00,1455.0,0.31,1d
ICICIBANK,1d,EMA10/EMA20,2025-03-17 00:00:00,1269.0,,,2025-06-05 00:00:00,1430.9,1459.0,1427.3,1454.8,,,At/Below Slow EMA,53,1238.47,1236.28,1445.65,1439.14,1427.3,Yes,2025-06-10 00:00:00,1466.8,0.82,3d
ICICIBANK,1d,EMA10/EMA20,2025-03-17 00:00:00,1269.0,,,2025-06-06 00:00:00,1448.6,1461.4,1442.1,1459.7,,,Between Slow & Fast EMA,54,1238.47,1236.28,1448.21,1441.1,1442.1,Yes,2025-06-09 00:00:00,1466.8,0.49,1d
ICICIBANK,1d,EMA10/EMA20,2025-06-27 00:00:00,1462.2,,,2025-07-04 00:00:00,1427.0,1444.4,1421.1,1442.8,,,At/Below Slow EMA,5,1433.41,1431.89,1434.19,1432.99,1421.1,Yes,2025-07-11 00:00:00,1445.0,0.15,5d
ICICIBANK,1d,EMA10/EMA20,2025-06-27 00:00:00,1462.2,,,2025-07-08 00:00:00,1432.0,1445.0,1430.0,1442.0,,,At/Below Slow EMA,7,1433.41,1431.89,1435.83,1434.08,1430.0,Yes,2025-07-09 00:00:00,1438.7,-0.23,1d
ICICIBANK,1d,EMA10/EMA20,2025-07-21 00:00:00,1465.8,,,2025-07-31 00:00:00,1469.9,1494.5,1464.0,1481.4,,,Between Slow & Fast EMA,8,1434.07,1432.6,1473.15,1460.29,1464.0,Yes,2025-08-04 00:00:00,1485.1,0.25,2d
ICICIBANK,1d,EMA10/EMA20,2025-11-19 00:00:00,1383.1,,,2025-11-26 00:00:00,1360.0,1377.0,1359.9,1375.0,,,At/Below Slow EMA,5,1369.48,1368.41,1369.72,1369.13,1359.9,Yes,2025-12-10 00:00:00,1400.0,1.82,10d
ICICIBANK,1d,EMA10/EMA20,2025-11-19 00:00:00,1383.1,,,2025-12-03 00:00:00,1367.0,1394.2,1367.0,1391.5,,,At/Below Slow EMA,10,1369.48,1368.41,1380.38,1376.09,1367.0,Yes,2025-12-10 00:00:00,1395.3,0.27,5d
ICICIBANK,1d,EMA10/EMA20,2025-11-19 00:00:00,1383.1,,,2025-12-05 00:00:00,1381.0,1395.3,1381.0,1392.5,,,Between Slow & Fast EMA,12,1369.48,1368.41,1383.52,1378.57,1381.0,Yes,2025-12-09 00:00:00,1394.9,0.17,2d
ICICIBANK,1d,EMA10/EMA20,2025-11-19 00:00:00,1383.1,,,2025-12-08 00:00:00,1387.0,1394.9,1383.3,1389.6,,,Between Slow & Fast EMA,13,1369.48,1368.41,1384.63,1379.62,1383.3,Yes,2025-12-09 00:00:00,1384.3,-0.38,1d
ICICIBANK,1d,EMA10/EMA20,2026-01-06 00:00:00,1411.2,,,2026-01-12 00:00:00,1399.9,1424.3,1391.7,1413.1,,,Between Slow & Fast EMA,4,1365.07,1363.75,1394.39,1382.01,1391.7,Yes,2026-01-19 00:00:00,1443.9,2.18,4d
ICICIBANK,1d,EMA10/EMA20,2026-02-05 00:00:00,1396.5,,,2026-02-16 00:00:00,1404.0,1414.0,1400.5,1411.6,,,Between Slow & Fast EMA,7,1378.22,1376.59,1403.81,1394.03,1400.5,Yes,2026-02-17 00:00:00,1413.6,0.14,1d
ICICIBANK,1d,EMA10/EMA20,2026-02-05 00:00:00,1396.5,,,2026-02-17 00:00:00,1406.2,1413.6,1393.6,1407.5,,,At/Below Slow EMA,8,1378.22,1376.59,1404.48,1395.32,1393.6,Yes,2026-02-19 00:00:00,1412.3,0.34,2d
ICICIBANK,1d,EMA10/EMA20,2026-02-05 00:00:00,1396.5,,,2026-02-25 00:00:00,1391.8,1407.4,1388.2,1400.5,,,At/Below Slow EMA,14,1378.22,1376.59,1398.19,1395.49,1388.2,Yes,2026-02-27 00:00:00,1410.0,0.68,2d
ICICIBANK,1d,EMA21/EMA50,2024-01-03 00:00:00,984.05,982.41,982.32,2024-01-04 00:00:00,986.4,989.15,981.9,987.15,982.84,982.51,At/Below Slow EMA,1,,,,,981.9,Yes,2024-01-08 00:00:00,998.3,1.13,2d
ICICIBANK,1d,EMA21/EMA50,2024-01-03 00:00:00,984.05,982.41,982.32,2024-01-05 00:00:00,988.0,998.3,983.8,993.7,983.83,982.95,Between Slow & Fast EMA,2,,,,,983.8,Yes,2024-01-08 00:00:00,998.2,0.45,1d
ICICIBANK,1d,EMA21/EMA50,2024-01-03 00:00:00,984.05,982.41,982.32,2024-01-10 00:00:00,974.3,994.95,974.3,993.05,984.19,983.19,At/Below Slow EMA,5,,,,,974.3,Yes,2024-01-18 00:00:00,1015.8,2.29,6d
ICICIBANK,1d,EMA21/EMA50,2024-01-03 00:00:00,984.05,982.41,982.32,2024-01-19 00:00:00,991.3,1010.9,987.55,999.2,990.29,986.57,Between Slow & Fast EMA,12,,,,,987.55,Yes,2024-02-08 00:00:00,1059.4,6.02,13d
ICICIBANK,1d,EMA21/EMA50,2024-01-03 00:00:00,984.05,982.41,982.32,2024-01-25 00:00:00,998.4,1015.1,988.15,1009.95,996.98,990.27,At/Below Slow EMA,16,,,,,988.15,Yes,2024-02-08 00:00:00,1050.0,3.97,9d
ICICIBANK,1d,EMA21/EMA50,2024-01-03 00:00:00,984.05,982.41,982.32,2024-02-09 00:00:00,988.85,1013.75,985.5,1010.7,1009.16,999.31,At/Below Slow EMA,26,,,,,985.5,Yes,2024-02-12 00:00:00,1012.2,0.15,1d
ICICIBANK,1d,EMA21/EMA50,2024-01-03 00:00:00,984.05,982.41,982.32,2024-02-13 00:00:00,1006.0,1027.05,1000.3,1019.8,1009.05,999.99,Between Slow & Fast EMA,28,,,,,1000.3,No,Not Hit,1500.0,47.09,552d
ICICIBANK,1d,EMA21/EMA50,2024-01-03 00:00:00,984.05,982.41,982.32,2024-02-14 00:00:00,1009.55,1035.7,1007.55,1022.7,1010.29,1000.89,Between Slow & Fast EMA,29,,,,,1007.55,Yes,2024-02-15 00:00:00,1026.65,0.39,1d
ICICIBANK,1d,EMA21/EMA50,2024-01-03 00:00:00,984.05,982.41,982.32,2024-03-18 00:00:00,1075.05,1084.8,1060.05,1081.2,1068.8,1043.34,Between Slow & Fast EMA,52,,,,,1060.05,Yes,2024-04-18 00:00:00,1116.55,3.27,19d
ICICIBANK,1d,EMA21/EMA50,2024-01-03 00:00:00,984.05,982.41,982.32,2024-03-20 00:00:00,1080.0,1090.0,1067.5,1084.5,1071.48,1046.49,Between Slow & Fast EMA,54,,,,,1067.5,Yes,2024-04-04 00:00:00,1105.05,1.89,9d
ICICIBANK,1d,EMA21/EMA50,2024-01-03 00:00:00,984.05,982.41,982.32,2024-04-05 00:00:00,1070.0,1086.0,1067.45,1083.4,1079.64,1059.22,Between Slow & Fast EMA,64,,,,,1067.45,Yes,2024-04-16 00:00:00,1116.55,3.06,6d
ICICIBANK,1d,EMA21/EMA50,2024-01-03 00:00:00,984.05,982.41,982.32,2024-04-08 00:00:00,1078.35,1091.75,1076.3,1087.15,1080.33,1060.31,Between Slow & Fast EMA,65,,,,,1076.3,Yes,2024-04-16 00:00:00,1116.55,2.7,5d
ICICIBANK,1d,EMA21/EMA50,2024-01-03 00:00:00,984.05,982.41,982.32,2024-04-22 00:00:00,1078.8,1088.7,1070.35,1086.65,1081.02,1066.58,Between Slow & Fast EMA,73,,,,,1070.35,Yes,2024-06-04 00:00:00,1173.0,7.95,30d
ICICIBANK,1d,EMA21/EMA50,2024-01-03 00:00:00,984.05,982.41,982.32,2024-05-13 00:00:00,1112.4,1130.65,1106.7,1128.0,1115.12,1092.37,Between Slow & Fast EMA,87,,,,,1106.7,Yes,2024-05-22 00:00:00,1144.0,1.42,7d
ICICIBANK,1d,EMA21/EMA50,2024-01-03 00:00:00,984.05,982.41,982.32,2024-05-15 00:00:00,1122.1,1127.8,1113.5,1124.35,1116.41,1094.69,Between Slow & Fast EMA,89,,,,,1113.5,Yes,2024-05-16 00:00:00,1136.55,1.09,1d
ICICIBANK,1d,EMA21/EMA50,2024-01-03 00:00:00,984.05,982.41,982.32,2024-05-23 00:00:00,1115.55,1137.0,1111.4,1134.5,1120.64,1101.44,Between Slow & Fast EMA,95,,,,,1111.4,Yes,2024-05-29 00:00:00,1147.8,1.17,4d
ICICIBANK,1d,EMA21/EMA50,2024-01-03 00:00:00,984.05,982.41,982.32,2024-05-31 00:00:00,1118.0,1130.6,1111.25,1121.05,1120.34,1105.5,Between Slow & Fast EMA,101,,,,,1111.25,Yes,2024-06-04 00:00:00,1173.0,4.63,2d
ICICIBANK,1d,EMA21/EMA50,2024-01-03 00:00:00,984.05,982.41,982.32,2024-06-07 00:00:00,1110.4,1128.3,1103.6,1121.7,1117.89,1107.07,At/Below Slow EMA,106,,,,,1103.6,Yes,2024-06-14 00:00:00,1133.4,1.04,5d
ICICIBANK,1d,EMA21/EMA50,2024-01-03 00:00:00,984.05,982.41,982.32,2024-06-10 00:00:00,1116.0,1133.2,1115.1,1123.8,1118.42,1107.73,Between Slow & Fast EMA,107,,,,,1115.1,Yes,2024-06-11 00:00:00,1129.05,0.47,1d
ICICIBANK,1d,EMA21/EMA50,2024-01-03 00:00:00,984.05,982.41,982.32,2024-06-18 00:00:00,1113.95,1135.05,1101.2,1122.85,1117.0,1108.99,At/Below Slow EMA,112,,,,,1101.2,No,Not Hit,1500.0,33.59,468d
ICICIBANK,1d,EMA21/EMA50,2024-01-03 00:00:00,984.05,982.41,982.32,2024-08-22 00:00:00,1182.0,1192.6,1176.6,1191.1,1186.38,1181.95,At/Below Slow EMA,157,,,,,1176.6,No,Not Hit,1500.0,25.93,423d
ICICIBANK,1d,EMA21/EMA50,2024-01-03 00:00:00,984.05,982.41,982.32,2024-09-09 00:00:00,1202.9,1238.3,1200.45,1235.0,1214.48,1199.02,Between Slow & Fast EMA,169,,,,,1200.45,Yes,2025-01-21 00:00:00,1362.35,10.31,92d
ICICIBANK,1d,EMA21/EMA50,2024-01-03 00:00:00,984.05,982.41,982.32,2024-10-15 00:00:00,1238.95,1258.3,1235.4,1255.5,1255.43,1241.34,At/Below Slow EMA,194,,,,,1235.4,Yes,2024-10-17 00:00:00,1256.95,0.12,2d
ICICIBANK,1d,EMA21/EMA50,2024-01-03 00:00:00,984.05,982.41,982.32,2024-10-18 00:00:00,1227.95,1268.9,1225.25,1264.5,1253.33,1241.94,At/Below Slow EMA,197,,,,,1225.25,Yes,2025-01-13 00:00:00,1350.45,6.8,58d
ICICIBANK,1d,EMA21/EMA50,2024-01-03 00:00:00,984.05,982.41,982.32,2024-10-25 00:00:00,1247.25,1268.9,1234.2,1255.45,1254.67,1244.68,At/Below Slow EMA,202,,,,,1234.2,Yes,2024-11-21 00:00:00,1335.35,6.36,17d
ICICIBANK,1d,EMA21/EMA50,2024-01-03 00:00:00,984.05,982.41,982.32,2024-11-05 00:00:00,1273.0,1301.3,1263.1,1296.7,1275.59,1257.85,Between Slow & Fast EMA,209,,,,,1263.1,Yes,2024-11-08 00:00:00,1315.0,1.41,3d
ICICIBANK,1d,EMA21/EMA50,2024-01-03 00:00:00,984.05,982.41,982.32,2024-11-22 00:00:00,1258.0,1281.4,1256.0,1278.05,1267.65,1260.23,At/Below Slow EMA,220,,,,,1256.0,Yes,2025-01-08 00:00:00,1350.45,5.66,32d
ICICIBANK,1d,EMA21/EMA50,2024-01-03 00:00:00,984.05,982.41,982.32,2024-12-27 00:00:00,1298.55,1315.95,1298.55,1307.55,1306.57,1292.54,Between Slow & Fast EMA,244,,,,,1298.55,Yes,2024-12-30 00:00:00,1326.5,1.45,1d
ICICIBANK,1d,EMA21/EMA50,2025-03-20 00:00:00,1321.7,1256.04,1252.98,2025-06-02 00:00:00,1442.0,1460.0,1432.8,1450.5,1436.87,1395.31,Between Slow & Fast EMA,47,,,,,1432.8,Yes,2025-06-03 00:00:00,1455.0,0.31,1d
ICICIBANK,1d,EMA21/EMA50,2025-03-20 00:00:00,1321.7,1256.04,1252.98,2025-06-05 00:00:00,1430.9,1459.0,1427.3,1454.8,1438.1,1400.53,Between Slow & Fast EMA,50,,,,,1427.3,Yes,2025-06-10 00:00:00,1466.8,0.82,3d
ICICIBANK,1d,EMA21/EMA50,2025-03-20 00:00:00,1321.7,1256.04,1252.98,2025-06-26 00:00:00,1424.8,1447.5,1421.7,1439.1,1428.68,1412.07,Between Slow & Fast EMA,65,,,,,1421.7,Yes,2025-07-04 00:00:00,1466.0,1.87,6d
ICICIBANK,1d,EMA21/EMA50,2025-03-20 00:00:00,1321.7,1256.04,1252.98,2025-07-04 00:00:00,1427.0,1444.4,1421.1,1442.8,1432.85,1417.8,Between Slow & Fast EMA,71,,,,,1421.1,Yes,2025-07-11 00:00:00,1445.0,0.15,5d
ICICIBANK,1d,EMA21/EMA50,2025-03-20 00:00:00,1321.7,1256.04,1252.98,2025-07-08 00:00:00,1432.0,1445.0,1430.0,1442.0,1433.92,1419.42,Between Slow & Fast EMA,73,,,,,1430.0,Yes,2025-07-09 00:00:00,1438.7,-0.23,1d
ICICIBANK,1d,EMA21/EMA50,2025-03-20 00:00:00,1321.7,1256.04,1252.98,2025-08-21 00:00:00,1440.1,1447.8,1436.4,1446.0,1442.88,1438.8,At/Below Slow EMA,104,,,,,1436.4,Yes,2025-08-22 00:00:00,1446.0,0.0,1d
ICICIBANK,1d,EMA21/EMA50,2026-02-05 00:00:00,1396.5,1376.55,1376.43,2026-02-17 00:00:00,1406.2,1413.6,1393.6,1407.5,1394.69,1385.67,Between Slow & Fast EMA,8,,,,,1393.6,Yes,2026-02-19 00:00:00,1412.3,0.34,2d
ICICIBANK,1d,EMA21/EMA50,2026-02-05 00:00:00,1396.5,1376.55,1376.43,2026-02-25 00:00:00,1391.8,1407.4,1388.2,1400.5,1395.14,1387.85,Between Slow & Fast EMA,14,,,,,1388.2,Yes,2026-02-27 00:00:00,1410.0,0.68,2d
ICICIBANK,1h,EMA10/EMA20,2026-01-02 11:15:00,1350.0,,,2026-01-06 09:15:00,1372.0,1410.5,1367.8,1409.7,,,Between Slow & Fast EMA,12,1343.15,1343.09,1373.53,1363.68,1367.8,Yes,2026-01-19 09:15:00,1443.4,2.39,56h
ICICIBANK,1h,EMA10/EMA20,2026-01-12 15:15:00,1420.0,,,2026-01-13 09:15:00,1420.0,1424.9,1411.1,1422.7,,,At/Below Slow EMA,1,1413.35,1412.86,1415.05,1413.8,1411.1,Yes,2026-01-16 09:15:00,1443.4,1.45,14h
ICICIBANK,1h,EMA10/EMA20,2026-01-12 15:15:00,1420.0,,,2026-01-14 11:15:00,1416.5,1431.8,1416.1,1429.2,,,At/Below Slow EMA,10,1413.35,1412.86,1426.64,1423.46,1416.1,Yes,2026-01-14 15:15:00,1431.8,0.18,4h
ICICIBANK,1h,EMA10/EMA20,2026-01-27 15:15:00,1367.1,,,2026-01-29 10:15:00,1363.8,1367.7,1362.2,1365.4,,,Between Slow & Fast EMA,9,1353.93,1352.96,1364.7,1361.45,1362.2,Yes,2026-01-30 11:15:00,1387.7,1.63,8h
ICICIBANK,1h,EMA10/EMA20,2026-01-27 15:15:00,1367.1,,,2026-01-29 11:15:00,1365.3,1369.0,1364.7,1367.5,,,Between Slow & Fast EMA,10,1353.93,1352.96,1365.21,1362.02,1364.7,Yes,2026-01-30 10:15:00,1387.7,1.48,6h
ICICIBANK,1h,EMA10/EMA20,2026-01-27 15:15:00,1367.1,,,2026-01-30 09:15:00,1368.2,1381.9,1368.2,1377.1,,,At/Below Slow EMA,15,1353.93,1352.96,1374.36,1368.89,1368.2,Yes,2026-01-30 10:15:00,1377.2,0.01,1h
ICICIBANK,1h,EMA10/EMA20,2026-02-03 09:15:00,1390.1,,,2026-02-06 09:15:00,1396.7,1406.8,1396.7,1403.6,,,Between Slow & Fast EMA,21,1356.0,1354.98,1401.26,1396.45,1396.7,Yes,2026-02-06 11:15:00,1405.2,0.11,2h
ICICIBANK,1h,EMA10/EMA20,2026-02-03 09:15:00,1390.1,,,2026-02-06 12:15:00,1395.7,1403.0,1395.0,1401.9,,,At/Below Slow EMA,24,1356.0,1354.98,1400.2,1397.06,1395.0,Yes,2026-02-09 12:15:00,1413.5,0.83,7h
ICICIBANK,1h,EMA10/EMA20,2026-02-10 10:15:00,1399.9,,,2026-02-10 12:15:00,1398.5,1406.9,1396.0,1404.9,,,At/Below Slow EMA,2,1397.77,1397.69,1399.16,1398.44,1396.0,Yes,2026-02-17 09:15:00,1433.9,2.06,32h
ICICIBANK,1h,EMA10/EMA20,2026-02-10 10:15:00,1399.9,,,2026-02-11 11:15:00,1402.5,1407.0,1401.7,1403.8,,,Between Slow & Fast EMA,8,1397.77,1397.69,1402.6,1401.01,1401.7,Yes,2026-02-11 12:15:00,1407.7,0.28,1h
ICICIBANK,1h,EMA10/EMA20,2026-02-10 10:15:00,1399.9,,,2026-02-11 12:15:00,1403.7,1407.7,1401.4,1404.7,,,Between Slow & Fast EMA,9,1397.77,1397.69,1402.98,1401.36,1401.4,Yes,2026-02-16 09:15:00,1433.9,2.08,18h
ICICIBANK,1h,EMA10/EMA20,2026-02-10 10:15:00,1399.9,,,2026-02-11 13:15:00,1404.6,1408.0,1403.4,1407.0,,,Between Slow & Fast EMA,10,1397.77,1397.69,1403.71,1401.9,1403.4,Yes,2026-02-11 14:15:00,1407.0,0.0,1h
ICICIBANK,1h,EMA10/EMA20,2026-02-10 10:15:00,1399.9,,,2026-02-12 09:15:00,1406.1,1428.0,1406.1,1423.5,,,Between Slow & Fast EMA,13,1397.77,1397.69,1408.48,1404.96,1406.1,Yes,2026-02-16 09:15:00,1433.9,0.73,14h
ICICIBANK,1h,EMA10/EMA20,2026-02-25 13:15:00,1401.9,,,2026-02-26 10:15:00,1401.5,1407.0,1399.0,1405.5,,,Between Slow & Fast EMA,4,1396.63,1396.29,1399.65,1398.13,1399.0,Yes,2026-02-26 12:15:00,1409.0,0.25,2h
ICICIBANK,1h,EMA10/EMA20,2026-02-25 13:15:00,1401.9,,,2026-02-26 11:15:00,1405.4,1409.0,1400.0,1406.1,,,Between Slow & Fast EMA,5,1396.63,1396.29,1400.83,1398.89,1400.0,Yes,2026-02-26 12:15:00,1407.4,0.09,1h
ICICIBANK,1h,EMA10/EMA20,2026-02-25 13:15:00,1401.9,,,2026-02-26 13:15:00,1399.2,1404.5,1398.0,1403.5,,,At/Below Slow EMA,7,1396.63,1396.29,1401.06,1399.34,1398.0,Yes,2026-02-27 09:15:00,1409.8,0.45,3h
ICICIBANK,1h,EMA10/EMA20,2026-03-17 11:15:00,1280.3,,,2026-03-18 10:15:00,1272.6,1290.6,1272.0,1289.3,,,At/Below Slow EMA,6,1270.08,1269.03,1280.82,1276.55,1272.0,Yes,2026-03-19 09:15:00,1297.0,0.6,6h
ICICIBANK,1h,EMA10/EMA20,2026-03-17 11:15:00,1280.3,,,2026-03-18 15:15:00,1289.1,1293.9,1286.0,1292.0,,,Between Slow & Fast EMA,11,1270.08,1269.03,1287.61,1282.46,1286.0,Yes,2026-03-19 09:15:00,1285.9,-0.47,1h
ICICIBANK,1h,EMA10/EMA20,2026-04-06 14:15:00,1233.6,,,2026-04-07 11:15:00,1222.1,1229.0,1221.5,1224.9,,,Between Slow & Fast EMA,4,1218.72,1217.45,1221.89,1219.81,1221.5,No,Not Hit,1392.3,13.67,151h
ICICIBANK,1h,EMA10/EMA20,2026-04-06 14:15:00,1233.6,,,2026-04-07 12:15:00,1224.2,1229.8,1222.5,1225.3,,,Between Slow & Fast EMA,5,1218.72,1217.45,1222.51,1220.33,1222.5,No,Not Hit,1392.3,13.63,150h
ICICIBANK,1h,EMA10/EMA20,2026-04-06 14:15:00,1233.6,,,2026-04-09 10:15:00,1293.8,1298.8,1290.6,1294.8,,,Between Slow & Fast EMA,17,1218.72,1217.45,1291.18,1272.39,1290.6,Yes,2026-04-09 11:15:00,1295.8,0.08,1h
ICICIBANK,1h,EMA10/EMA20,2026-04-06 14:15:00,1233.6,,,2026-04-10 09:15:00,1289.0,1321.1,1288.5,1320.8,,,Between Slow & Fast EMA,23,1218.72,1217.45,1293.12,1281.43,1288.5,Yes,2026-04-28 14:15:00,1392.3,5.41,82h
ICICIBANK,1h,EMA10/EMA20,2026-04-06 14:15:00,1233.6,,,2026-04-13 10:15:00,1309.8,1319.4,1308.8,1317.3,,,Between Slow & Fast EMA,31,1218.72,1217.45,1312.89,1301.7,1308.8,Yes,2026-04-28 11:15:00,1392.3,5.69,71h
ICICIBANK,1h,EMA10/EMA20,2026-04-06 14:15:00,1233.6,,,2026-04-13 11:15:00,1317.2,1330.0,1315.4,1329.9,,,Between Slow & Fast EMA,32,1218.72,1217.45,1315.98,1304.38,1315.4,Yes,2026-04-27 10:15:00,1392.3,4.69,62h
ICICIBANK,1h,EMA10/EMA20,2026-04-06 14:15:00,1233.6,,,2026-04-15 11:15:00,1338.3,1346.5,1338.0,1346.3,,,Between Slow & Fast EMA,39,1218.72,1217.45,1338.26,1325.1,1338.0,Yes,2026-04-17 09:15:00,1366.8,1.52,12h
ICICIBANK,1h,EMA10/EMA20,2026-04-06 14:15:00,1233.6,,,2026-04-17 14:15:00,1341.6,1346.5,1339.2,1346.1,,,At/Below Slow EMA,56,1218.72,1217.45,1342.94,1340.72,1339.2,Yes,2026-04-24 09:15:00,1392.3,3.43,30h
ICICIBANK,1h,EMA10/EMA20,2026-04-06 14:15:00,1233.6,,,2026-04-20 13:15:00,1358.1,1359.3,1353.0,1358.5,,,Between Slow & Fast EMA,62,1218.72,1217.45,1354.29,1349.09,1353.0,Yes,2026-04-23 09:15:00,1392.3,2.49,17h
ICICIBANK,1h,EMA10/EMA20,2026-05-07 09:15:00,1288.1,,,2026-05-07 15:15:00,1274.0,1279.8,1273.7,1279.0,,,At/Below Slow EMA,6,1269.1,1267.34,1277.49,1273.84,1273.7,Yes,2026-05-08 09:15:00,1279.6,0.05,1h
ICICIBANK,1h,EMA21/EMA50,2026-01-02 13:15:00,1352.2,1344.57,1344.16,2026-01-12 12:15:00,1407.2,1424.3,1406.0,1420.1,1411.6,1398.35,Between Slow & Fast EMA,41,,,,,1406.0,Yes,2026-01-16 12:15:00,1443.4,1.64,21h
ICICIBANK,1h,EMA21/EMA50,2026-01-02 13:15:00,1352.2,1344.57,1344.16,2026-01-12 15:15:00,1410.7,1420.0,1410.4,1420.0,1412.66,1400.32,Between Slow & Fast EMA,44,,,,,1410.4,Yes,2026-01-16 09:15:00,1443.4,1.65,15h
ICICIBANK,1h,EMA21/EMA50,2026-01-02 13:15:00,1352.2,1344.57,1344.16,2026-01-13 09:15:00,1420.0,1424.9,1411.1,1422.7,1413.57,1401.2,Between Slow & Fast EMA,45,,,,,1411.1,Yes,2026-01-16 09:15:00,1443.4,1.45,14h
ICICIBANK,1h,EMA21/EMA50,2026-01-02 13:15:00,1352.2,1344.57,1344.16,2026-01-14 11:15:00,1416.5,1431.8,1416.1,1429.2,1423.11,1410.14,Between Slow & Fast EMA,54,,,,,1416.1,Yes,2026-01-14 15:15:00,1431.8,0.18,4h
ICICIBANK,1h,EMA21/EMA50,2026-02-03 12:15:00,1397.5,1365.17,1363.37,2026-02-06 12:15:00,1395.7,1403.0,1395.0,1401.9,1396.57,1385.18,Between Slow & Fast EMA,21,,,,,1395.0,Yes,2026-02-09 12:15:00,1413.5,0.83,7h
ICICIBANK,1h,EMA21/EMA50,2026-02-03 12:15:00,1397.5,1365.17,1363.37,2026-02-10 10:15:00,1398.7,1400.7,1396.0,1399.9,1397.54,1390.23,Between Slow & Fast EMA,33,,,,,1396.0,Yes,2026-02-17 09:15:00,1433.9,2.43,34h
ICICIBANK,1h,EMA21/EMA50,2026-02-03 12:15:00,1397.5,1365.17,1363.37,2026-02-10 12:15:00,1398.5,1406.9,1396.0,1404.9,1398.28,1391.11,Between Slow & Fast EMA,35,,,,,1396.0,Yes,2026-02-17 09:15:00,1433.9,2.06,32h
ICICIBANK,1h,EMA21/EMA50,2026-02-03 12:15:00,1397.5,1365.17,1363.37,2026-02-13 12:15:00,1411.7,1419.8,1410.7,1418.0,1416.05,1405.77,Between Slow & Fast EMA,56,,,,,1410.7,Yes,2026-02-16 09:15:00,1418.2,0.01,4h
ICICIBANK,1h,EMA21/EMA50,2026-02-03 12:15:00,1397.5,1365.17,1363.37,2026-02-16 15:15:00,1410.2,1414.0,1409.4,1413.0,1412.64,1407.37,Between Slow & Fast EMA,66,,,,,1409.4,Yes,2026-02-17 09:15:00,1408.0,-0.35,1h
ICICIBANK,1h,EMA21/EMA50,2026-02-03 12:15:00,1397.5,1365.17,1363.37,2026-02-18 14:15:00,1404.1,1410.0,1403.2,1407.9,1405.61,1405.4,At/Below Slow EMA,79,,,,,1403.2,Yes,2026-02-19 09:15:00,1410.1,0.16,2h
ICICIBANK,1h,EMA21/EMA50,2026-04-08 09:15:00,1302.4,1232.99,1232.14,2026-04-13 09:15:00,1304.9,1311.6,1297.2,1310.0,1298.84,1274.67,Between Slow & Fast EMA,21,,,,,1297.2,Yes,2026-04-28 13:15:00,1392.3,6.28,74h
ICICIBANK,1h,EMA21/EMA50,2026-04-08 09:15:00,1302.4,1232.99,1232.14,2026-04-17 12:15:00,1339.1,1343.2,1338.1,1341.7,1339.41,1317.64,Between Slow & Fast EMA,45,,,,,1338.1,Yes,2026-04-17 13:15:00,1345.6,0.29,1h
ICICIBANK,1h,EMA21/EMA50,2026-04-08 09:15:00,1302.4,1232.99,1232.14,2026-04-17 14:15:00,1341.6,1346.5,1339.2,1346.1,1340.22,1319.67,Between Slow & Fast EMA,47,,,,,1339.2,Yes,2026-04-24 09:15:00,1392.3,3.43,30h
INFY,1d,EMA10/EMA20,2024-01-12 00:00:00,1612.75,,,2024-01-31 00:00:00,1648.25,1667.25,1638.1,1660.9,,,Between Slow & Fast EMA,12,1536.16,1532.83,1645.58,1618.04,1638.1,Yes,2024-02-14 00:00:00,1733.0,4.34,10d
INFY,1d,EMA10/EMA20,2024-01-12 00:00:00,1612.75,,,2024-02-06 00:00:00,1686.75,1733.0,1673.95,1729.45,,,Between Slow & Fast EMA,16,1536.16,1532.83,1673.98,1643.23,1673.95,Yes,2024-02-09 00:00:00,1729.0,-0.03,3d
INFY,1d,EMA10/EMA20,2024-01-12 00:00:00,1612.75,,,2024-02-12 00:00:00,1670.35,1692.95,1670.35,1680.1,,,Between Slow & Fast EMA,20,1536.16,1532.83,1678.58,1656.37,1670.35,Yes,2024-02-13 00:00:00,1689.1,0.54,1d
INFY,1d,EMA10/EMA20,2024-01-12 00:00:00,1612.75,,,2024-02-13 00:00:00,1683.0,1689.1,1663.5,1684.55,,,Between Slow & Fast EMA,21,1536.16,1532.83,1679.66,1659.05,1663.5,Yes,2024-02-14 00:00:00,1669.45,-0.9,1d
INFY,1d,EMA10/EMA20,2024-01-12 00:00:00,1612.75,,,2024-02-20 00:00:00,1685.0,1694.25,1668.75,1685.25,,,At/Below Slow EMA,26,1536.16,1532.83,1684.92,1670.05,1668.75,Yes,2024-02-21 00:00:00,1674.0,-0.67,1d
INFY,1d,EMA10/EMA20,2024-01-12 00:00:00,1612.75,,,2024-02-22 00:00:00,1665.0,1684.6,1644.4,1681.35,,,At/Below Slow EMA,28,1536.16,1532.83,1679.9,1669.88,1644.4,Yes,2024-03-04 00:00:00,1698.45,1.02,8d
INFY,1d,EMA10/EMA20,2024-01-12 00:00:00,1612.75,,,2024-02-29 00:00:00,1665.0,1682.25,1653.3,1673.9,,,At/Below Slow EMA,33,1536.16,1532.83,1673.32,1669.65,1653.3,Yes,2024-03-01 00:00:00,1671.95,-0.12,1d
INFY,1d,EMA10/EMA20,2024-06-07 00:00:00,1533.6,,,2024-08-12 00:00:00,1773.05,1803.5,1768.1,1797.4,,,At/Below Slow EMA,44,1453.92,1448.23,1789.35,1773.24,1768.1,Yes,2024-10-31 00:00:00,1991.45,10.8,56d
INFY,1d,EMA10/EMA20,2024-06-07 00:00:00,1533.6,,,2024-09-04 00:00:00,1921.1,1927.2,1900.05,1922.45,,,Between Slow & Fast EMA,60,1453.92,1448.23,1916.14,1881.24,1900.05,Yes,2024-09-06 00:00:00,1940.0,0.91,2d
INFY,1d,EMA10/EMA20,2024-06-07 00:00:00,1533.6,,,2024-09-05 00:00:00,1926.25,1940.0,1909.6,1933.15,,,Between Slow & Fast EMA,61,1453.92,1448.23,1919.23,1886.18,1909.6,Yes,2024-09-06 00:00:00,1936.5,0.17,1d
INFY,1d,EMA10/EMA20,2024-06-07 00:00:00,1533.6,,,2024-09-10 00:00:00,1904.9,1935.0,1896.0,1912.3,,,Between Slow & Fast EMA,64,1453.92,1448.23,1912.2,1890.62,1896.0,Yes,2024-09-18 00:00:00,1958.6,2.42,6d
INFY,1d,EMA10/EMA20,2024-06-07 00:00:00,1533.6,,,2024-09-12 00:00:00,1925.0,1956.4,1910.8,1950.45,,,Between Slow & Fast EMA,66,1453.92,1448.23,1918.85,1898.0,1910.8,Yes,2024-09-18 00:00:00,1958.6,0.42,4d
INFY,1d,EMA10/EMA20,2024-10-04 00:00:00,1918.15,,,2024-10-08 00:00:00,1937.9,1957.95,1906.35,1948.55,,,At/Below Slow EMA,2,1903.35,1902.93,1916.17,1909.98,1906.35,Yes,2024-10-18 00:00:00,1991.45,2.2,8d
INFY,1d,EMA10/EMA20,2024-10-04 00:00:00,1918.15,,,2024-10-11 00:00:00,1918.0,1947.0,1910.1,1935.1,,,At/Below Slow EMA,5,1903.35,1902.93,1924.49,1916.48,1910.1,Yes,2024-10-18 00:00:00,1991.45,2.91,5d
INFY,1d,EMA10/EMA20,2024-10-04 00:00:00,1918.15,,,2024-10-17 00:00:00,1935.2,1978.0,1930.15,1968.1,,,Between Slow & Fast EMA,9,1903.35,1902.93,1939.43,1928.04,1930.15,Yes,2024-10-18 00:00:00,1936.85,-1.59,1d
INFY,1d,EMA10/EMA20,2024-11-22 00:00:00,1902.25,,,2024-12-02 00:00:00,1859.0,1882.8,1835.2,1879.8,,,At/Below Slow EMA,6,1846.35,1845.89,1872.41,1864.06,1835.2,Yes,2025-01-17 00:00:00,2006.45,6.74,33d
INFY,1d,EMA10/EMA20,2024-11-22 00:00:00,1902.25,,,2024-12-03 00:00:00,1887.0,1899.75,1871.15,1892.1,,,Between Slow & Fast EMA,7,1846.35,1845.89,1875.99,1866.73,1871.15,Yes,2024-12-24 00:00:00,2006.45,6.04,15d
INFY,1d,EMA10/EMA20,2024-11-22 00:00:00,1902.25,,,2024-12-04 00:00:00,1884.0,1913.95,1875.0,1889.25,,,Between Slow & Fast EMA,8,1846.35,1845.89,1878.4,1868.88,1875.0,Yes,2024-12-24 00:00:00,2006.45,6.2,14d
INFY,1d,EMA10/EMA20,2025-01-03 00:00:00,1938.75,,,2025-01-08 00:00:00,1930.0,1938.6,1888.75,1933.15,,,At/Below Slow EMA,3,1923.24,1922.14,1927.95,1925.17,1888.75,Yes,2025-01-17 00:00:00,1982.8,2.57,7d
INFY,1d,EMA10/EMA20,2025-01-03 00:00:00,1938.75,,,2025-01-10 00:00:00,1937.0,1977.8,1932.25,1966.95,,,Between Slow & Fast EMA,5,1923.24,1922.14,1933.46,1928.47,1932.25,Yes,2025-01-14 00:00:00,1982.8,0.81,2d
INFY,1d,EMA10/EMA20,2025-01-03 00:00:00,1938.75,,,2025-01-15 00:00:00,1947.0,1958.05,1937.1,1949.65,,,Between Slow & Fast EMA,8,1923.24,1922.14,1940.88,1934.11,1937.1,Yes,2025-01-16 00:00:00,1966.95,0.89,1d
INFY,1d,EMA10/EMA20,2025-05-09 00:00:00,1507.6,,,2025-05-21 00:00:00,1567.9,1571.0,1552.1,1568.5,,,Between Slow & Fast EMA,8,1498.77,1498.57,1562.22,1544.23,1552.1,Yes,2025-05-22 00:00:00,1560.8,-0.49,1d
INFY,1d,EMA10/EMA20,2025-05-09 00:00:00,1507.6,,,2025-05-23 00:00:00,1550.0,1587.2,1550.0,1564.8,,,Between Slow & Fast EMA,10,1498.77,1498.57,1560.5,1546.47,1550.0,Yes,2025-06-02 00:00:00,1608.9,2.82,6d
INFY,1d,EMA10/EMA20,2025-05-09 00:00:00,1507.6,,,2025-05-26 00:00:00,1566.6,1583.8,1562.7,1580.5,,,Between Slow & Fast EMA,11,1498.77,1498.57,1564.14,1549.71,1562.7,Yes,2025-05-27 00:00:00,1582.9,0.15,1d
INFY,1d,EMA10/EMA20,2025-05-09 00:00:00,1507.6,,,2025-06-06 00:00:00,1554.7,1568.9,1543.1,1563.8,,,At/Below Slow EMA,20,1498.77,1498.57,1559.73,1555.89,1543.1,Yes,2025-07-25 00:00:00,1649.0,5.45,35d
INFY,1d,EMA10/EMA20,2025-05-09 00:00:00,1507.6,,,2025-06-13 00:00:00,1576.0,1609.0,1570.2,1602.0,,,At/Below Slow EMA,25,1498.77,1498.57,1588.06,1574.6,1570.2,Yes,2025-07-11 00:00:00,1649.0,2.93,20d
INFY,1d,EMA10/EMA20,2025-05-09 00:00:00,1507.6,,,2025-06-20 00:00:00,1619.0,1630.7,1608.9,1622.9,,,Between Slow & Fast EMA,30,1498.77,1498.57,1612.44,1595.27,1608.9,Yes,2025-06-23 00:00:00,1601.0,-1.35,1d
INFY,1d,EMA10/EMA20,2025-05-09 00:00:00,1507.6,,,2025-06-25 00:00:00,1590.0,1619.9,1585.1,1614.9,,,At/Below Slow EMA,33,1498.77,1498.57,1604.84,1595.08,1585.1,Yes,2025-07-11 00:00:00,1649.0,2.11,12d
INFY,1d,EMA10/EMA20,2025-05-09 00:00:00,1507.6,,,2025-06-26 00:00:00,1608.8,1624.0,1606.6,1616.0,,,Between Slow & Fast EMA,34,1498.77,1498.57,1606.87,1597.07,1606.6,Yes,2025-06-27 00:00:00,1629.6,0.84,1d
INFY,1d,EMA10/EMA20,2025-05-09 00:00:00,1507.6,,,2025-07-04 00:00:00,1625.0,1643.4,1612.3,1640.7,,,Between Slow & Fast EMA,40,1498.77,1498.57,1614.88,1605.76,1612.3,Yes,2025-07-10 00:00:00,1646.2,0.34,4d
INFY,1d,EMA10/EMA20,2025-10-23 00:00:00,1528.5,,,2025-10-28 00:00:00,1499.7,1506.5,1490.5,1500.2,,,Between Slow & Fast EMA,3,1482.58,1482.13,1494.25,1489.15,1490.5,Yes,2025-10-30 00:00:00,1520.2,1.33,2d
INFY,1d,EMA10/EMA20,2025-10-23 00:00:00,1528.5,,,2025-10-29 00:00:00,1500.2,1520.2,1496.9,1510.4,,,Between Slow & Fast EMA,4,1482.58,1482.13,1497.19,1491.18,1496.9,Yes,2025-10-30 00:00:00,1508.2,-0.15,1d
INFY,1d,EMA10/EMA20,2025-11-10 00:00:00,1513.5,,,2025-11-19 00:00:00,1490.5,1543.0,1490.5,1541.1,,,At/Below Slow EMA,7,1488.36,1487.78,1512.3,1504.7,1490.5,Yes,2026-02-06 00:00:00,1728.0,12.13,55d
INFY,1d,EMA10/EMA20,2025-11-10 00:00:00,1513.5,,,2025-11-26 00:00:00,1532.1,1560.3,1532.1,1557.9,,,Between Slow & Fast EMA,12,1488.36,1487.78,1532.89,1520.25,1532.1,Yes,2026-02-04 00:00:00,1728.0,10.92,48d
INFY,1d,EMA10/EMA20,2025-11-10 00:00:00,1513.5,,,2025-12-03 00:00:00,1555.1,1586.0,1554.1,1578.7,,,Between Slow & Fast EMA,17,1488.36,1487.78,1554.63,1538.49,1554.1,Yes,2026-02-04 00:00:00,1728.0,9.46,43d
INFY,1d,EMA10/EMA20,2025-11-10 00:00:00,1513.5,,,2025-12-15 00:00:00,1585.0,1610.8,1585.0,1606.8,,,Between Slow & Fast EMA,25,1488.36,1487.78,1591.51,1572.94,1585.0,Yes,2026-01-05 00:00:00,1693.2,5.38,14d
INFY,1d,EMA10/EMA20,2025-11-10 00:00:00,1513.5,,,2025-12-17 00:00:00,1587.2,1606.9,1586.0,1602.0,,,Between Slow & Fast EMA,27,1488.36,1487.78,1593.63,1577.43,1586.0,Yes,2026-01-05 00:00:00,1693.2,5.69,12d
INFY,1d,EMA10/EMA20,2025-11-10 00:00:00,1513.5,,,2026-01-02 00:00:00,1635.9,1643.5,1627.5,1640.4,,,Between Slow & Fast EMA,38,1488.36,1487.78,1634.07,1620.53,1627.5,Yes,2026-01-05 00:00:00,1637.0,-0.21,1d
INFY,1d,EMA10/EMA20,2025-11-10 00:00:00,1513.5,,,2026-01-07 00:00:00,1615.0,1642.0,1615.0,1639.0,,,At/Below Slow EMA,41,1488.36,1487.78,1628.35,1620.47,1615.0,Yes,2026-01-08 00:00:00,1644.3,0.32,1d
INFY,1d,EMA10/EMA20,2026-01-16 00:00:00,1689.8,,,2026-01-21 00:00:00,1651.0,1657.0,1631.2,1654.4,,,At/Below Slow EMA,3,1626.31,1621.06,1642.94,1632.19,1631.2,Yes,2026-01-30 00:00:00,1689.4,2.12,6d
INFY,1d,EMA10/EMA20,2026-01-16 00:00:00,1689.8,,,2026-01-29 00:00:00,1658.0,1666.5,1642.1,1659.5,,,At/Below Slow EMA,8,1626.31,1621.06,1658.75,1646.41,1642.1,Yes,2026-01-30 00:00:00,1655.0,-0.27,1d
INFY,1d,EMA10/EMA20,2026-04-08 00:00:00,1346.2,,,2026-04-21 00:00:00,1310.0,1325.0,1299.3,1313.2,,,At/Below Slow EMA,8,1300.04,1298.45,1308.36,1304.56,1299.3,Yes,2026-04-22 00:00:00,1297.7,-1.18,1d
INFY,1d,EMA21/EMA50,2024-01-15 00:00:00,1652.1,1543.6,1537.5,2024-02-14 00:00:00,1660.2,1669.45,1635.5,1666.2,1657.73,1613.77,Between Slow & Fast EMA,21,,,,,1635.5,Yes,2024-03-04 00:00:00,1711.5,2.72,14d
INFY,1d,EMA21/EMA50,2024-01-15 00:00:00,1652.1,1543.6,1537.5,2024-02-22 00:00:00,1665.0,1684.6,1644.4,1681.35,1668.41,1628.52,Between Slow & Fast EMA,27,,,,,1644.4,Yes,2024-03-04 00:00:00,1698.45,1.02,8d
INFY,1d,EMA21/EMA50,2024-01-15 00:00:00,1652.1,1543.6,1537.5,2024-02-28 00:00:00,1670.0,1687.8,1662.05,1671.25,1668.23,1634.34,Between Slow & Fast EMA,31,,,,,1662.05,Yes,2024-02-29 00:00:00,1682.25,0.66,1d
INFY,1d,EMA21/EMA50,2024-01-15 00:00:00,1652.1,1543.6,1537.5,2024-02-29 00:00:00,1665.0,1682.25,1653.3,1673.9,1668.74,1635.89,Between Slow & Fast EMA,32,,,,,1653.3,Yes,2024-03-01 00:00:00,1671.95,-0.12,1d
INFY,1d,EMA21/EMA50,2024-01-15 00:00:00,1652.1,1543.6,1537.5,2024-03-14 00:00:00,1614.4,1657.75,1608.0,1653.3,1641.88,1632.58,At/Below Slow EMA,42,,,,,1608.0,Yes,2024-03-18 00:00:00,1645.8,-0.45,2d
INFY,1d,EMA21/EMA50,2024-06-21 00:00:00,1532.7,1481.03,1479.55,2024-08-12 00:00:00,1773.05,1803.5,1768.1,1797.4,1770.32,1686.89,Between Slow & Fast EMA,35,,,,,1768.1,Yes,2024-10-31 00:00:00,1991.45,10.8,56d
INFY,1d,EMA21/EMA50,2024-06-21 00:00:00,1532.7,1481.03,1479.55,2024-10-01 00:00:00,1875.0,1908.95,1875.0,1904.35,1901.48,1852.01,Between Slow & Fast EMA,70,,,,,1875.0,Yes,2024-10-18 00:00:00,1991.45,4.57,12d
INFY,1d,EMA21/EMA50,2024-06-21 00:00:00,1532.7,1481.03,1479.55,2024-10-04 00:00:00,1889.55,1954.1,1886.0,1918.15,1902.32,1856.16,Between Slow & Fast EMA,72,,,,,1886.0,Yes,2024-10-18 00:00:00,1991.45,3.82,10d
INFY,1d,EMA21/EMA50,2024-06-21 00:00:00,1532.7,1481.03,1479.55,2024-10-08 00:00:00,1937.9,1957.95,1906.35,1948.55,1909.17,1862.73,Between Slow & Fast EMA,74,,,,,1906.35,Yes,2024-10-18 00:00:00,1991.45,2.2,8d
INFY,1d,EMA21/EMA50,2024-06-21 00:00:00,1532.7,1481.03,1479.55,2024-10-11 00:00:00,1918.0,1947.0,1910.1,1935.1,1915.61,1870.94,Between Slow & Fast EMA,77,,,,,1910.1,Yes,2024-10-18 00:00:00,1991.45,2.91,5d
INFY,1d,EMA21/EMA50,2024-11-27 00:00:00,1924.5,1863.24,1859.8,2024-12-02 00:00:00,1859.0,1882.8,1835.2,1879.8,1863.8,1860.4,At/Below Slow EMA,3,,,,,1835.2,Yes,2025-01-17 00:00:00,2006.45,6.74,33d
INFY,1d,EMA21/EMA50,2024-11-27 00:00:00,1924.5,1863.24,1859.8,2024-12-19 00:00:00,1934.0,1959.75,1920.0,1946.2,1931.17,1898.4,Between Slow & Fast EMA,16,,,,,1920.0,Yes,2024-12-20 00:00:00,1979.95,1.73,1d
INFY,1d,EMA21/EMA50,2024-11-27 00:00:00,1924.5,1863.24,1859.8,2025-01-02 00:00:00,1887.0,1962.65,1885.3,1957.85,1919.93,1902.4,At/Below Slow EMA,25,,,,,1885.3,Yes,2025-01-17 00:00:00,1982.8,1.27,11d
INFY,1d,EMA21/EMA50,2024-11-27 00:00:00,1924.5,1863.24,1859.8,2025-01-08 00:00:00,1930.0,1938.6,1888.75,1933.15,1924.67,1907.23,At/Below Slow EMA,29,,,,,1888.75,Yes,2025-01-17 00:00:00,1982.8,2.57,7d
INFY,1d,EMA21/EMA50,2025-06-16 00:00:00,1623.8,1578.15,1577.31,2025-06-25 00:00:00,1590.0,1619.9,1585.1,1614.9,1594.03,1585.86,At/Below Slow EMA,7,,,,,1585.1,Yes,2025-07-11 00:00:00,1649.0,2.11,12d
INFY,1d,EMA21/EMA50,2025-06-16 00:00:00,1623.8,1578.15,1577.31,2025-07-16 00:00:00,1579.0,1612.0,1578.5,1607.9,1605.33,1597.07,At/Below Slow EMA,22,,,,,1578.5,Yes,2025-07-21 00:00:00,1610.0,0.13,3d
INFY,1d,EMA21/EMA50,2025-11-12 00:00:00,1551.7,1497.07,1495.97,2025-11-17 00:00:00,1496.0,1510.2,1492.5,1507.6,1501.86,1498.34,At/Below Slow EMA,3,,,,,1492.5,Yes,2025-11-18 00:00:00,1506.0,-0.11,1d
INFY,1d,EMA21/EMA50,2025-11-12 00:00:00,1551.7,1497.07,1495.97,2025-11-19 00:00:00,1490.5,1543.0,1490.5,1541.1,1504.15,1499.57,At/Below Slow EMA,5,,,,,1490.5,Yes,2026-02-06 00:00:00,1728.0,12.13,55d
INFY,1d,EMA21/EMA50,2025-11-12 00:00:00,1551.7,1497.07,1495.97,2026-01-01 00:00:00,1615.4,1639.6,1614.1,1629.8,1616.77,1577.94,Between Slow & Fast EMA,35,,,,,1614.1,Yes,2026-01-05 00:00:00,1643.5,0.84,2d
INFY,1d,EMA21/EMA50,2025-11-12 00:00:00,1551.7,1497.07,1495.97,2026-01-07 00:00:00,1615.0,1642.0,1615.0,1639.0,1619.25,1584.83,Between Slow & Fast EMA,39,,,,,1615.0,Yes,2026-01-08 00:00:00,1644.3,0.32,1d
INFY,1d,EMA21/EMA50,2025-11-12 00:00:00,1551.7,1497.07,1495.97,2026-01-29 00:00:00,1658.0,1666.5,1642.1,1659.5,1645.24,1612.79,Between Slow & Fast EMA,53,,,,,1642.1,Yes,2026-01-30 00:00:00,1655.0,-0.27,1d
INFY,1d,EMA21/EMA50,2025-11-12 00:00:00,1551.7,1497.07,1495.97,2026-02-01 00:00:00,1630.0,1677.3,1604.0,1654.5,1645.73,1615.49,At/Below Slow EMA,55,,,,,1604.0,Yes,2026-02-04 00:00:00,1728.0,4.44,3d
INFY,1h,EMA10/EMA20,2026-01-01 10:15:00,1626.2,,,2026-01-01 11:15:00,1626.0,1638.7,1625.0,1635.4,,,Between Slow & Fast EMA,1,1623.09,1622.76,1625.33,1623.97,1625.0,Yes,2026-01-05 09:15:00,1643.5,0.5,12h
INFY,1h,EMA10/EMA20,2026-01-01 10:15:00,1626.2,,,2026-01-01 15:15:00,1629.4,1631.7,1626.9,1629.5,,,Between Slow & Fast EMA,5,1623.09,1622.76,1629.12,1626.8,1626.9,Yes,2026-01-05 09:15:00,1643.5,0.86,8h
INFY,1h,EMA10/EMA20,2026-01-22 14:15:00,1663.3,,,2026-01-23 14:15:00,1663.2,1672.1,1662.3,1670.2,,,At/Below Slow EMA,7,1658.08,1657.83,1665.49,1662.84,1662.3,Yes,2026-01-27 09:15:00,1685.8,0.93,2h
INFY,1h,EMA10/EMA20,2026-03-04 11:15:00,1302.3,,,2026-03-05 12:15:00,1298.1,1302.0,1295.4,1300.7,,,At/Below Slow EMA,8,1297.13,1297.05,1299.67,1299.14,1295.4,Yes,2026-03-09 09:15:00,1326.5,1.98,11h
INFY,1h,EMA10/EMA20,2026-03-04 11:15:00,1302.3,,,2026-03-05 14:15:00,1297.7,1311.2,1297.0,1303.9,,,At/Below Slow EMA,10,1297.13,1297.05,1300.22,1299.51,1297.0,Yes,2026-03-09 09:15:00,1326.5,1.73,9h
INFY,1h,EMA10/EMA20,2026-03-04 11:15:00,1302.3,,,2026-03-06 09:15:00,1303.0,1326.5,1303.0,1319.0,,,Between Slow & Fast EMA,12,1297.13,1297.05,1304.39,1301.86,1303.0,Yes,2026-03-09 09:15:00,1320.9,0.14,7h
INFY,1h,EMA10/EMA20,2026-03-04 11:15:00,1302.3,,,2026-03-06 13:15:00,1307.9,1311.8,1305.4,1310.0,,,Between Slow & Fast EMA,16,1297.13,1297.05,1308.19,1305.06,1305.4,Yes,2026-03-09 09:15:00,1314.5,0.34,3h
INFY,1h,EMA10/EMA20,2026-03-04 11:15:00,1302.3,,,2026-03-06 15:15:00,1310.0,1312.4,1306.6,1311.0,,,Between Slow & Fast EMA,18,1297.13,1297.05,1308.95,1306.04,1306.6,Yes,2026-03-09 09:15:00,1300.7,-0.79,1h
INFY,1h,EMA10/EMA20,2026-03-23 09:15:00,1248.5,,,2026-03-23 10:15:00,1248.7,1256.6,1245.7,1249.7,,,At/Below Slow EMA,1,1245.99,1245.82,1246.67,1246.19,1245.7,Yes,2026-03-23 11:15:00,1255.0,0.42,1h
INFY,1h,EMA10/EMA20,2026-03-23 09:15:00,1248.5,,,2026-03-23 11:15:00,1249.2,1255.0,1243.6,1252.1,,,At/Below Slow EMA,2,1245.99,1245.82,1247.66,1246.75,1243.6,Yes,2026-03-23 12:15:00,1252.1,0.0,1h
INFY,1h,EMA10/EMA20,2026-03-23 09:15:00,1248.5,,,2026-03-23 13:15:00,1246.4,1258.4,1244.0,1256.3,,,At/Below Slow EMA,4,1245.99,1245.82,1248.98,1247.59,1244.0,Yes,2026-03-30 14:15:00,1297.0,3.24,29h
INFY,1h,EMA10/EMA20,2026-03-23 09:15:00,1248.5,,,2026-03-25 09:15:00,1270.0,1282.6,1265.1,1281.4,,,At/Below Slow EMA,14,1245.99,1245.82,1275.69,1267.03,1265.1,Yes,2026-03-27 15:15:00,1294.7,1.04,13h
INFY,1h,EMA10/EMA20,2026-03-23 09:15:00,1248.5,,,2026-03-27 12:15:00,1278.1,1281.4,1275.3,1280.1,,,At/Below Slow EMA,24,1245.99,1245.82,1280.05,1276.16,1275.3,Yes,2026-03-27 13:15:00,1282.0,0.15,1h
INFY,1h,EMA10/EMA20,2026-04-01 10:15:00,1296.0,,,2026-04-01 15:15:00,1276.4,1279.1,1276.3,1278.0,,,Between Slow & Fast EMA,5,1271.39,1270.14,1277.63,1274.84,1276.3,Yes,2026-04-02 09:15:00,1276.5,-0.12,1h
INFY,1h,EMA10/EMA20,2026-04-02 13:15:00,1294.5,,,2026-04-07 09:15:00,1302.0,1322.4,1294.4,1321.0,,,At/Below Slow EMA,10,1276.58,1274.71,1306.15,1296.94,1294.4,Yes,2026-04-10 09:15:00,1376.6,4.21,21h
INFY,1h,EMA10/EMA20,2026-04-02 13:15:00,1294.5,,,2026-04-09 14:15:00,1328.5,1337.3,1325.0,1334.6,,,At/Below Slow EMA,29,1276.58,1274.71,1331.75,1328.15,1325.0,Yes,2026-04-10 09:15:00,1334.6,0.0,2h
INFY,1h,EMA10/EMA20,2026-04-15 15:15:00,1305.0,,,2026-04-16 14:15:00,1311.1,1324.2,1309.6,1317.2,,,Between Slow & Fast EMA,6,1298.92,1298.33,1310.24,1306.04,1309.6,Yes,2026-04-17 09:15:00,1328.3,0.84,2h
INFY,1h,EMA10/EMA20,2026-04-15 15:15:00,1305.0,,,2026-04-17 09:15:00,1313.0,1328.3,1306.9,1315.4,,,At/Below Slow EMA,8,1298.92,1298.33,1312.04,1307.79,1306.9,Yes,2026-04-21 09:15:00,1324.8,0.71,14h
INFY,1h,EMA10/EMA20,2026-04-15 15:15:00,1305.0,,,2026-04-17 11:15:00,1312.6,1318.5,1309.9,1315.1,,,Between Slow & Fast EMA,10,1298.92,1298.33,1312.69,1308.91,1309.9,Yes,2026-04-17 13:15:00,1315.2,0.01,2h
INFY,1h,EMA10/EMA20,2026-04-15 15:15:00,1305.0,,,2026-04-17 13:15:00,1310.9,1312.8,1308.5,1312.6,,,At/Below Slow EMA,12,1298.92,1298.33,1312.39,1309.42,1308.5,Yes,2026-04-17 14:15:00,1319.2,0.5,1h
INFY,1h,EMA10/EMA20,2026-04-15 15:15:00,1305.0,,,2026-04-17 14:15:00,1312.7,1319.2,1307.6,1318.7,,,At/Below Slow EMA,13,1298.92,1298.33,1313.54,1310.31,1307.6,Yes,2026-04-21 09:15:00,1324.8,0.46,9h
INFY,1h,EMA10/EMA20,2026-04-15 15:15:00,1305.0,,,2026-04-20 10:15:00,1311.9,1316.8,1310.0,1316.6,,,At/Below Slow EMA,16,1298.92,1298.33,1314.62,1311.79,1310.0,Yes,2026-04-20 15:15:00,1323.0,0.49,5h
INFY,1h,EMA10/EMA20,2026-04-15 15:15:00,1305.0,,,2026-04-21 10:15:00,1313.9,1319.8,1312.0,1318.4,,,At/Below Slow EMA,23,1298.92,1298.33,1314.72,1313.27,1312.0,Yes,2026-04-21 13:15:00,1325.0,0.5,3h
INFY,1h,EMA10/EMA20,2026-04-15 15:15:00,1305.0,,,2026-04-21 11:15:00,1318.2,1324.0,1315.9,1323.3,,,Between Slow & Fast EMA,24,1298.92,1298.33,1316.28,1314.23,1315.9,Yes,2026-04-21 12:15:00,1325.0,0.13,1h
INFY,1h,EMA10/EMA20,2026-04-15 15:15:00,1305.0,,,2026-04-21 15:15:00,1312.3,1315.8,1311.8,1314.6,,,At/Below Slow EMA,28,1298.92,1298.33,1314.36,1313.73,1311.8,Yes,2026-04-22 09:15:00,1295.0,-1.49,1h
INFY,1h,EMA10/EMA20,2026-04-30 14:15:00,1180.9,,,2026-05-04 10:15:00,1178.5,1180.9,1175.3,1178.8,,,At/Below Slow EMA,3,1176.05,1175.6,1177.85,1176.79,1175.3,Yes,2026-05-04 11:15:00,1179.6,0.07,1h
INFY,1h,EMA21/EMA50,2026-01-16 10:15:00,1684.8,1613.97,1612.86,2026-01-22 11:15:00,1659.0,1662.2,1654.5,1660.4,1657.44,1648.19,Between Slow & Fast EMA,29,,,,,1654.5,Yes,2026-01-22 12:15:00,1663.5,0.19,1h
INFY,1h,EMA21/EMA50,2026-01-16 10:15:00,1684.8,1613.97,1612.86,2026-01-22 14:15:00,1656.1,1666.6,1654.2,1663.3,1657.69,1649.33,Between Slow & Fast EMA,32,,,,,1654.2,Yes,2026-01-28 11:15:00,1689.1,1.55,18h
INFY,1h,EMA21/EMA50,2026-01-16 10:15:00,1684.8,1613.97,1612.86,2026-01-23 14:15:00,1663.2,1672.1,1662.3,1670.2,1662.6,1653.82,Between Slow & Fast EMA,39,,,,,1662.3,Yes,2026-01-27 09:15:00,1685.8,0.93,2h
INFY,1h,EMA21/EMA50,2026-03-24 12:15:00,1290.0,1259.3,1257.77,2026-03-25 09:15:00,1270.0,1282.6,1265.1,1281.4,1266.43,1261.35,Between Slow & Fast EMA,4,,,,,1265.1,Yes,2026-03-27 15:15:00,1294.7,1.04,13h
INFY,1h,EMA21/EMA50,2026-03-24 12:15:00,1290.0,1259.3,1257.77,2026-03-27 12:15:00,1278.1,1281.4,1275.3,1280.1,1275.7,1268.16,Between Slow & Fast EMA,14,,,,,1275.3,Yes,2026-03-27 13:15:00,1282.0,0.15,1h
INFY,1h,EMA21/EMA50,2026-04-01 09:15:00,1298.0,1267.47,1266.24,2026-04-02 12:15:00,1266.0,1273.7,1263.2,1273.6,1272.57,1269.83,At/Below Slow EMA,10,,,,,1263.2,Yes,2026-04-22 10:15:00,1376.6,8.09,82h
INFY,1h,EMA21/EMA50,2026-04-01 09:15:00,1298.0,1267.47,1266.24,2026-04-02 13:15:00,1273.1,1294.5,1272.7,1294.5,1274.56,1270.8,Between Slow & Fast EMA,11,,,,,1272.7,Yes,2026-04-13 09:15:00,1376.6,6.34,38h
INFY,1h,EMA21/EMA50,2026-04-01 09:15:00,1298.0,1267.47,1266.24,2026-04-07 09:15:00,1302.0,1322.4,1294.4,1321.0,1296.23,1283.5,Between Slow & Fast EMA,21,,,,,1294.4,Yes,2026-04-10 09:15:00,1376.6,4.21,21h
INFY,1h,EMA21/EMA50,2026-04-01 09:15:00,1298.0,1267.47,1266.24,2026-04-09 12:15:00,1325.0,1331.9,1324.5,1330.5,1326.73,1308.82,Between Slow & Fast EMA,38,,,,,1324.5,Yes,2026-04-10 09:15:00,1337.3,0.51,4h
INFY,1h,EMA21/EMA50,2026-04-01 09:15:00,1298.0,1267.47,1266.24,2026-04-09 14:15:00,1328.5,1337.3,1325.0,1334.6,1327.56,1310.56,Between Slow & Fast EMA,40,,,,,1325.0,Yes,2026-04-10 09:15:00,1334.6,0.0,2h
INFY,1h,EMA21/EMA50,2026-04-16 10:15:00,1320.9,1302.38,1301.61,2026-04-17 09:15:00,1313.0,1328.3,1306.9,1315.4,1307.58,1304.29,Between Slow & Fast EMA,6,,,,,1306.9,Yes,2026-04-21 09:15:00,1324.8,0.71,14h
INFY,1h,EMA21/EMA50,2026-04-16 10:15:00,1320.9,1302.38,1301.61,2026-04-17 13:15:00,1310.9,1312.8,1308.5,1312.6,1309.22,1305.55,Between Slow & Fast EMA,10,,,,,1308.5,Yes,2026-04-17 14:15:00,1319.2,0.5,1h
INFY,1h,EMA21/EMA50,2026-04-16 10:15:00,1320.9,1302.38,1301.61,2026-04-17 14:15:00,1312.7,1319.2,1307.6,1318.7,1310.08,1306.06,Between Slow & Fast EMA,11,,,,,1307.6,Yes,2026-04-21 09:15:00,1324.8,0.46,9h
INFY,1h,EMA21/EMA50,2026-04-16 10:15:00,1320.9,1302.38,1301.61,2026-04-20 10:15:00,1311.9,1316.8,1310.0,1316.6,1311.56,1307.2,Between Slow & Fast EMA,14,,,,,1310.0,Yes,2026-04-20 15:15:00,1323.0,0.49,5h
INFY,1h,EMA21/EMA50,2026-04-16 10:15:00,1320.9,1302.38,1301.61,2026-04-21 09:15:00,1310.0,1314.0,1299.4,1313.6,1312.58,1308.66,At/Below Slow EMA,20,,,,,1299.4,Yes,2026-04-22 09:15:00,1325.0,0.87,7h
INFY,1h,EMA21/EMA50,2026-04-16 10:15:00,1320.9,1302.38,1301.61,2026-04-21 10:15:00,1313.9,1319.8,1312.0,1318.4,1313.11,1309.04,Between Slow & Fast EMA,21,,,,,1312.0,Yes,2026-04-21 13:15:00,1325.0,0.5,3h
INFY,1h,EMA21/EMA50,2026-04-16 10:15:00,1320.9,1302.38,1301.61,2026-04-21 15:15:00,1312.3,1315.8,1311.8,1314.6,1313.61,1310.06,Between Slow & Fast EMA,26,,,,,1311.8,Yes,2026-04-22 09:15:00,1295.0,-1.49,1h
RELIANCE,1d,EMA10/EMA20,2024-01-11 00:00:00,1359.9,,,2024-01-25 00:00:00,1342.95,1364.15,1335.2,1353.08,,,At/Below Slow EMA,10,1313.98,1309.27,1349.44,1340.2,1335.2,Yes,2024-10-23 00:00:00,1608.8,18.9,184d
RELIANCE,1d,EMA10/EMA20,2024-01-11 00:00:00,1359.9,,,2024-01-29 00:00:00,1364.5,1452.5,1360.17,1448.05,,,Between Slow & Fast EMA,11,1313.98,1309.27,1367.37,1350.47,1360.17,Yes,2024-06-04 00:00:00,1514.5,4.59,86d
RELIANCE,1d,EMA10/EMA20,2024-01-11 00:00:00,1359.9,,,2024-02-19 00:00:00,1462.05,1479.5,1453.53,1474.0,,,Between Slow & Fast EMA,26,1313.98,1309.27,1457.25,1432.9,1453.53,Yes,2024-02-28 00:00:00,1499.95,1.76,7d
RELIANCE,1d,EMA10/EMA20,2024-01-11 00:00:00,1359.9,,,2024-02-22 00:00:00,1468.15,1484.95,1458.0,1481.75,,,Between Slow & Fast EMA,29,1313.98,1309.27,1464.94,1443.52,1458.0,Yes,2024-02-28 00:00:00,1499.95,1.23,4d
RELIANCE,1d,EMA10/EMA20,2024-01-11 00:00:00,1359.9,,,2024-03-01 00:00:00,1463.5,1500.0,1462.5,1492.12,,,Between Slow & Fast EMA,35,1313.98,1309.27,1473.93,1459.24,1462.5,Yes,2024-03-13 00:00:00,1512.45,1.36,8d
RELIANCE,1d,EMA10/EMA20,2024-01-11 00:00:00,1359.9,,,2024-03-06 00:00:00,1493.45,1509.0,1478.5,1503.0,,,Between Slow & Fast EMA,39,1313.98,1309.27,1488.9,1472.94,1478.5,Yes,2024-03-07 00:00:00,1503.1,0.01,1d
RELIANCE,1d,EMA10/EMA20,2024-03-28 00:00:00,1485.85,,,2024-04-08 00:00:00,1462.97,1490.97,1461.0,1485.97,,,At/Below Slow EMA,6,1461.57,1459.7,1470.57,1466.51,1461.0,Yes,2024-04-15 00:00:00,1489.8,0.26,4d
RELIANCE,1d,EMA10/EMA20,2024-03-28 00:00:00,1485.85,,,2024-04-10 00:00:00,1466.35,1487.0,1466.35,1479.58,,,At/Below Slow EMA,8,1461.57,1459.7,1471.18,1467.51,1466.35,Yes,2024-04-12 00:00:00,1486.47,0.47,1d
RELIANCE,1d,EMA10/EMA20,2024-03-28 00:00:00,1485.85,,,2024-04-19 00:00:00,1456.78,1474.0,1443.03,1470.12,,,At/Below Slow EMA,13,1461.57,1459.7,1468.35,1467.14,1443.03,Yes,2024-04-25 00:00:00,1493.5,1.59,4d
RELIANCE,1d,EMA10/EMA20,2024-03-28 00:00:00,1485.85,,,2024-04-22 00:00:00,1472.45,1482.83,1467.8,1479.85,,,At/Below Slow EMA,14,1461.57,1459.7,1470.44,1468.35,1467.8,Yes,2024-04-23 00:00:00,1493.5,0.92,1d
RELIANCE,1d,EMA10/EMA20,2024-06-07 00:00:00,1469.95,,,2024-06-14 00:00:00,1470.0,1479.67,1457.22,1477.55,,,Between Slow & Fast EMA,5,1444.62,1444.17,1459.33,1453.28,1457.22,Yes,2024-06-19 00:00:00,1487.5,0.67,2d
RELIANCE,1d,EMA10/EMA20,2024-06-07 00:00:00,1469.95,,,2024-06-20 00:00:00,1459.0,1482.85,1450.1,1473.7,,,At/Below Slow EMA,8,1444.62,1444.17,1464.48,1457.85,1450.1,Yes,2024-06-21 00:00:00,1474.7,0.07,1d
RELIANCE,1d,EMA10/EMA20,2024-06-07 00:00:00,1469.95,,,2024-06-26 00:00:00,1446.05,1518.97,1445.12,1514.03,,,At/Below Slow EMA,12,1444.62,1444.17,1468.13,1461.35,1445.12,Yes,2024-08-05 00:00:00,1608.8,6.26,27d
RELIANCE,1d,EMA10/EMA20,2024-06-07 00:00:00,1469.95,,,2024-07-18 00:00:00,1576.0,1593.9,1557.83,1586.67,,,Between Slow & Fast EMA,27,1444.62,1444.17,1578.24,1554.02,1557.83,Yes,2024-07-19 00:00:00,1589.97,0.21,1d
RELIANCE,1d,EMA10/EMA20,2024-08-27 00:00:00,1500.45,,,2024-08-29 00:00:00,1503.1,1537.0,1494.0,1520.92,,,At/Below Slow EMA,2,1494.19,1493.97,1499.66,1496.91,1494.0,Yes,2024-09-05 00:00:00,1539.72,1.24,5d
RELIANCE,1d,EMA10/EMA20,2024-08-27 00:00:00,1500.45,,,2024-09-04 00:00:00,1500.7,1517.5,1499.5,1514.55,,,At/Below Slow EMA,6,1494.19,1493.97,1506.79,1502.05,1499.5,Yes,2024-09-05 00:00:00,1525.78,0.74,1d
RELIANCE,1d,EMA10/EMA20,2024-09-26 00:00:00,1497.95,,,2024-09-27 00:00:00,1499.0,1533.47,1492.0,1526.17,,,Between Slow & Fast EMA,1,1485.74,1484.95,1493.09,1488.88,1492.0,Yes,2024-09-30 00:00:00,1524.97,-0.08,1d
RELIANCE,1d,EMA10/EMA20,2025-04-21 00:00:00,1295.5,,,2025-05-21 00:00:00,1423.9,1436.2,1418.1,1429.2,,,Between Slow & Fast EMA,21,1245.39,1241.45,1424.53,1395.15,1418.1,Yes,2025-05-22 00:00:00,1423.8,-0.38,1d
RELIANCE,1d,EMA10/EMA20,2025-04-21 00:00:00,1295.5,,,2025-05-23 00:00:00,1406.6,1433.8,1406.6,1426.8,,,Between Slow & Fast EMA,23,1245.39,1241.45,1422.69,1399.39,1406.6,Yes,2025-06-02 00:00:00,1441.0,1.0,6d
RELIANCE,1d,EMA10/EMA20,2025-04-21 00:00:00,1295.5,,,2025-06-04 00:00:00,1414.7,1425.7,1406.1,1423.5,,,At/Below Slow EMA,31,1245.39,1241.45,1418.47,1409.66,1406.1,Yes,2025-07-24 00:00:00,1551.0,8.96,36d
RELIANCE,1d,EMA10/EMA20,2025-04-21 00:00:00,1295.5,,,2025-06-16 00:00:00,1426.9,1442.4,1424.4,1437.8,,,At/Below Slow EMA,39,1245.39,1241.45,1435.32,1426.59,1424.4,Yes,2025-07-21 00:00:00,1551.0,7.87,25d
RELIANCE,1d,EMA10/EMA20,2025-04-21 00:00:00,1295.5,,,2025-06-20 00:00:00,1431.0,1471.0,1428.1,1466.2,,,At/Below Slow EMA,43,1245.39,1241.45,1439.59,1431.54,1428.1,Yes,2025-07-21 00:00:00,1551.0,5.78,21d
RELIANCE,1d,EMA10/EMA20,2025-04-21 00:00:00,1295.5,,,2025-06-23 00:00:00,1453.0,1463.8,1442.0,1456.8,,,Between Slow & Fast EMA,44,1245.39,1241.45,1442.72,1433.94,1442.0,Yes,2025-07-21 00:00:00,1551.0,6.47,20d
RELIANCE,1d,EMA10/EMA20,2025-10-17 00:00:00,1416.8,,,2025-11-10 00:00:00,1477.9,1501.0,1475.5,1489.3,,,Between Slow & Fast EMA,14,1386.82,1384.15,1478.04,1457.82,1475.5,Yes,2026-01-08 00:00:00,1611.8,8.23,42d
RELIANCE,1d,EMA10/EMA20,2025-10-17 00:00:00,1416.8,,,2025-11-25 00:00:00,1535.9,1559.6,1525.1,1539.7,,,Between Slow & Fast EMA,25,1386.82,1384.15,1525.96,1504.8,1525.1,Yes,2025-12-04 00:00:00,1581.3,2.7,7d
RELIANCE,1d,EMA10/EMA20,2025-10-17 00:00:00,1416.8,,,2025-12-11 00:00:00,1536.9,1550.0,1524.0,1545.0,,,At/Below Slow EMA,37,1386.82,1384.15,1541.11,1532.97,1524.0,Yes,2026-01-06 00:00:00,1611.8,4.32,17d
RELIANCE,1d,EMA10/EMA20,2025-10-17 00:00:00,1416.8,,,2025-12-26 00:00:00,1554.7,1561.0,1554.3,1559.2,,,Between Slow & Fast EMA,47,1386.82,1384.15,1557.37,1549.23,1554.3,Yes,2025-12-29 00:00:00,1558.1,-0.07,1d
RELIANCE,1d,EMA10/EMA20,2025-10-17 00:00:00,1416.8,,,2025-12-31 00:00:00,1541.0,1577.0,1541.0,1570.4,,,At/Below Slow EMA,50,1386.82,1384.15,1555.7,1550.15,1541.0,Yes,2026-01-06 00:00:00,1611.8,2.64,4d
RELIANCE,1d,EMA10/EMA20,2026-04-29 00:00:00,1425.4,,,2026-05-08 00:00:00,1426.0,1442.8,1417.5,1435.2,,,Between Slow & Fast EMA,6,1369.6,1364.86,1420.81,1400.44,1417.5,No,Not Hit,,,0d
RELIANCE,1d,EMA21/EMA50,2024-01-11 00:00:00,1359.9,1309.07,1306.96,2024-01-24 00:00:00,1335.22,1349.5,1323.92,1343.88,1337.97,1323.4,Between Slow & Fast EMA,9,,,,,1323.92,Yes,2024-10-24 00:00:00,1608.8,19.71,186d
RELIANCE,1d,EMA21/EMA50,2024-01-11 00:00:00,1359.9,1309.07,1306.96,2024-01-25 00:00:00,1342.95,1364.15,1335.2,1353.08,1339.35,1324.57,Between Slow & Fast EMA,10,,,,,1335.2,Yes,2024-10-23 00:00:00,1608.8,18.9,184d
RELIANCE,1d,EMA21/EMA50,2024-01-11 00:00:00,1359.9,1309.07,1306.96,2024-03-12 00:00:00,1466.6,1488.0,1465.03,1475.42,1471.78,1431.23,Between Slow & Fast EMA,42,,,,,1465.03,Yes,2024-03-13 00:00:00,1483.1,0.52,1d
RELIANCE,1d,EMA21/EMA50,2024-01-11 00:00:00,1359.9,1309.07,1306.96,2024-03-22 00:00:00,1449.97,1460.0,1447.35,1455.03,1454.31,1433.05,Between Slow & Fast EMA,50,,,,,1447.35,Yes,2024-03-26 00:00:00,1452.4,-0.18,1d
RELIANCE,1d,EMA21/EMA50,2024-01-11 00:00:00,1359.9,1309.07,1306.96,2024-03-27 00:00:00,1448.0,1500.0,1447.0,1492.85,1456.76,1435.71,Between Slow & Fast EMA,52,,,,,1447.0,Yes,2024-04-15 00:00:00,1505.95,0.88,11d
RELIANCE,1d,EMA21/EMA50,2024-01-11 00:00:00,1359.9,1309.07,1306.96,2024-04-08 00:00:00,1462.97,1490.97,1461.0,1485.97,1466.12,1445.67,Between Slow & Fast EMA,59,,,,,1461.0,Yes,2024-04-15 00:00:00,1489.8,0.26,4d
RELIANCE,1d,EMA21/EMA50,2024-01-11 00:00:00,1359.9,1309.07,1306.96,2024-04-10 00:00:00,1466.35,1487.0,1466.35,1479.58,1467.14,1447.68,Between Slow & Fast EMA,61,,,,,1466.35,Yes,2024-04-12 00:00:00,1486.47,0.47,1d
RELIANCE,1d,EMA21/EMA50,2024-01-11 00:00:00,1359.9,1309.07,1306.96,2024-04-19 00:00:00,1456.78,1474.0,1443.03,1470.12,1466.92,1451.09,At/Below Slow EMA,66,,,,,1443.03,Yes,2024-04-25 00:00:00,1493.5,1.59,4d
RELIANCE,1d,EMA21/EMA50,2024-01-11 00:00:00,1359.9,1309.07,1306.96,2024-04-22 00:00:00,1472.45,1482.83,1467.8,1479.85,1468.09,1452.21,Between Slow & Fast EMA,67,,,,,1467.8,Yes,2024-04-23 00:00:00,1493.5,0.92,1d
RELIANCE,1d,EMA21/EMA50,2024-01-11 00:00:00,1359.9,1309.07,1306.96,2024-04-29 00:00:00,1450.0,1467.9,1450.0,1465.03,1464.15,1453.18,At/Below Slow EMA,72,,,,,1450.0,Yes,2024-05-03 00:00:00,1483.08,1.23,3d
RELIANCE,1d,EMA21/EMA50,2024-06-10 00:00:00,1471.4,1446.67,1445.43,2024-06-20 00:00:00,1459.0,1482.85,1450.1,1473.7,1457.41,1451.02,At/Below Slow EMA,7,,,,,1450.1,Yes,2024-06-21 00:00:00,1474.7,0.07,1d
RELIANCE,1d,EMA21/EMA50,2024-06-10 00:00:00,1471.4,1446.67,1445.43,2024-06-26 00:00:00,1446.05,1518.97,1445.12,1514.03,1460.87,1453.38,At/Below Slow EMA,11,,,,,1445.12,Yes,2024-08-05 00:00:00,1608.8,6.26,27d
RELIANCE,1d,EMA21/EMA50,2024-08-30 00:00:00,1509.62,1498.18,1497.61,2024-09-04 00:00:00,1500.7,1517.5,1499.5,1514.55,1501.93,1499.38,Between Slow & Fast EMA,3,,,,,1499.5,Yes,2024-09-05 00:00:00,1525.78,0.74,1d
RELIANCE,1d,EMA21/EMA50,2025-04-22 00:00:00,1291.2,1245.85,1244.83,2025-06-02 00:00:00,1412.1,1417.5,1395.6,1413.7,1406.72,1358.35,Between Slow & Fast EMA,28,,,,,1395.6,Yes,2025-07-25 00:00:00,1551.0,9.71,39d
RELIANCE,1d,EMA21/EMA50,2025-04-22 00:00:00,1291.2,1245.85,1244.83,2025-06-04 00:00:00,1414.7,1425.7,1406.1,1423.5,1408.14,1362.68,Between Slow & Fast EMA,30,,,,,1406.1,Yes,2025-07-24 00:00:00,1551.0,8.96,36d
RELIANCE,1d,EMA21/EMA50,2025-04-22 00:00:00,1291.2,1245.85,1244.83,2025-06-13 00:00:00,1424.0,1435.5,1414.3,1427.9,1424.12,1381.9,Between Slow & Fast EMA,37,,,,,1414.3,Yes,2025-07-22 00:00:00,1551.0,8.62,27d
RELIANCE,1d,EMA21/EMA50,2025-04-22 00:00:00,1291.2,1245.85,1244.83,2025-06-16 00:00:00,1426.9,1442.4,1424.4,1437.8,1425.36,1384.1,Between Slow & Fast EMA,38,,,,,1424.4,Yes,2025-07-21 00:00:00,1551.0,7.87,25d
RELIANCE,1d,EMA21/EMA50,2025-04-22 00:00:00,1291.2,1245.85,1244.83,2025-06-18 00:00:00,1430.0,1442.8,1425.7,1430.1,1426.27,1387.68,Between Slow & Fast EMA,40,,,,,1425.7,Yes,2025-07-21 00:00:00,1551.0,8.45,23d
RELIANCE,1d,EMA21/EMA50,2025-04-22 00:00:00,1291.2,1245.85,1244.83,2025-06-19 00:00:00,1430.1,1439.9,1425.7,1433.3,1426.91,1389.46,Between Slow & Fast EMA,41,,,,,1425.7,Yes,2025-07-21 00:00:00,1551.0,8.21,22d
RELIANCE,1d,EMA21/EMA50,2025-04-22 00:00:00,1291.2,1245.85,1244.83,2025-06-20 00:00:00,1431.0,1471.0,1428.1,1466.2,1430.48,1392.47,Between Slow & Fast EMA,42,,,,,1428.1,Yes,2025-07-21 00:00:00,1551.0,5.78,21d
RELIANCE,1d,EMA21/EMA50,2025-10-21 00:00:00,1465.2,1398.37,1396.42,2025-12-05 00:00:00,1530.4,1545.8,1520.6,1540.6,1528.45,1487.79,Between Slow & Fast EMA,31,,,,,1520.6,Yes,2025-12-09 00:00:00,1551.0,0.68,2d
RELIANCE,1d,EMA21/EMA50,2025-10-21 00:00:00,1465.2,1398.37,1396.42,2025-12-11 00:00:00,1536.9,1550.0,1524.0,1545.0,1531.71,1495.31,Between Slow & Fast EMA,35,,,,,1524.0,Yes,2026-01-06 00:00:00,1611.8,4.32,17d
RELIANCE,1d,EMA21/EMA50,2025-10-21 00:00:00,1465.2,1398.37,1396.42,2025-12-18 00:00:00,1535.2,1551.5,1535.2,1544.4,1537.92,1504.95,Between Slow & Fast EMA,40,,,,,1535.2,Yes,2026-01-06 00:00:00,1611.8,4.36,12d
RELIANCE,1d,EMA21/EMA50,2025-10-21 00:00:00,1465.2,1398.37,1396.42,2025-12-31 00:00:00,1541.0,1577.0,1541.0,1570.4,1549.36,1520.04,Between Slow & Fast EMA,48,,,,,1541.0,Yes,2026-01-06 00:00:00,1611.8,2.64,4d
RELIANCE,1h,EMA10/EMA20,2026-01-29 12:15:00,1394.8,,,2026-01-29 13:15:00,1394.6,1399.9,1392.0,1398.6,,,At/Below Slow EMA,1,1393.85,1393.75,1394.72,1394.22,1392.0,Yes,2026-01-29 14:15:00,1401.9,0.24,1h
RELIANCE,1h,EMA10/EMA20,2026-01-30 15:15:00,1397.0,,,2026-02-01 09:15:00,1396.0,1406.0,1388.0,1404.8,,,At/Below Slow EMA,1,1392.94,1392.78,1395.1,1393.93,1388.0,Yes,2026-02-01 12:15:00,1411.0,0.44,3h
RELIANCE,1h,EMA10/EMA20,2026-02-03 09:15:00,1443.9,,,2026-02-05 10:15:00,1447.3,1451.8,1443.5,1448.9,,,Between Slow & Fast EMA,15,1391.32,1387.41,1448.2,1436.34,1443.5,Yes,2026-02-05 12:15:00,1449.5,0.04,2h
RELIANCE,1h,EMA10/EMA20,2026-02-03 09:15:00,1443.9,,,2026-02-06 10:15:00,1437.9,1448.8,1437.5,1448.0,,,At/Below Slow EMA,22,1391.32,1387.41,1444.35,1439.71,1437.5,Yes,2026-02-06 12:15:00,1448.5,0.03,2h
RELIANCE,1h,EMA10/EMA20,2026-02-03 09:15:00,1443.9,,,2026-02-06 14:15:00,1442.4,1451.4,1440.0,1450.4,,,At/Below Slow EMA,26,1391.32,1387.41,1444.51,1441.22,1440.0,Yes,2026-02-13 09:15:00,1473.0,1.56,30h
RELIANCE,1h,EMA10/EMA20,2026-02-03 09:15:00,1443.9,,,2026-02-11 10:15:00,1458.0,1465.5,1458.0,1462.6,,,Between Slow & Fast EMA,43,1391.32,1387.41,1459.04,1456.47,1458.0,Yes,2026-02-12 11:15:00,1473.0,0.71,8h
RELIANCE,1h,EMA10/EMA20,2026-02-03 09:15:00,1443.9,,,2026-02-11 11:15:00,1462.5,1466.6,1459.9,1466.4,,,Between Slow & Fast EMA,44,1391.32,1387.41,1460.38,1457.42,1459.9,Yes,2026-02-12 11:15:00,1473.0,0.45,7h
RELIANCE,1h,EMA10/EMA20,2026-02-24 13:15:00,1427.0,,,2026-02-24 14:15:00,1426.7,1430.7,1422.7,1429.3,,,At/Below Slow EMA,1,1423.22,1422.97,1424.33,1423.57,1422.7,Yes,2026-02-25 12:15:00,1440.5,0.78,5h
RELIANCE,1h,EMA10/EMA20,2026-03-05 14:15:00,1387.8,,,2026-03-06 15:15:00,1404.8,1409.7,1401.0,1407.0,,,Between Slow & Fast EMA,8,1373.25,1371.84,1402.56,1392.84,1401.0,Yes,2026-03-09 09:15:00,1412.9,0.42,1h
RELIANCE,1h,EMA10/EMA20,2026-03-05 14:15:00,1387.8,,,2026-03-09 12:15:00,1398.8,1407.9,1397.0,1403.7,,,Between Slow & Fast EMA,12,1373.25,1371.84,1401.33,1395.26,1397.0,Yes,2026-03-11 09:15:00,1433.6,2.13,11h
RELIANCE,1h,EMA10/EMA20,2026-03-05 14:15:00,1387.8,,,2026-03-09 13:15:00,1403.6,1410.2,1402.3,1408.7,,,Between Slow & Fast EMA,13,1373.25,1371.84,1402.67,1396.54,1402.3,Yes,2026-03-10 09:15:00,1431.5,1.62,3h
RELIANCE,1h,EMA10/EMA20,2026-03-05 14:15:00,1387.8,,,2026-03-10 13:15:00,1408.3,1415.8,1407.3,1414.0,,,Between Slow & Fast EMA,20,1373.25,1371.84,1410.79,1405.37,1407.3,Yes,2026-03-10 14:15:00,1415.3,0.09,1h
RELIANCE,1h,EMA10/EMA20,2026-03-05 14:15:00,1387.8,,,2026-03-10 15:15:00,1408.6,1412.2,1405.7,1410.9,,,At/Below Slow EMA,22,1373.25,1371.84,1410.47,1406.17,1405.7,Yes,2026-03-11 09:15:00,1433.6,1.61,1h
RELIANCE,1h,EMA10/EMA20,2026-03-17 10:15:00,1397.9,,,2026-03-17 12:15:00,1393.7,1400.8,1388.2,1400.2,,,At/Below Slow EMA,2,1390.65,1390.6,1392.83,1391.77,1388.2,Yes,2026-03-19 09:15:00,1412.9,0.91,11h
RELIANCE,1h,EMA10/EMA20,2026-03-17 10:15:00,1397.9,,,2026-03-18 09:15:00,1397.2,1412.1,1397.2,1406.5,,,Between Slow & Fast EMA,6,1390.65,1390.6,1397.69,1395.0,1397.2,Yes,2026-03-19 09:15:00,1412.9,0.46,7h
RELIANCE,1h,EMA10/EMA20,2026-03-17 10:15:00,1397.9,,,2026-03-19 09:15:00,1388.0,1408.0,1388.0,1406.5,,,At/Below Slow EMA,13,1390.65,1390.6,1405.7,1401.84,1388.0,Yes,2026-03-19 14:15:00,1415.7,0.65,5h
RELIANCE,1h,EMA10/EMA20,2026-03-24 09:15:00,1413.8,,,2026-03-24 10:15:00,1413.3,1415.9,1406.7,1413.7,,,At/Below Slow EMA,1,1407.73,1407.22,1408.81,1407.84,1406.7,Yes,2026-03-27 09:15:00,1430.4,1.18,13h
RELIANCE,1h,EMA10/EMA20,2026-03-24 09:15:00,1413.8,,,2026-03-24 12:15:00,1411.4,1420.1,1408.5,1416.3,,,At/Below Slow EMA,3,1407.73,1407.22,1410.57,1408.96,1408.5,Yes,2026-03-24 14:15:00,1416.7,0.03,2h
RELIANCE,1h,EMA10/EMA20,2026-03-24 09:15:00,1413.8,,,2026-03-24 15:15:00,1411.5,1414.6,1408.2,1414.0,,,At/Below Slow EMA,6,1407.73,1407.22,1411.53,1409.91,1408.2,Yes,2026-03-27 09:15:00,1430.4,1.16,8h
RELIANCE,1h,EMA10/EMA20,2026-04-08 12:15:00,1343.5,,,2026-04-09 10:15:00,1336.5,1339.0,1331.5,1336.9,,,At/Below Slow EMA,5,1326.42,1324.87,1336.26,1331.83,1331.5,Yes,2026-04-09 14:15:00,1339.7,0.21,4h
RELIANCE,1h,EMA10/EMA20,2026-04-08 12:15:00,1343.5,,,2026-04-10 09:15:00,1337.0,1350.9,1333.1,1347.2,,,At/Below Slow EMA,11,1326.42,1324.87,1336.04,1333.48,1333.1,Yes,2026-04-13 09:15:00,1352.3,0.38,7h
RELIANCE,1h,EMA10/EMA20,2026-04-08 12:15:00,1343.5,,,2026-04-10 14:15:00,1348.0,1352.3,1342.5,1349.9,,,Between Slow & Fast EMA,16,1326.42,1324.87,1343.95,1339.38,1342.5,Yes,2026-04-13 09:15:00,1351.6,0.13,2h
RELIANCE,1h,EMA10/EMA20,2026-04-15 12:15:00,1339.4,,,2026-04-16 10:15:00,1334.1,1340.6,1333.5,1338.5,,,At/Below Slow EMA,5,1331.65,1331.61,1336.47,1334.71,1333.5,Yes,2026-04-16 12:15:00,1341.5,0.22,2h
RELIANCE,1h,EMA10/EMA20,2026-04-15 12:15:00,1339.4,,,2026-04-16 13:15:00,1331.8,1337.5,1331.3,1336.8,,,At/Below Slow EMA,8,1331.65,1331.61,1335.78,1334.76,1331.3,Yes,2026-04-24 10:15:00,1373.0,2.71,39h
RELIANCE,1h,EMA10/EMA20,2026-04-15 12:15:00,1339.4,,,2026-04-16 14:15:00,1337.0,1345.8,1336.5,1343.1,,,Between Slow & Fast EMA,9,1331.65,1331.61,1337.11,1335.55,1336.5,Yes,2026-04-24 09:15:00,1373.0,2.23,37h
RELIANCE,1h,EMA10/EMA20,2026-04-15 12:15:00,1339.4,,,2026-04-17 09:15:00,1340.0,1351.8,1340.0,1349.7,,,Between Slow & Fast EMA,11,1331.65,1331.61,1340.71,1337.79,1340.0,Yes,2026-04-24 09:15:00,1373.0,1.73,35h
RELIANCE,1h,EMA10/EMA20,2026-04-15 12:15:00,1339.4,,,2026-04-21 10:15:00,1363.5,1369.8,1360.4,1367.0,,,Between Slow & Fast EMA,26,1331.65,1331.61,1364.0,1358.98,1360.4,Yes,2026-04-21 11:15:00,1367.0,0.0,1h
RELIANCE,1h,EMA10/EMA20,2026-04-15 12:15:00,1339.4,,,2026-04-22 10:15:00,1355.9,1365.3,1355.9,1363.9,,,At/Below Slow EMA,33,1331.65,1331.61,1358.73,1357.78,1355.9,Yes,2026-04-23 09:15:00,1365.9,0.15,6h
RELIANCE,1h,EMA10/EMA20,2026-04-15 12:15:00,1339.4,,,2026-04-22 14:15:00,1360.6,1363.5,1358.6,1363.4,,,At/Below Slow EMA,37,1331.65,1331.61,1360.9,1359.4,1358.6,Yes,2026-04-23 09:15:00,1365.9,0.18,2h
RELIANCE,1h,EMA10/EMA20,2026-04-27 14:15:00,1365.0,,,2026-04-30 11:15:00,1400.0,1412.7,1399.7,1411.6,,,Between Slow & Fast EMA,18,1346.28,1345.37,1407.92,1396.32,1399.7,No,Not Hit,1473.4,4.38,39h
RELIANCE,1h,EMA10/EMA20,2026-04-27 14:15:00,1365.0,,,2026-05-05 11:15:00,1452.8,1460.9,1450.0,1460.1,,,Between Slow & Fast EMA,32,1346.28,1345.37,1453.45,1439.04,1450.0,Yes,2026-05-06 10:15:00,1473.2,0.9,6h
RELIANCE,1h,EMA21/EMA50,2026-02-03 11:15:00,1446.4,1397.68,1397.21,2026-02-06 10:15:00,1437.9,1448.8,1437.5,1448.0,1439.03,1424.55,Between Slow & Fast EMA,20,,,,,1437.5,Yes,2026-02-06 12:15:00,1448.5,0.03,2h
RELIANCE,1h,EMA21/EMA50,2026-02-03 11:15:00,1446.4,1397.68,1397.21,2026-02-06 13:15:00,1440.7,1444.5,1438.4,1442.0,1439.73,1426.51,Between Slow & Fast EMA,23,,,,,1438.4,Yes,2026-02-13 09:15:00,1473.0,2.15,31h
RELIANCE,1h,EMA21/EMA50,2026-02-03 11:15:00,1446.4,1397.68,1397.21,2026-02-06 14:15:00,1442.4,1451.4,1440.0,1450.4,1440.7,1427.45,Between Slow & Fast EMA,24,,,,,1440.0,Yes,2026-02-13 09:15:00,1473.0,1.56,30h
RELIANCE,1h,EMA21/EMA50,2026-02-03 11:15:00,1446.4,1397.68,1397.21,2026-02-10 14:15:00,1455.3,1463.3,1454.6,1456.6,1455.07,1441.57,Between Slow & Fast EMA,38,,,,,1454.6,Yes,2026-02-10 15:15:00,1459.1,0.17,1h
RELIANCE,1h,EMA21/EMA50,2026-03-09 09:15:00,1401.6,1393.17,1392.86,2026-03-09 11:15:00,1395.7,1406.0,1391.1,1398.9,1393.92,1393.22,At/Below Slow EMA,2,,,,,1391.1,Yes,2026-03-11 14:15:00,1433.6,2.48,17h
RELIANCE,1h,EMA21/EMA50,2026-03-09 09:15:00,1401.6,1393.17,1392.86,2026-03-10 15:15:00,1408.6,1412.2,1405.7,1410.9,1405.71,1399.99,Between Slow & Fast EMA,13,,,,,1405.7,Yes,2026-03-11 09:15:00,1433.6,1.61,1h
RELIANCE,1h,EMA21/EMA50,2026-03-09 09:15:00,1401.6,1393.17,1392.86,2026-03-12 10:15:00,1393.8,1410.9,1393.5,1406.9,1400.79,1399.18,At/Below Slow EMA,22,,,,,1393.5,Yes,2026-03-12 14:15:00,1410.5,0.26,4h
RELIANCE,1h,EMA21/EMA50,2026-03-18 10:15:00,1412.1,1396.47,1395.66,2026-03-19 09:15:00,1388.0,1408.0,1388.0,1406.5,1401.58,1398.35,At/Below Slow EMA,6,,,,,1388.0,Yes,2026-03-19 14:15:00,1415.7,0.65,5h
RELIANCE,1h,EMA21/EMA50,2026-03-18 10:15:00,1412.1,1396.47,1395.66,2026-03-20 09:15:00,1398.0,1422.5,1398.0,1422.3,1400.63,1398.59,At/Below Slow EMA,13,,,,,1398.0,Yes,2026-03-23 09:15:00,1430.0,0.54,7h
RELIANCE,1h,EMA21/EMA50,2026-03-18 10:15:00,1412.1,1396.47,1395.66,2026-03-23 13:15:00,1400.5,1412.0,1399.0,1409.2,1406.62,1403.16,At/Below Slow EMA,24,,,,,1399.0,Yes,2026-03-27 09:15:00,1430.4,1.5,17h
RELIANCE,1h,EMA21/EMA50,2026-03-18 10:15:00,1412.1,1396.47,1395.66,2026-03-24 10:15:00,1413.3,1415.9,1406.7,1413.7,1407.71,1404.15,Between Slow & Fast EMA,28,,,,,1406.7,Yes,2026-03-27 09:15:00,1430.4,1.18,13h
RELIANCE,1h,EMA21/EMA50,2026-03-18 10:15:00,1412.1,1396.47,1395.66,2026-03-24 12:15:00,1411.4,1420.1,1408.5,1416.3,1408.8,1404.9,Between Slow & Fast EMA,30,,,,,1408.5,Yes,2026-03-24 14:15:00,1416.7,0.03,2h
RELIANCE,1h,EMA21/EMA50,2026-03-18 10:15:00,1412.1,1396.47,1395.66,2026-03-24 15:15:00,1411.5,1414.6,1408.2,1414.0,1409.76,1405.77,Between Slow & Fast EMA,33,,,,,1408.2,Yes,2026-03-27 09:15:00,1430.4,1.16,8h
RELIANCE,1h,EMA21/EMA50,2026-04-17 10:15:00,1361.5,1339.79,1338.9,2026-04-22 10:15:00,1355.9,1365.3,1355.9,1363.9,1357.55,1351.64,Between Slow & Fast EMA,21,,,,,1355.9,Yes,2026-04-23 09:15:00,1365.9,0.15,6h
RELIANCE,1h,EMA21/EMA50,2026-04-17 10:15:00,1361.5,1339.79,1338.9,2026-04-22 14:15:00,1360.6,1363.5,1358.6,1363.4,1359.18,1353.28,Between Slow & Fast EMA,25,,,,,1358.6,Yes,2026-04-23 09:15:00,1365.9,0.18,2h
RELIANCE,1h,EMA21/EMA50,2026-04-28 09:15:00,1362.9,1349.13,1348.83,2026-04-30 10:15:00,1398.6,1400.3,1393.1,1400.2,1393.61,1374.37,Between Slow & Fast EMA,15,,,,,1393.1,No,Not Hit,1473.4,5.23,40h
RELIANCE,1h,EMA21/EMA50,2026-04-28 09:15:00,1362.9,1349.13,1348.83,2026-05-08 15:15:00,1434.5,1437.4,1434.4,1436.0,1435.2,1426.82,Between Slow & Fast EMA,55,,,,,1434.4,No,Not Hit,,,0h
TCS,1d,EMA10/EMA20,2024-01-15 00:00:00,3903.8,,,2024-02-01 00:00:00,3820.0,3904.9,3805.05,3854.15,,,At/Below Slow EMA,12,3781.56,3770.81,3831.82,3821.83,3805.05,Yes,2024-04-19 00:00:00,4254.75,10.39,52d
TCS,1d,EMA10/EMA20,2024-01-15 00:00:00,3903.8,,,2024-02-22 00:00:00,3971.0,4094.95,3971.0,4087.1,,,At/Below Slow EMA,27,3781.56,3770.81,4064.66,4024.1,3971.0,Yes,2024-03-06 00:00:00,4154.9,1.66,10d
TCS,1d,EMA10/EMA20,2024-01-15 00:00:00,3903.8,,,2024-02-27 00:00:00,3999.0,4124.0,3999.0,4104.4,,,At/Below Slow EMA,30,3781.56,3770.81,4060.89,4031.94,3999.0,Yes,2024-03-05 00:00:00,4154.9,1.23,6d
TCS,1d,EMA10/EMA20,2024-01-15 00:00:00,3903.8,,,2024-03-07 00:00:00,4065.0,4124.0,4037.7,4108.6,,,At/Below Slow EMA,38,3781.56,3770.81,4076.56,4059.74,4037.7,Yes,2024-03-19 00:00:00,4254.75,3.56,7d
TCS,1d,EMA10/EMA20,2024-01-15 00:00:00,3903.8,,,2024-03-14 00:00:00,4153.45,4225.0,4086.0,4207.6,,,At/Below Slow EMA,42,3781.56,3770.81,4129.8,4096.26,4086.0,Yes,2024-03-19 00:00:00,4254.75,1.12,3d
TCS,1d,EMA10/EMA20,2024-05-09 00:00:00,3960.2,,,2024-05-13 00:00:00,3884.5,3955.0,3870.0,3947.8,,,At/Below Slow EMA,2,3915.27,3911.96,3918.0,3913.82,3870.0,Yes,2024-05-16 00:00:00,3945.8,-0.05,3d
TCS,1d,EMA10/EMA20,2024-06-26 00:00:00,3855.85,,,2024-06-27 00:00:00,3831.0,3942.0,3818.1,3934.15,,,At/Below Slow EMA,1,3826.45,3825.98,3846.03,3836.28,3818.1,Yes,2025-02-19 00:00:00,4592.25,16.73,164d
TCS,1d,EMA10/EMA20,2024-06-26 00:00:00,3855.85,,,2024-07-12 00:00:00,3980.0,4199.95,3971.3,4183.95,,,Between Slow & Fast EMA,12,3826.45,3825.98,3990.12,3944.64,3971.3,Yes,2024-10-31 00:00:00,4592.25,9.76,76d
TCS,1d,EMA10/EMA20,2024-06-26 00:00:00,3855.85,,,2024-08-14 00:00:00,4209.0,4306.2,4188.15,4295.25,,,At/Below Slow EMA,34,3826.45,3825.98,4237.49,4221.09,4188.15,Yes,2024-10-11 00:00:00,4592.25,6.91,40d
TCS,1d,EMA10/EMA20,2024-06-26 00:00:00,3855.85,,,2024-08-29 00:00:00,4460.0,4556.0,4460.0,4511.8,,,Between Slow & Fast EMA,44,3826.45,3825.98,4465.82,4397.0,4460.0,Yes,2024-09-04 00:00:00,4592.25,1.78,4d
TCS,1d,EMA10/EMA20,2024-06-26 00:00:00,3855.85,,,2024-09-10 00:00:00,4442.45,4539.95,4440.45,4507.85,,,At/Below Slow EMA,52,3826.45,3825.98,4482.08,4448.11,4440.45,Yes,2024-09-12 00:00:00,4549.35,0.92,2d
TCS,1d,EMA10/EMA20,2024-06-26 00:00:00,3855.85,,,2024-09-12 00:00:00,4510.25,4532.6,4431.3,4517.7,,,At/Below Slow EMA,54,3826.45,3825.98,4488.15,4457.43,4431.3,Yes,2024-09-18 00:00:00,4547.0,0.65,4d
TCS,1d,EMA10/EMA20,2024-11-12 00:00:00,4197.4,,,2024-11-14 00:00:00,4135.0,4160.0,4116.45,4145.9,,,At/Below Slow EMA,2,4118.62,4116.99,4128.3,4122.62,4116.45,Yes,2024-11-18 00:00:00,4213.0,1.62,1d
TCS,1d,EMA10/EMA20,2024-11-22 00:00:00,4244.6,,,2024-11-29 00:00:00,4220.0,4298.7,4195.65,4270.85,,,Between Slow & Fast EMA,5,4119.56,4116.2,4230.79,4188.26,4195.65,Yes,2024-12-20 00:00:00,4494.9,5.25,15d
TCS,1d,EMA10/EMA20,2024-11-22 00:00:00,4244.6,,,2024-12-02 00:00:00,4270.0,4288.2,4230.05,4276.65,,,Between Slow & Fast EMA,6,4119.56,4116.2,4239.12,4196.68,4230.05,Yes,2024-12-20 00:00:00,4494.9,5.1,14d
TCS,1d,EMA10/EMA20,2024-11-22 00:00:00,4244.6,,,2024-12-13 00:00:00,4434.95,4494.9,4394.4,4473.9,,,Between Slow & Fast EMA,15,4119.56,4116.2,4406.95,4336.59,4394.4,Yes,2024-12-17 00:00:00,4475.0,0.02,2d
TCS,1d,EMA10/EMA20,2025-05-06 00:00:00,3460.0,,,2025-05-07 00:00:00,3420.6,3459.5,3420.6,3445.1,,,At/Below Slow EMA,1,3429.27,3426.57,3432.15,3428.33,3420.6,Yes,2025-05-09 00:00:00,3477.0,0.93,2d
TCS,1d,EMA10/EMA20,2025-05-06 00:00:00,3460.0,,,2025-05-08 00:00:00,3448.0,3477.0,3428.7,3448.9,,,At/Below Slow EMA,2,3429.27,3426.57,3435.2,3430.29,3428.7,Yes,2025-05-09 00:00:00,3446.2,-0.08,1d
TCS,1d,EMA10/EMA20,2025-05-06 00:00:00,3460.0,,,2025-05-09 00:00:00,3399.0,3446.2,3398.1,3440.3,,,At/Below Slow EMA,3,3429.27,3426.57,3436.12,3431.24,3398.1,Yes,2025-06-04 00:00:00,3630.5,5.53,18d
TCS,1d,EMA10/EMA20,2025-05-06 00:00:00,3460.0,,,2025-05-21 00:00:00,3508.0,3537.0,3498.3,3525.8,,,Between Slow & Fast EMA,11,3429.27,3426.57,3515.95,3491.61,3498.3,Yes,2025-05-22 00:00:00,3497.8,-0.79,1d
TCS,1d,EMA10/EMA20,2025-05-06 00:00:00,3460.0,,,2025-05-23 00:00:00,3477.0,3535.0,3465.6,3514.6,,,At/Below Slow EMA,13,3429.27,3426.57,3509.91,3492.54,3465.6,Yes,2025-05-30 00:00:00,3545.0,0.86,5d
TCS,1d,EMA10/EMA20,2025-05-06 00:00:00,3460.0,,,2025-05-26 00:00:00,3521.0,3545.0,3510.1,3537.3,,,Between Slow & Fast EMA,14,3429.27,3426.57,3514.89,3496.8,3510.1,Yes,2025-05-27 00:00:00,3540.0,0.08,1d
TCS,1d,EMA10/EMA20,2025-10-24 00:00:00,3063.2,,,2025-10-31 00:00:00,3035.0,3067.4,3025.1,3058.0,,,At/Below Slow EMA,5,3016.68,3013.26,3041.61,3030.6,3025.1,Yes,2025-11-03 00:00:00,3058.0,0.0,1d
TCS,1d,EMA10/EMA20,2025-11-11 00:00:00,3047.0,,,2025-11-19 00:00:00,3097.0,3155.0,3083.5,3147.7,,,Between Slow & Fast EMA,6,3025.18,3023.91,3087.76,3064.49,3083.5,Yes,2026-01-21 00:00:00,3328.6,5.75,43d
TCS,1d,EMA10/EMA20,2025-11-11 00:00:00,3047.0,,,2025-11-26 00:00:00,3118.8,3178.0,3117.0,3162.9,,,Between Slow & Fast EMA,11,3025.18,3023.91,3123.51,3095.75,3117.0,Yes,2026-01-20 00:00:00,3328.6,5.24,37d
TCS,1d,EMA10/EMA20,2025-11-11 00:00:00,3047.0,,,2025-12-02 00:00:00,3131.0,3144.0,3120.4,3135.7,,,Between Slow & Fast EMA,15,3025.18,3023.91,3130.2,3108.94,3120.4,Yes,2026-01-20 00:00:00,3328.6,6.15,33d
TCS,1d,EMA10/EMA20,2025-11-11 00:00:00,3047.0,,,2025-12-03 00:00:00,3140.0,3211.9,3139.0,3180.0,,,Between Slow & Fast EMA,16,3025.18,3023.91,3139.26,3115.71,3139.0,Yes,2026-01-20 00:00:00,3328.6,4.67,32d
TCS,1d,EMA10/EMA20,2025-11-11 00:00:00,3047.0,,,2025-12-12 00:00:00,3197.7,3223.0,3185.7,3220.5,,,Between Slow & Fast EMA,23,3025.18,3023.91,3194.24,3165.22,3185.7,Yes,2026-01-08 00:00:00,3328.6,3.36,18d
TCS,1d,EMA10/EMA20,2025-11-11 00:00:00,3047.0,,,2025-12-15 00:00:00,3211.1,3238.2,3197.3,3230.2,,,Between Slow & Fast EMA,24,3025.18,3023.91,3200.78,3171.41,3197.3,Yes,2025-12-16 00:00:00,3220.0,-0.32,1d
TCS,1d,EMA10/EMA20,2025-11-11 00:00:00,3047.0,,,2025-12-17 00:00:00,3200.5,3236.9,3200.5,3217.8,,,Between Slow & Fast EMA,26,3025.18,3023.91,3204.52,3178.73,3200.5,Yes,2025-12-31 00:00:00,3328.6,3.44,9d
TCS,1d,EMA10/EMA20,2025-11-11 00:00:00,3047.0,,,2026-01-02 00:00:00,3234.0,3254.3,3219.5,3250.7,,,At/Below Slow EMA,37,3025.18,3023.91,3249.12,3234.57,3219.5,Yes,2026-01-05 00:00:00,3247.0,-0.11,1d
TCS,1d,EMA10/EMA20,2025-11-11 00:00:00,3047.0,,,2026-01-06 00:00:00,3210.0,3263.2,3205.0,3255.8,,,At/Below Slow EMA,39,3025.18,3023.91,3245.42,3235.0,3205.0,Yes,2026-01-08 00:00:00,3300.6,1.38,2d
TCS,1d,EMA10/EMA20,2025-11-11 00:00:00,3047.0,,,2026-01-07 00:00:00,3242.9,3300.6,3223.2,3295.6,,,At/Below Slow EMA,40,3025.18,3023.91,3254.55,3240.77,3223.2,Yes,2026-01-08 00:00:00,3286.9,-0.26,1d
TCS,1d,EMA10/EMA20,2025-11-11 00:00:00,3047.0,,,2026-01-12 00:00:00,3203.0,3252.0,3174.3,3239.6,,,At/Below Slow EMA,43,3025.18,3023.91,3238.71,3234.94,3174.3,Yes,2026-01-16 00:00:00,3280.0,1.25,3d
TCS,1d,EMA10/EMA20,2025-11-11 00:00:00,3047.0,,,2026-01-13 00:00:00,3245.0,3280.0,3210.5,3268.0,,,At/Below Slow EMA,44,3025.18,3023.91,3244.04,3238.09,3210.5,Yes,2026-01-14 00:00:00,3260.0,-0.24,1d
TCS,1d,EMA21/EMA50,2024-01-16 00:00:00,3861.3,3778.91,3777.02,2024-02-01 00:00:00,3820.0,3904.9,3805.05,3854.15,3820.77,3802.37,Between Slow & Fast EMA,11,,,,,3805.05,Yes,2024-04-19 00:00:00,4254.75,10.39,52d
TCS,1d,EMA21/EMA50,2024-01-16 00:00:00,3861.3,3778.91,3777.02,2024-02-22 00:00:00,3971.0,4094.95,3971.0,4087.1,4019.66,3929.13,Between Slow & Fast EMA,26,,,,,3971.0,Yes,2024-03-06 00:00:00,4154.9,1.66,10d
TCS,1d,EMA21/EMA50,2024-01-16 00:00:00,3861.3,3778.91,3777.02,2024-02-27 00:00:00,3999.0,4124.0,3999.0,4104.4,4028.27,3943.16,Between Slow & Fast EMA,29,,,,,3999.0,Yes,2024-03-05 00:00:00,4154.9,1.23,6d
TCS,1d,EMA21/EMA50,2024-01-16 00:00:00,3861.3,3778.91,3777.02,2024-03-06 00:00:00,3994.05,4072.0,3958.45,4064.3,4052.06,3976.54,At/Below Slow EMA,36,,,,,3958.45,Yes,2024-03-21 00:00:00,4254.75,4.69,10d
TCS,1d,EMA21/EMA50,2024-01-16 00:00:00,3861.3,3778.91,3777.02,2024-03-07 00:00:00,4065.0,4124.0,4037.7,4108.6,4057.2,3981.72,Between Slow & Fast EMA,37,,,,,4037.7,Yes,2024-03-19 00:00:00,4254.75,3.56,7d
TCS,1d,EMA21/EMA50,2024-01-16 00:00:00,3861.3,3778.91,3777.02,2024-03-14 00:00:00,4153.45,4225.0,4086.0,4207.6,4093.06,4009.4,Between Slow & Fast EMA,41,,,,,4086.0,Yes,2024-03-19 00:00:00,4254.75,1.12,3d
TCS,1d,EMA21/EMA50,2024-01-16 00:00:00,3861.3,3778.91,3777.02,2024-04-04 00:00:00,3975.9,4028.65,3935.25,4003.3,3989.52,3987.97,At/Below Slow EMA,54,,,,,3935.25,Yes,2024-04-09 00:00:00,4032.65,0.73,3d
TCS,1d,EMA21/EMA50,2024-07-03 00:00:00,3965.25,3878.29,3873.67,2024-08-09 00:00:00,4217.0,4253.65,4205.55,4228.75,4212.77,4102.5,Between Slow & Fast EMA,26,,,,,4205.55,Yes,2024-08-12 00:00:00,4239.0,0.24,1d
TCS,1d,EMA21/EMA50,2024-07-03 00:00:00,3965.25,3878.29,3873.67,2024-08-14 00:00:00,4209.0,4306.2,4188.15,4295.25,4217.67,4116.99,Between Slow & Fast EMA,29,,,,,4188.15,Yes,2024-10-11 00:00:00,4592.25,6.91,40d
TCS,1d,EMA21/EMA50,2024-07-03 00:00:00,3965.25,3878.29,3873.67,2024-09-10 00:00:00,4442.45,4539.95,4440.45,4507.85,4443.62,4310.97,Between Slow & Fast EMA,47,,,,,4440.45,Yes,2024-09-12 00:00:00,4549.35,0.92,2d
TCS,1d,EMA21/EMA50,2024-07-03 00:00:00,3965.25,3878.29,3873.67,2024-09-12 00:00:00,4510.25,4532.6,4431.3,4517.7,4453.31,4325.43,Between Slow & Fast EMA,49,,,,,4431.3,Yes,2024-09-18 00:00:00,4547.0,0.65,4d
TCS,1d,EMA21/EMA50,2024-12-02 00:00:00,4276.65,4194.54,4191.61,2024-12-18 00:00:00,4311.7,4362.0,4289.6,4347.85,4338.84,4274.1,Between Slow & Fast EMA,12,,,,,4289.6,Yes,2024-12-19 00:00:00,4364.0,0.37,1d
TCS,1d,EMA21/EMA50,2025-11-19 00:00:00,3147.7,3063.08,3062.04,2026-01-02 00:00:00,3234.0,3254.3,3219.5,3250.7,3232.43,3179.64,Between Slow & Fast EMA,31,,,,,3219.5,Yes,2026-01-05 00:00:00,3247.0,-0.11,1d
TCS,1d,EMA21/EMA50,2025-11-19 00:00:00,3147.7,3063.08,3062.04,2026-01-06 00:00:00,3210.0,3263.2,3205.0,3255.8,3233.21,3184.0,Between Slow & Fast EMA,33,,,,,3205.0,Yes,2026-01-08 00:00:00,3300.6,1.38,2d
TCS,1d,EMA21/EMA50,2025-11-19 00:00:00,3147.7,3063.08,3062.04,2026-01-07 00:00:00,3242.9,3300.6,3223.2,3295.6,3238.88,3188.37,Between Slow & Fast EMA,34,,,,,3223.2,Yes,2026-01-08 00:00:00,3286.9,-0.26,1d
TCS,1d,EMA21/EMA50,2025-11-19 00:00:00,3147.7,3063.08,3062.04,2026-01-12 00:00:00,3203.0,3252.0,3174.3,3239.6,3233.75,3191.68,At/Below Slow EMA,37,,,,,3174.3,Yes,2026-01-16 00:00:00,3280.0,1.25,3d
TCS,1d,EMA21/EMA50,2025-11-19 00:00:00,3147.7,3063.08,3062.04,2026-01-13 00:00:00,3245.0,3280.0,3210.5,3268.0,3236.86,3194.67,Between Slow & Fast EMA,38,,,,,3210.5,Yes,2026-01-14 00:00:00,3260.0,-0.24,1d
TCS,1d,EMA21/EMA50,2025-11-19 00:00:00,3147.7,3063.08,3062.04,2026-01-28 00:00:00,3176.0,3205.2,3170.6,3200.1,3193.77,3184.76,At/Below Slow EMA,47,,,,,3170.6,Yes,2026-01-29 00:00:00,3200.1,0.0,1d
TCS,1d,EMA21/EMA50,2025-11-19 00:00:00,3147.7,3063.08,3062.04,2026-02-01 00:00:00,3123.8,3234.0,3105.2,3186.9,3183.66,3181.09,At/Below Slow EMA,50,,,,,3105.2,Yes,2026-02-04 00:00:00,3350.0,5.12,3d
TCS,1h,EMA10/EMA20,2026-01-01 10:15:00,3221.0,,,2026-01-02 09:15:00,3234.0,3239.9,3219.5,3234.7,,,Between Slow & Fast EMA,6,3212.0,3211.05,3223.38,3218.65,3219.5,Yes,2026-01-05 09:15:00,3252.9,0.56,7h
TCS,1h,EMA10/EMA20,2026-01-01 10:15:00,3221.0,,,2026-01-02 14:15:00,3243.6,3252.8,3234.1,3250.4,,,Between Slow & Fast EMA,11,3212.0,3211.05,3236.96,3228.75,3234.1,Yes,2026-01-05 09:15:00,3252.9,0.08,2h
TCS,1h,EMA10/EMA20,2026-01-06 09:15:00,3238.1,,,2026-01-07 09:15:00,3242.9,3280.5,3236.7,3276.3,,,At/Below Slow EMA,7,3226.54,3226.24,3247.18,3238.82,3236.7,Yes,2026-01-08 09:15:00,3300.6,0.74,7h
TCS,1h,EMA10/EMA20,2026-02-01 13:15:00,3199.8,,,2026-02-02 11:15:00,3145.9,3166.0,3134.1,3165.9,,,At/Below Slow EMA,5,3152.58,3148.01,3161.95,3156.25,3134.1,Yes,2026-02-04 09:15:00,3350.0,5.82,12h
TCS,1h,EMA10/EMA20,2026-02-01 13:15:00,3199.8,,,2026-02-02 12:15:00,3165.8,3175.4,3152.6,3172.2,,,At/Below Slow EMA,6,3152.58,3148.01,3163.81,3157.77,3152.6,Yes,2026-02-02 13:15:00,3172.9,0.02,1h
TCS,1h,EMA10/EMA20,2026-02-01 13:15:00,3199.8,,,2026-02-02 14:15:00,3149.6,3175.4,3148.6,3172.2,,,At/Below Slow EMA,8,3152.58,3148.01,3163.24,3158.45,3148.6,Yes,2026-02-04 09:15:00,3350.0,5.6,9h
TCS,1h,EMA10/EMA20,2026-02-26 12:15:00,2641.3,,,2026-02-26 13:15:00,2641.4,2647.0,2635.8,2646.4,,,At/Below Slow EMA,1,2638.67,2638.65,2640.07,2639.39,2635.8,Yes,2026-02-27 14:15:00,2684.9,1.45,8h
TCS,1h,EMA10/EMA20,2026-02-26 12:15:00,2641.3,,,2026-02-26 14:15:00,2646.3,2654.8,2641.0,2648.1,,,Between Slow & Fast EMA,2,2638.67,2638.65,2641.53,2640.22,2641.0,Yes,2026-02-27 11:15:00,2684.9,1.39,4h
TCS,1h,EMA10/EMA20,2026-03-24 11:15:00,2424.3,,,2026-03-24 15:15:00,2397.4,2403.2,2393.6,2400.8,,,At/Below Slow EMA,4,2394.54,2393.05,2400.75,2397.49,2393.6,Yes,2026-03-25 09:15:00,2417.4,0.69,1h
TCS,1h,EMA10/EMA20,2026-03-24 11:15:00,2424.3,,,2026-03-25 09:15:00,2400.9,2417.4,2390.6,2413.0,,,At/Below Slow EMA,5,2394.54,2393.05,2402.98,2398.97,2390.6,Yes,2026-03-25 14:15:00,2421.6,0.36,5h
TCS,1h,EMA10/EMA20,2026-03-27 09:15:00,2408.0,,,2026-03-27 11:15:00,2413.5,2415.9,2402.5,2415.5,,,Between Slow & Fast EMA,2,2399.13,2399.12,2404.27,2401.94,2402.5,Yes,2026-03-27 13:15:00,2422.1,0.27,2h
TCS,1h,EMA10/EMA20,2026-04-01 10:15:00,2446.5,,,2026-04-02 12:15:00,2407.1,2420.4,2403.0,2419.8,,,At/Below Slow EMA,9,2401.68,2397.49,2411.83,2408.09,2403.0,Yes,2026-04-24 12:15:00,2614.0,8.03,98h
TCS,1h,EMA10/EMA20,2026-04-01 10:15:00,2446.5,,,2026-04-02 13:15:00,2419.5,2454.0,2419.1,2453.5,,,Between Slow & Fast EMA,10,2401.68,2397.49,2419.41,2412.42,2419.1,Yes,2026-04-24 11:15:00,2614.0,6.54,96h
TCS,1h,EMA10/EMA20,2026-04-01 10:15:00,2446.5,,,2026-04-07 09:15:00,2461.0,2500.0,2448.0,2499.8,,,At/Below Slow EMA,20,2401.68,2397.49,2467.35,2449.5,2448.0,Yes,2026-04-24 10:15:00,2614.0,4.57,85h
TCS,1h,EMA10/EMA20,2026-04-01 10:15:00,2446.5,,,2026-04-09 09:15:00,2554.0,2578.2,2531.1,2563.4,,,Between Slow & Fast EMA,34,2401.68,2397.49,2550.47,2526.97,2531.1,Yes,2026-04-10 09:15:00,2605.0,1.62,7h
TCS,1h,EMA10/EMA20,2026-04-01 10:15:00,2446.5,,,2026-04-09 10:15:00,2563.8,2570.6,2552.4,2566.0,,,Between Slow & Fast EMA,35,2401.68,2397.49,2553.3,2530.69,2552.4,Yes,2026-04-10 09:15:00,2605.0,1.52,6h
TCS,1h,EMA10/EMA20,2026-04-01 10:15:00,2446.5,,,2026-04-09 14:15:00,2580.6,2595.4,2568.8,2588.6,,,Between Slow & Fast EMA,39,2401.68,2397.49,2572.71,2549.82,2568.8,Yes,2026-04-10 09:15:00,2596.3,0.3,2h
TCS,1h,EMA10/EMA20,2026-04-15 12:15:00,2545.7,,,2026-04-17 09:15:00,2570.0,2588.9,2555.9,2580.8,,,Between Slow & Fast EMA,11,2520.07,2518.66,2566.05,2552.66,2555.9,Yes,2026-04-22 10:15:00,2614.0,1.29,22h
TCS,1h,EMA10/EMA20,2026-04-15 12:15:00,2545.7,,,2026-04-20 11:15:00,2576.4,2593.0,2576.3,2588.8,,,Between Slow & Fast EMA,20,2520.07,2518.66,2578.83,2569.51,2576.3,Yes,2026-04-20 15:15:00,2593.9,0.2,4h
TCS,1h,EMA10/EMA20,2026-04-15 12:15:00,2545.7,,,2026-04-20 13:15:00,2583.5,2586.8,2580.0,2584.3,,,Between Slow & Fast EMA,22,2520.07,2518.66,2580.45,2572.08,2580.0,Yes,2026-04-20 15:15:00,2590.5,0.24,2h
TCS,1h,EMA10/EMA20,2026-04-15 12:15:00,2545.7,,,2026-04-21 09:15:00,2560.0,2593.0,2560.0,2589.5,,,At/Below Slow EMA,25,2520.07,2518.66,2581.5,2574.77,2560.0,Yes,2026-04-22 09:15:00,2614.0,0.95,7h
TCS,1h,EMA10/EMA20,2026-04-15 12:15:00,2545.7,,,2026-04-21 11:15:00,2587.0,2606.9,2584.6,2605.8,,,Between Slow & Fast EMA,27,2520.07,2518.66,2586.63,2578.72,2584.6,Yes,2026-04-22 09:15:00,2614.0,0.31,5h
TCS,1h,EMA10/EMA20,2026-04-29 12:15:00,2485.3,,,2026-04-29 14:15:00,2470.1,2479.1,2467.2,2473.5,,,Between Slow & Fast EMA,2,2466.06,2464.17,2467.96,2465.53,2467.2,Yes,2026-04-29 15:15:00,2475.1,0.06,1h
TCS,1h,EMA10/EMA20,2026-04-30 12:15:00,2468.7,,,2026-04-30 13:15:00,2468.4,2488.0,2467.3,2480.3,,,Between Slow & Fast EMA,1,2464.73,2464.49,2467.56,2466.0,2467.3,Yes,2026-05-04 09:15:00,2498.3,0.73,3h
TCS,1h,EMA21/EMA50,2026-01-01 10:15:00,3221.0,3211.0,3210.43,2026-01-05 11:15:00,3223.3,3231.3,3220.0,3228.3,3227.65,3220.6,At/Below Slow EMA,15,,,,,3220.0,Yes,2026-01-05 14:15:00,3233.8,0.17,3h
TCS,1h,EMA21/EMA50,2026-01-01 10:15:00,3221.0,3211.0,3210.43,2026-01-06 09:15:00,3210.0,3248.0,3206.3,3238.1,3226.07,3221.09,At/Below Slow EMA,20,,,,,3206.3,Yes,2026-01-08 10:15:00,3300.6,1.93,15h
TCS,1h,EMA21/EMA50,2026-01-01 10:15:00,3221.0,3211.0,3210.43,2026-01-07 09:15:00,3242.9,3280.5,3236.7,3276.3,3238.25,3228.06,Between Slow & Fast EMA,27,,,,,3236.7,Yes,2026-01-08 09:15:00,3300.6,0.74,7h
TCS,1h,EMA21/EMA50,2026-04-01 13:15:00,2415.7,2406.05,2405.95,2026-04-01 15:15:00,2410.0,2414.0,2405.3,2411.0,2406.85,2406.31,At/Below Slow EMA,2,,,,,2405.3,Yes,2026-04-02 09:15:00,2417.0,0.25,1h
TCS,1h,EMA21/EMA50,2026-04-01 13:15:00,2415.7,2406.05,2405.95,2026-04-02 11:15:00,2405.3,2414.7,2403.1,2406.6,2406.59,2406.25,At/Below Slow EMA,5,,,,,2403.1,Yes,2026-04-02 12:15:00,2420.4,0.57,1h
TCS,1h,EMA21/EMA50,2026-04-01 13:15:00,2415.7,2406.05,2405.95,2026-04-02 12:15:00,2407.1,2420.4,2403.0,2419.8,2407.79,2406.78,At/Below Slow EMA,6,,,,,2403.0,Yes,2026-04-24 12:15:00,2614.0,8.03,98h
TCS,1h,EMA21/EMA50,2026-04-01 13:15:00,2415.7,2406.05,2405.95,2026-04-07 09:15:00,2461.0,2500.0,2448.0,2499.8,2448.15,2428.44,Between Slow & Fast EMA,17,,,,,2448.0,Yes,2026-04-24 10:15:00,2614.0,4.57,85h
TCS,1h,EMA21/EMA50,2026-04-01 13:15:00,2415.7,2406.05,2405.95,2026-04-15 09:15:00,2501.9,2553.2,2496.6,2549.3,2510.56,2501.15,At/Below Slow EMA,52,,,,,2496.6,Yes,2026-04-24 09:15:00,2614.0,2.54,49h
TCS,1h,EMA21/EMA50,2026-04-01 13:15:00,2415.7,2406.05,2405.95,2026-04-21 09:15:00,2560.0,2593.0,2560.0,2589.5,2573.99,2551.04,Between Slow & Fast EMA,80,,,,,2560.0,Yes,2026-04-22 09:15:00,2614.0,0.95,7h
