Symbol,Sector,Subsector
BEL,Aerospace & Defense,Aerospace & Defense
ROSSELLIND,Aerospace & Defense,Aerospace & Defense
ZENTEC,Aerospace & Defense,Aerospace & Defense
NIBE,Aerospace & Defense,Aerospace & Defense
AVANTEL,Aerospace & Defense,Aerospace & Defense
ASTRAMICRO,Aerospace & Defense,Aerospace & Defense
APOLLO,Aerospace & Defense,Aerospace & Defense
BDL,Aerospace & Defense,Aerospace & Defense
HAL,Aerospace & Defense,Aerospace & Defense
MIDHANI,Aerospace & Defense,Aerospace & Defense
GRSE,Aerospace & Defense,Aerospace & Defense
MTARTECH,Aerospace & Defense,Aerospace & Defense
PARAS,Aerospace & Defense,Aerospace & Defense
DATAPATTNS,Aerospace & Defense,Aerospace & Defense
DCXINDIA,Aerospace & Defense,Aerospace & Defense
IDEAFORGE,Aerospace & Defense,Aerospace & Defense
KRISHNADEF,Aerospace & Defense,Aerospace & Defense
TECHERA,Aerospace & Defense,Aerospace & Defense
ROSSTECH,Aerospace & Defense,Aerospace & Defense
C2C,Aerospace & Defense,Aerospace & Defense
UNIMECH,Aerospace & Defense,Aerospace & Defense
PATANJALI,Agri & Food Products,Edible Oil
NKIND,Agri & Food Products,Edible Oil
MARICO,Agri & Food Products,Edible Oil
ROML,Agri & Food Products,Edible Oil
KRITINUT,Agri & Food Products,Edible Oil
ATFL,Agri & Food Products,Edible Oil
BCLIND,Agri & Food Products,Edible Oil
GOKUL,Agri & Food Products,Edible Oil
GOKULAGRO,Agri & Food Products,Edible Oil
AWL,Agri & Food Products,Edible Oil
MKPL,Agri & Food Products,Edible Oil
SRPL,Agri & Food Products,Edible Oil
SHANTI,Agri & Food Products,Edible Oil
KNAGRI,Agri & Food Products,Edible Oil
RCDL,Agri & Food Products,Edible Oil
RBS,Agri & Food Products,Edible Oil
SUNDROP,Agri & Food Products,Edible Oil
KOHINOOR,Agri & Food Products,Other Agricultural Products
GAEL,Agri & Food Products,Other Agricultural Products
SUKHJITS,Agri & Food Products,Other Agricultural Products
KRBL,Agri & Food Products,Other Agricultural Products
GRMOVER,Agri & Food Products,Other Agricultural Products
LTFOODS,Agri & Food Products,Other Agricultural Products
KSCL,Agri & Food Products,Other Agricultural Products
NATHBIOGEN,Agri & Food Products,Other Agricultural Products
SARVESHWAR,Agri & Food Products,Other Agricultural Products
SANSTAR,Agri & Food Products,Other Agricultural Products
AVTNPL,Agri & Food Products,Other Agricultural Products
CLSEL,Agri & Food Products,Other Agricultural Products
GULPOLY,Agri & Food Products,Other Agricultural Products
AGRITECH,Agri & Food Products,Other Agricultural Products
INDOUS,Agri & Food Products,Other Agricultural Products
MGEL,Agri & Food Products,Other Agricultural Products
SUULD,Agri & Food Products,Other Agricultural Products
BSHSL,Agri & Food Products,Other Agricultural Products
CONTI,Agri & Food Products,Other Agricultural Products
OSWALSEEDS,Agri & Food Products,Other Agricultural Products
DIL,Agri & Food Products,Other Agricultural Products
KCK,Agri & Food Products,Other Agricultural Products
USASEEDS,Agri & Food Products,Other Agricultural Products
NIRMAN,Agri & Food Products,Other Agricultural Products
SHEETAL,Agri & Food Products,Other Agricultural Products
SAIFL,Agri & Food Products,Other Agricultural Products
VISHWAS,Agri & Food Products,Other Agricultural Products
TBI,Agri & Food Products,Other Agricultural Products
DHANLAXMI,Agri & Food Products,Other Agricultural Products
BAJAJHIND,Agri & Food Products,Sugar
BALRAMCHIN,Agri & Food Products,Sugar
BANARISUG,Agri & Food Products,Sugar
DALMIASUG,Agri & Food Products,Sugar
DHAMPURSUG,Agri & Food Products,Sugar
PRUDMOULI,Agri & Food Products,Sugar
RAJSREESUG,Agri & Food Products,Sugar
ZUARIIND,Agri & Food Products,Sugar
SAKHTISUG,Agri & Food Products,Sugar
RANASUG,Agri & Food Products,Sugar
MAWANASUG,Agri & Food Products,Sugar
UGARSUGAR,Agri & Food Products,Sugar
TRIVENI,Agri & Food Products,Sugar
PONNIERODE,Agri & Food Products,Sugar
RENUKA,Agri & Food Products,Sugar
KMSUGAR,Agri & Food Products,Sugar
UTTAMSUGAR,Agri & Food Products,Sugar
KCPSUGIND,Agri & Food Products,Sugar
SIMBHALS,Agri & Food Products,Sugar
VISHWARAJ,Agri & Food Products,Sugar
DCMSRIND,Agri & Food Products,Sugar
DWARKESH,Agri & Food Products,Sugar
AVADHSUGAR,Agri & Food Products,Sugar
MAGADSUGAR,Agri & Food Products,Sugar
DAVANGERE,Agri & Food Products,Sugar
DBOL,Agri & Food Products,Sugar
KOTARISUG,Agri & Food Products,Sugar
DOLLEX,Agri & Food Products,Sugar
MVKAGRO,Agri & Food Products,Sugar
TATACONSUM,Agri & Food Products,Tea & Coffee
JAYSREETEA,Agri & Food Products,Tea & Coffee
NORBTEAEXP,Agri & Food Products,Tea & Coffee
MCLEODRUSS,Agri & Food Products,Tea & Coffee
CCL,Agri & Food Products,Tea & Coffee
GILLANDERS,Agri & Food Products,Tea & Coffee
DTIL,Agri & Food Products,Tea & Coffee
GANGESSECU,Agri & Food Products,Tea & Coffee
GROBTEA,Agri & Food Products,Tea & Coffee
PKTEA,Agri & Food Products,Tea & Coffee
UNITEDTEA,Agri & Food Products,Tea & Coffee
ASHOKLEY,Agri & Heavy Vehicles,Commercial Vehicles
SMLISUZU,Agri & Heavy Vehicles,Commercial Vehicles
ATULAUTO,Agri & Heavy Vehicles,Commercial Vehicles
BEML,Agri & Heavy Vehicles,Construction Vehicles
TIL,Agri & Heavy Vehicles,Construction Vehicles
SANGHVIMOV,Agri & Heavy Vehicles,Construction Vehicles
ACE,Agri & Heavy Vehicles,Construction Vehicles
AJAXENGG,Agri & Heavy Vehicles,Construction Vehicles
ESCORTS,Agri & Heavy Vehicles,Tractors
VSTTILLERS,Agri & Heavy Vehicles,Tractors
INDOFARM,Agri & Heavy Vehicles,Tractors
KALYANI,Agri & Heavy Vehicles,Vehicle Dealers- Commercial & Construction
ARE&M,Auto Components,Auto Components & Equipments
BANCOINDIA,Auto Components,Auto Components & Equipments
EXIDEIND,Auto Components,Auto Components & Equipments
LGBBROSLTD,Auto Components,Auto Components & Equipments
SUNDRMFAST,Auto Components,Auto Components & Equipments
UCAL,Auto Components,Auto Components & Equipments
BHARATFORG,Auto Components,Auto Components & Equipments
BOSCHLTD,Auto Components,Auto Components & Equipments
SETCO,Auto Components,Auto Components & Equipments
TALBROAUTO,Auto Components,Auto Components & Equipments
BHARATGEAR,Auto Components,Auto Components & Equipments
GABRIEL,Auto Components,Auto Components & Equipments
FMGOETZE,Auto Components,Auto Components & Equipments
SCHAEFFLER,Auto Components,Auto Components & Equipments
HINDCOMPOS,Auto Components,Auto Components & Equipments
SSWL,Auto Components,Auto Components & Equipments
SUBROS,Auto Components,Auto Components & Equipments
LUMAXIND,Auto Components,Auto Components & Equipments
MOTHERSON,Auto Components,Auto Components & Equipments
IGARASHI,Auto Components,Auto Components & Equipments
RAJRATAN,Auto Components,Auto Components & Equipments
RICOAUTO,Auto Components,Auto Components & Equipments
OMAXAUTO,Auto Components,Auto Components & Equipments
MUNJALSHOW,Auto Components,Auto Components & Equipments
JAMNAAUTO,Auto Components,Auto Components & Equipments
JTEKTINDIA,Auto Components,Auto Components & Equipments
MUNJALAU,Auto Components,Auto Components & Equipments
JAYBARMARU,Auto Components,Auto Components & Equipments
RACLGEAR,Auto Components,Auto Components & Equipments
HITECHGEAR,Auto Components,Auto Components & Equipments
MMFL,Auto Components,Auto Components & Equipments
MENONBE,Auto Components,Auto Components & Equipments
NRBBEARING,Auto Components,Auto Components & Equipments
STERTOOLS,Auto Components,Auto Components & Equipments
REMSONSIND,Auto Components,Auto Components & Equipments
INDNIPPON,Auto Components,Auto Components & Equipments
SUPRAJIT,Auto Components,Auto Components & Equipments
RKFORGE,Auto Components,Auto Components & Equipments
UNOMINDA,Auto Components,Auto Components & Equipments
JBMA,Auto Components,Auto Components & Equipments
RML,Auto Components,Auto Components & Equipments
SHIVAMAUTO,Auto Components,Auto Components & Equipments
LUMAXTECH,Auto Components,Auto Components & Equipments
PPAP,Auto Components,Auto Components & Equipments
RBL,Auto Components,Auto Components & Equipments
RANEENGINE,Auto Components,Auto Components & Equipments
ZFCVINDIA,Auto Components,Auto Components & Equipments
SHARDAMOTR,Auto Components,Auto Components & Equipments
MINDACORP,Auto Components,Auto Components & Equipments
PRITIKAUTO,Auto Components,Auto Components & Equipments
PRECAM,Auto Components,Auto Components & Equipments
PRICOLLTD,Auto Components,Auto Components & Equipments
TIINDIA,Auto Components,Auto Components & Equipments
SANDHAR,Auto Components,Auto Components & Equipments
VARROC,Auto Components,Auto Components & Equipments
SONACOMS,Auto Components,Auto Components & Equipments
ROLEXRINGS,Auto Components,Auto Components & Equipments
SANSERA,Auto Components,Auto Components & Equipments
SJS,Auto Components,Auto Components & Equipments
UNIPARTS,Auto Components,Auto Components & Equipments
SUNCLAY,Auto Components,Auto Components & Equipments
SUNDRMBRAK,Auto Components,Auto Components & Equipments
WHEELS,Auto Components,Auto Components & Equipments
AUTOAXLES,Auto Components,Auto Components & Equipments
ASAHIINDIA,Auto Components,Auto Components & Equipments
ASAL,Auto Components,Auto Components & Equipments
ALICON,Auto Components,Auto Components & Equipments
CIEINDIA,Auto Components,Auto Components & Equipments
FIEMIND,Auto Components,Auto Components & Equipments
AUTOIND,Auto Components,Auto Components & Equipments
GNA,Auto Components,Auto Components & Equipments
ENDURANCE,Auto Components,Auto Components & Equipments
NDRAUTO,Auto Components,Auto Components & Equipments
CRAFTSMAN,Auto Components,Auto Components & Equipments
MSUMI,Auto Components,Auto Components & Equipments
DIVGIITTS,Auto Components,Auto Components & Equipments
PAVNAIND,Auto Components,Auto Components & Equipments
ASKAUTOLTD,Auto Components,Auto Components & Equipments
KROSS,Auto Components,Auto Components & Equipments
LAKPRE,Auto Components,Auto Components & Equipments
SHRIPISTON,Auto Components,Auto Components & Equipments
SINTERCOM,Auto Components,Auto Components & Equipments
ASLIND,Auto Components,Auto Components & Equipments
GOLDSTAR,Auto Components,Auto Components & Equipments
UWCSL,Auto Components,Auto Components & Equipments
PRECISION,Auto Components,Auto Components & Equipments
SHIGAN,Auto Components,Auto Components & Equipments
PRITIKA,Auto Components,Auto Components & Equipments
TCL,Auto Components,Auto Components & Equipments
MANDEEP,Auto Components,Auto Components & Equipments
FORGEAUTO,Auto Components,Auto Components & Equipments
PREMIUM,Auto Components,Auto Components & Equipments
OBSCP,Auto Components,Auto Components & Equipments
HBLENGINE,Auto Components,Auto Components & Equipments
CARRARO,Auto Components,Auto Components & Equipments
URAVIDEF,Auto Components,Auto Components & Equipments
MAXVOLT,Auto Components,Auto Components & Equipments
BHARATSE,Auto Components,Auto Components & Equipments
IMPAL,Auto Components,Trading - Auto Components
JMA,Auto Components,Trading - Auto Components
MRF,Auto Components,Tyres & Rubber Products
CEATLTD,Auto Components,Tyres & Rubber Products
MODIRUBBER,Auto Components,Tyres & Rubber Products
BALKRISIND,Auto Components,Tyres & Rubber Products
TVSSRICHAK,Auto Components,Tyres & Rubber Products
JKTYRE,Auto Components,Tyres & Rubber Products
TOLINS,Auto Components,Tyres & Rubber Products
APOLLOTYRE,Auto Components,Tyres & Rubber Products
VIAZ,Auto Components,Tyres & Rubber Products
ETML,Auto Components,Tyres & Rubber Products
ITTL,Auto Components,Tyres & Rubber Products
HEROMOTOCO,Automobiles,2-3 Wheelers
EICHERMOT,Automobiles,2-3 Wheelers
TVSMOTOR,Automobiles,2-3 Wheelers
BAJAJ-AUTO,Automobiles,2-3 Wheelers
OLAELEC,Automobiles,2-3 Wheelers
TUNWAL,Automobiles,2-3 Wheelers
DELTIC,Automobiles,2-3 Wheelers
ATHERENERG,Automobiles,2-3 Wheelers
LANDMARK,Automobiles,Auto - Dealer
PVSL,Automobiles,Auto - Dealer
BIKEWO,Automobiles,Auto - Dealer
FORCEMOT,Automobiles,Passenger & Utility Vehicles
HINDMOTORS,Automobiles,Passenger & Utility Vehicles
M&M,Automobiles,Passenger & Utility Vehicles
TATAMOTORS,Automobiles,Passenger & Utility Vehicles
OLECTRA,Automobiles,Passenger & Utility Vehicles
MARUTI,Automobiles,Passenger & Utility Vehicles
HYUNDAI,Automobiles,Passenger & Utility Vehicles
UJJIVANSFB,Banks,Other Bank
SURYODAY,Banks,Other Bank
UTKARSHBNK,Banks,Other Bank
AUBANK,Banks,Other Bank
EQUITASBNK,Banks,Other Bank
FINOPB,Banks,Other Bank
ESAFSFB,Banks,Other Bank
JSFB,Banks,Other Bank
CAPITALSFB,Banks,Other Bank
IDBI,Banks,Private Sector Bank
HDFCBANK,Banks,Private Sector Bank
KOTAKBANK,Banks,Private Sector Bank
FEDERALBNK,Banks,Private Sector Bank
ICICIBANK,Banks,Private Sector Bank
INDUSINDBK,Banks,Private Sector Bank
J&KBANK,Banks,Private Sector Bank
SOUTHBANK,Banks,Private Sector Bank
YESBANK,Banks,Private Sector Bank
KTKBANK,Banks,Private Sector Bank
RBLBANK,Banks,Private Sector Bank
TMB,Banks,Private Sector Bank
DHANBANK,Banks,Private Sector Bank
CUB,Banks,Private Sector Bank
AXISBANK,Banks,Private Sector Bank
DCBBANK,Banks,Private Sector Bank
IDFCFIRSTB,Banks,Private Sector Bank
BANDHANBNK,Banks,Private Sector Bank
CSBBANK,Banks,Private Sector Bank
KARURVYSYA,Banks,Private Sector Bank
SBIN,Banks,Public Sector Bank
IOB,Banks,Public Sector Bank
PNB,Banks,Public Sector Bank
UNIONBANK,Banks,Public Sector Bank
UCOBANK,Banks,Public Sector Bank
PSB,Banks,Public Sector Bank
BANKBARODA,Banks,Public Sector Bank
BANKINDIA,Banks,Public Sector Bank
CANBK,Banks,Public Sector Bank
MAHABANK,Banks,Public Sector Bank
INDIANB,Banks,Public Sector Bank
CENTRALBK,Banks,Public Sector Bank
TI,Beverages,Breweries & Distilleries
IFBAGRO,Beverages,Breweries & Distilleries
GMBREW,Beverages,Breweries & Distilleries
SDBL,Beverages,Breweries & Distilleries
UNITDSPR,Beverages,Breweries & Distilleries
UBL,Beverages,Breweries & Distilleries
RADICO,Beverages,Breweries & Distilleries
RKDL,Beverages,Breweries & Distilleries
SULA,Beverages,Breweries & Distilleries
ASALCBR,Beverages,Breweries & Distilleries
GLOBUSSPR,Beverages,Breweries & Distilleries
ABDL,Beverages,Breweries & Distilleries
AURDIS,Beverages,Breweries & Distilleries
VBL,Beverages,Other Beverages
IVC,Capital Markets,Asset Management Company
NAM-INDIA,Capital Markets,Asset Management Company
UTIAMC,Capital Markets,Asset Management Company
HDFCAMC,Capital Markets,Asset Management Company
ABSLAMC,Capital Markets,Asset Management Company
CAMS,Capital Markets,Depositories & Clearing Houses
KFINTECH,Capital Markets,Depositories & Clearing Houses
CDSL,Capital Markets,Depositories & Clearing Houses
MCX,Capital Markets,Exchange and Data Platform
IEX,Capital Markets,Exchange and Data Platform
BSE,Capital Markets,Exchange and Data Platform
PRUDENT,Capital Markets,Financial Products Distributor
ANANDRATHI,Capital Markets,Financial Products Distributor
SBIBPB,Capital Markets,Mutual Fund Scheme
21STCENMGM,Capital Markets,Other Capital Market Services
ICRA,Capital Markets,Ratings
CARERATING,Capital Markets,Ratings
HYBRIDFIN,Capital Markets,Stockbroking & Allied
DOLATALGO,Capital Markets,Stockbroking & Allied
INDBANK,Capital Markets,Stockbroking & Allied
MONARCH,Capital Markets,Stockbroking & Allied
KHANDSE,Capital Markets,Stockbroking & Allied
MOTILALOFS,Capital Markets,Stockbroking & Allied
ONELIFECAP,Capital Markets,Stockbroking & Allied
SHAREINDIA,Capital Markets,Stockbroking & Allied
SMCGLOBAL,Capital Markets,Stockbroking & Allied
ARIHANTCAP,Capital Markets,Stockbroking & Allied
DBSTOCKBRO,Capital Markets,Stockbroking & Allied
ALMONDZ,Capital Markets,Stockbroking & Allied
GEOJITFSL,Capital Markets,Stockbroking & Allied
EMKAY,Capital Markets,Stockbroking & Allied
BIRLAMONEY,Capital Markets,Stockbroking & Allied
INVENTURE,Capital Markets,Stockbroking & Allied
INDOTHAI,Capital Markets,Stockbroking & Allied
5PAISA,Capital Markets,Stockbroking & Allied
ISEC,Capital Markets,Stockbroking & Allied
360ONE,Capital Markets,Stockbroking & Allied
ANGELONE,Capital Markets,Stockbroking & Allied
NUVAMA,Capital Markets,Stockbroking & Allied
STEELCITY,Capital Markets,Stockbroking & Allied
IIFLCAPS,Capital Markets,Stockbroking & Allied
DAMCAPITAL,Capital Markets,Stockbroking & Allied
KAKATCEM,Cement Products,Cement Products
RAMCOCEM,Cement Products,Cement Products
HEIDELBERG,Cement Products,Cement Products
GRASIM,Cement Products,Cement Products
BIRLACORPN,Cement Products,Cement Products
PRSMJOHNSN,Cement Products,Cement Products
JKLAKSHMI,Cement Products,Cement Products
SHREECEM,Cement Products,Cement Products
SAGCEM,Cement Products,Cement Products
DECCANCE,Cement Products,Cement Products
MANGLMCEM,Cement Products,Cement Products
NCLIND,Cement Products,Cement Products
SAURASHCEM,Cement Products,Cement Products
SHREDIGCEM,Cement Products,Cement Products
KESORAMIND,Cement Products,Cement Products
VISAKAIND,Cement Products,Cement Products
SANGHIIND,Cement Products,Cement Products
INDIACEM,Cement Products,Cement Products
UDAICEMENT,Cement Products,Cement Products
ULTRACEMCO,Cement Products,Cement Products
JKCEMENT,Cement Products,Cement Products
SAHYADRI,Cement Products,Cement Products
ORIENTCEM,Cement Products,Cement Products
STARCEMENT,Cement Products,Cement Products
ACC,Cement Products,Cement Products
AMBUJACEM,Cement Products,Cement Products
APCL,Cement Products,Cement Products
ACL,Cement Products,Cement Products
BVCL,Cement Products,Cement Products
BIGBLOC,Cement Products,Cement Products
DALBHARAT,Cement Products,Cement Products
NUVOCO,Cement Products,Cement Products
KCP,Cement Products,Cement Products
UCL,Cement Products,Cement Products
PCBL,Chemicals & Petrochemicals,Carbon Black
GHCL,Chemicals & Petrochemicals,Commodity Chemicals
IGPL,Chemicals & Petrochemicals,Commodity Chemicals
INDIAGLYCO,Chemicals & Petrochemicals,Commodity Chemicals
LORDSCHLO,Chemicals & Petrochemicals,Commodity Chemicals
TIRUMALCHM,Chemicals & Petrochemicals,Commodity Chemicals
DEEPAKFERT,Chemicals & Petrochemicals,Commodity Chemicals
GNFC,Chemicals & Petrochemicals,Commodity Chemicals
TATACHEM,Chemicals & Petrochemicals,Commodity Chemicals
KANORICHEM,Chemicals & Petrochemicals,Commodity Chemicals
OCCL,Chemicals & Petrochemicals,Commodity Chemicals
SADHNANIQ,Chemicals & Petrochemicals,Commodity Chemicals
TECILCHEM,Chemicals & Petrochemicals,Commodity Chemicals
IVP,Chemicals & Petrochemicals,Commodity Chemicals
MANORG,Chemicals & Petrochemicals,Commodity Chemicals
INDOBORAX,Chemicals & Petrochemicals,Commodity Chemicals
GUJALKALI,Chemicals & Petrochemicals,Commodity Chemicals
SRHHYPOLTD,Chemicals & Petrochemicals,Commodity Chemicals
AMNPLST,Chemicals & Petrochemicals,Commodity Chemicals
CHEMFAB,Chemicals & Petrochemicals,Commodity Chemicals
CHEMPLASTS,Chemicals & Petrochemicals,Commodity Chemicals
JGCHEM,Chemicals & Petrochemicals,Commodity Chemicals
OCCLLTD,Chemicals & Petrochemicals,Commodity Chemicals
ANDHRSUGAR,Chemicals & Petrochemicals,Commodity Chemicals
JOCIL,Chemicals & Petrochemicals,Commodity Chemicals
PRIMO,Chemicals & Petrochemicals,Commodity Chemicals
HEUBACHIND,Chemicals & Petrochemicals,Dyes And Pigments
SUDARSCHEM,Chemicals & Petrochemicals,Dyes And Pigments
PODDARMENT,Chemicals & Petrochemicals,Dyes And Pigments
KIRIINDUS,Chemicals & Petrochemicals,Dyes And Pigments
SHREEPUSHK,Chemicals & Petrochemicals,Dyes And Pigments
BODALCHEM,Chemicals & Petrochemicals,Dyes And Pigments
AKSHARCHEM,Chemicals & Petrochemicals,Dyes And Pigments
BHAGERIA,Chemicals & Petrochemicals,Dyes And Pigments
ASAHISONG,Chemicals & Petrochemicals,Dyes And Pigments
HPIL,Chemicals & Petrochemicals,Dyes And Pigments
MAHICKRA,Chemicals & Petrochemicals,Dyes And Pigments
PROLIFE,Chemicals & Petrochemicals,Dyes And Pigments
DUCOL,Chemicals & Petrochemicals,Dyes And Pigments
YCCL,Chemicals & Petrochemicals,Dyes And Pigments
PARAGON,Chemicals & Petrochemicals,Dyes And Pigments
UNILEX,Chemicals & Petrochemicals,Dyes And Pigments
ARUNAYA,Chemicals & Petrochemicals,Dyes And Pigments
GOCLCORP,Chemicals & Petrochemicals,Explosives
PREMEXPLN,Chemicals & Petrochemicals,Explosives
SOLARINDS,Chemicals & Petrochemicals,Explosives
LINDEINDIA,Chemicals & Petrochemicals,Industrial Gases
REFEX,Chemicals & Petrochemicals,Industrial Gases
STALLION,Chemicals & Petrochemicals,Industrial Gases
DCW,Chemicals & Petrochemicals,Petrochemicals
MANALIPETC,Chemicals & Petrochemicals,Petrochemicals
RAIN,Chemicals & Petrochemicals,Petrochemicals
SPLPETRO,Chemicals & Petrochemicals,Petrochemicals
PASUPTAC,Chemicals & Petrochemicals,Petrochemicals
TNPETRO,Chemicals & Petrochemicals,Petrochemicals
AGARIND,Chemicals & Petrochemicals,Petrochemicals
KOTHARIPET,Chemicals & Petrochemicals,Petrochemicals
DICIND,Chemicals & Petrochemicals,Printing Inks
ATUL,Chemicals & Petrochemicals,Specialty Chemicals
BASF,Chemicals & Petrochemicals,Specialty Chemicals
BEPL,Chemicals & Petrochemicals,Specialty Chemicals
OAL,Chemicals & Petrochemicals,Specialty Chemicals
DIAMINESQ,Chemicals & Petrochemicals,Specialty Chemicals
FOSECOIND,Chemicals & Petrochemicals,Specialty Chemicals
HSCL,Chemicals & Petrochemicals,Specialty Chemicals
PIDILITIND,Chemicals & Petrochemicals,Specialty Chemicals
EXCELINDUS,Chemicals & Petrochemicals,Specialty Chemicals
NOCIL,Chemicals & Petrochemicals,Specialty Chemicals
SRF,Chemicals & Petrochemicals,Specialty Chemicals
STYRENIX,Chemicals & Petrochemicals,Specialty Chemicals
DEEPAKNTR,Chemicals & Petrochemicals,Specialty Chemicals
DMCC,Chemicals & Petrochemicals,Specialty Chemicals
VISHNU,Chemicals & Petrochemicals,Specialty Chemicals
PLASTIBLEN,Chemicals & Petrochemicals,Specialty Chemicals
VINATIORGA,Chemicals & Petrochemicals,Specialty Chemicals
SEYAIND,Chemicals & Petrochemicals,Specialty Chemicals
JAYAGROGN,Chemicals & Petrochemicals,Specialty Chemicals
INDOAMIN,Chemicals & Petrochemicals,Specialty Chemicals
PRIVISCL,Chemicals & Petrochemicals,Specialty Chemicals
VIKASECO,Chemicals & Petrochemicals,Specialty Chemicals
ISHANCH,Chemicals & Petrochemicals,Specialty Chemicals
VIDHIING,Chemicals & Petrochemicals,Specialty Chemicals
NAVINFLUOR,Chemicals & Petrochemicals,Specialty Chemicals
OMKARCHEM,Chemicals & Petrochemicals,Specialty Chemicals
SHK,Chemicals & Petrochemicals,Specialty Chemicals
VALIANTORG,Chemicals & Petrochemicals,Specialty Chemicals
YASHO,Chemicals & Petrochemicals,Specialty Chemicals
ROSSARI,Chemicals & Petrochemicals,Specialty Chemicals
TATVA,Chemicals & Petrochemicals,Specialty Chemicals
ALKYLAMINE,Chemicals & Petrochemicals,Specialty Chemicals
AARTIIND,Chemicals & Petrochemicals,Specialty Chemicals
CHEMBOND,Chemicals & Petrochemicals,Specialty Chemicals
BALAMINES,Chemicals & Petrochemicals,Specialty Chemicals
DYNPRO,Chemicals & Petrochemicals,Specialty Chemicals
CAMLINFINE,Chemicals & Petrochemicals,Specialty Chemicals
ALKALI,Chemicals & Petrochemicals,Specialty Chemicals
FCL,Chemicals & Petrochemicals,Specialty Chemicals
GALAXYSURF,Chemicals & Petrochemicals,Specialty Chemicals
FINEORG,Chemicals & Petrochemicals,Specialty Chemicals
NEOGEN,Chemicals & Petrochemicals,Specialty Chemicals
FLUOROCHEM,Chemicals & Petrochemicals,Specialty Chemicals
AARTISURF,Chemicals & Petrochemicals,Specialty Chemicals
CHEMCON,Chemicals & Petrochemicals,Specialty Chemicals
FAIRCHEMOR,Chemicals & Petrochemicals,Specialty Chemicals
JUBLINGREA,Chemicals & Petrochemicals,Specialty Chemicals
ANURAS,Chemicals & Petrochemicals,Specialty Chemicals
LXCHEM,Chemicals & Petrochemicals,Specialty Chemicals
CLEAN,Chemicals & Petrochemicals,Specialty Chemicals
EPIGRAL,Chemicals & Petrochemicals,Specialty Chemicals
HPAL,Chemicals & Petrochemicals,Specialty Chemicals
AETHER,Chemicals & Petrochemicals,Specialty Chemicals
ACI,Chemicals & Petrochemicals,Specialty Chemicals
PLATIND,Chemicals & Petrochemicals,Specialty Chemicals
KRONOX,Chemicals & Petrochemicals,Specialty Chemicals
SANGINITA,Chemicals & Petrochemicals,Specialty Chemicals
ARVEE,Chemicals & Petrochemicals,Specialty Chemicals
HINDCON,Chemicals & Petrochemicals,Specialty Chemicals
VSCL,Chemicals & Petrochemicals,Specialty Chemicals
RITEZONE,Chemicals & Petrochemicals,Specialty Chemicals
VITAL,Chemicals & Petrochemicals,Specialty Chemicals
SAROJA,Chemicals & Petrochemicals,Specialty Chemicals
ACCENTMIC,Chemicals & Petrochemicals,Specialty Chemicals
SILKFLEX,Chemicals & Petrochemicals,Specialty Chemicals
IEML,Chemicals & Petrochemicals,Specialty Chemicals
AMBANIORGO,Chemicals & Petrochemicals,Specialty Chemicals
IPHL,Chemicals & Petrochemicals,Specialty Chemicals
DDEVPLSTIK,Chemicals & Petrochemicals,Specialty Chemicals
JUBLCPL,Chemicals & Petrochemicals,Specialty Chemicals
UNIENTER,Chemicals & Petrochemicals,Trading - Chemicals
VINYLINDIA,Chemicals & Petrochemicals,Trading - Chemicals
SRD,Chemicals & Petrochemicals,Trading - Chemicals
DHARIWAL,Chemicals & Petrochemicals,Trading - Chemicals
RPSGVENT,Commercial Services,BPO-KPO Services
WEWIN,Commercial Services,BPO-KPO Services
ALLDIGI,Commercial Services,BPO-KPO Services
FSL,Commercial Services,BPO-KPO Services
HGS,Commercial Services,BPO-KPO Services
ECLERX,Commercial Services,BPO-KPO Services
ONEPOINT,Commercial Services,BPO-KPO Services
CADSYS,Commercial Services,BPO-KPO Services
KANDARP,Commercial Services,BPO-KPO Services
PLADAINFO,Commercial Services,BPO-KPO Services
HRHNEXT,Commercial Services,BPO-KPO Services
DHRUV,Commercial Services,Consulting Services
AAATECH,Commercial Services,Consulting Services
MITCON,Commercial Services,Consulting Services
MIEL,Commercial Services,Consulting Services
TRACXN,Commercial Services,Data Processing Services
MOTOGENFIN,Commercial Services,Diversified Commercial Services
NESCO,Commercial Services,Diversified Commercial Services
TEXINFRA,Commercial Services,Diversified Commercial Services
RUCHINFRA,Commercial Services,Diversified Commercial Services
PTL,Commercial Services,Diversified Commercial Services
ICDSLTD,Commercial Services,Diversified Commercial Services
YAARI,Commercial Services,Diversified Commercial Services
TEAMLEASE,Commercial Services,Diversified Commercial Services
QUESS,Commercial Services,Diversified Commercial Services
SIS,Commercial Services,Diversified Commercial Services
SECURCRED,Commercial Services,Diversified Commercial Services
RADIANTCMS,Commercial Services,Diversified Commercial Services
SOUTHWEST,Commercial Services,Diversified Commercial Services
UDS,Commercial Services,Diversified Commercial Services
ALANKIT,Commercial Services,Diversified Commercial Services
DRL,Commercial Services,Diversified Commercial Services
CORALFINAC,Commercial Services,Diversified Commercial Services
FMNL,Commercial Services,Diversified Commercial Services
HEMIPROP,Commercial Services,Diversified Commercial Services
CMSINFO,Commercial Services,Diversified Commercial Services
IEL,Commercial Services,Diversified Commercial Services
KRYSTAL,Commercial Services,Diversified Commercial Services
AWFIS,Commercial Services,Diversified Commercial Services
KAPSTON,Commercial Services,Diversified Commercial Services
AARVI,Commercial Services,Diversified Commercial Services
ACEINTEG,Commercial Services,Diversified Commercial Services
AISL,Commercial Services,Diversified Commercial Services
DYNAMIC,Commercial Services,Diversified Commercial Services
KHFM,Commercial Services,Diversified Commercial Services
SHAIVAL,Commercial Services,Diversified Commercial Services
TARACHAND,Commercial Services,Diversified Commercial Services
IPSL,Commercial Services,Diversified Commercial Services
ANLON,Commercial Services,Diversified Commercial Services
INFOLLION,Commercial Services,Diversified Commercial Services
SPECTSTM,Commercial Services,Diversified Commercial Services
TRIDHYA,Commercial Services,Diversified Commercial Services
SERVICE,Commercial Services,Diversified Commercial Services
KONTOR,Commercial Services,Diversified Commercial Services
BLUEPEBBLE,Commercial Services,Diversified Commercial Services
RULKA,Commercial Services,Diversified Commercial Services
FALCONTECH,Commercial Services,Diversified Commercial Services
DTL,Commercial Services,Diversified Commercial Services
POSITRON,Commercial Services,Diversified Commercial Services
VIESL,Commercial Services,Diversified Commercial Services
IGIL,Commercial Services,Diversified Commercial Services
SFML,Commercial Services,Diversified Commercial Services
CHAMUNDA,Commercial Services,Diversified Commercial Services
ELGNZ,Commercial Services,Diversified Commercial Services
EMAPARTNER,Commercial Services,Diversified Commercial Services
OSWALAGRO,Commercial Services,Trading & Distributors
RELTD,Commercial Services,Trading & Distributors
SIGIND,Commercial Services,Trading & Distributors
STCINDIA,Commercial Services,Trading & Distributors
MMTC,Commercial Services,Trading & Distributors
SHYAMTEL,Commercial Services,Trading & Distributors
KOTHARIPRO,Commercial Services,Trading & Distributors
SAKUMA,Commercial Services,Trading & Distributors
REDINGTON,Commercial Services,Trading & Distributors
VINCOFE,Commercial Services,Trading & Distributors
VIKASLIFE,Commercial Services,Trading & Distributors
UMAEXPORTS,Commercial Services,Trading & Distributors
ANIKINDS,Commercial Services,Trading & Distributors
EXCEL,Commercial Services,Trading & Distributors
GOYALALUM,Commercial Services,Trading & Distributors
MSTCLTD,Commercial Services,Trading & Distributors
SANCO,Commercial Services,Trading & Distributors
SPCENET,Commercial Services,Trading & Distributors
AKG,Commercial Services,Trading & Distributors
ABMINTLLTD,Commercial Services,Trading & Distributors
BMETRICS,Commercial Services,Trading & Distributors
SHIVAUM,Commercial Services,Trading & Distributors
ROCKINGDCE,Commercial Services,Trading & Distributors
PHOGLOBAL,Commercial Services,Trading & Distributors
HPTL,Commercial Services,Trading & Distributors
HCC,Construction,Civil Construction
NCC,Construction,Civil Construction
SPMLINFRA,Construction,Civil Construction
LT,Construction,Civil Construction
WSI,Construction,Civil Construction
SEMAC,Construction,Civil Construction
ITDCEM,Construction,Civil Construction
KPIL,Construction,Civil Construction
SIMPLEXINF,Construction,Civil Construction
OMINFRAL,Construction,Civil Construction
PATELENG,Construction,Civil Construction
MADHUCON,Construction,Civil Construction
WELENT,Construction,Civil Construction
SADBHAV,Construction,Civil Construction
KEC,Construction,Civil Construction
TARMAT,Construction,Civil Construction
SUPREMEINF,Construction,Civil Construction
KNRCON,Construction,Civil Construction
SEPC,Construction,Civil Construction
NIRAJ,Construction,Civil Construction
TPHQ,Construction,Civil Construction
MBLINFRA,Construction,Civil Construction
VASCONEQ,Construction,Civil Construction
MANINFRA,Construction,Civil Construction
RAMKY,Construction,Civil Construction
RPPINFRA,Construction,Civil Construction
KRIDHANINF,Construction,Civil Construction
SETUINFRA,Construction,Civil Construction
NBCC,Construction,Civil Construction
PNCINFRA,Construction,Civil Construction
POWERMECH,Construction,Civil Construction
SADBHIN,Construction,Civil Construction
PSPPROJECT,Construction,Civil Construction
RITES,Construction,Civil Construction
TECHNOE,Construction,Civil Construction
RVNL,Construction,Civil Construction
SWSOLAR,Construction,Civil Construction
ZODIAC,Construction,Civil Construction
USK,Construction,Civil Construction
VPRPL,Construction,Civil Construction
SRM,Construction,Civil Construction
ENGINERSIN,Construction,Civil Construction
GVKPIL,Construction,Civil Construction
BLKASHYAP,Construction,Civil Construction
AHLUCONT,Construction,Civil Construction
IL&FSENGG,Construction,Civil Construction
BGRENERGY,Construction,Civil Construction
JKIL,Construction,Civil Construction
IRB,Construction,Civil Construction
ISGEC,Construction,Civil Construction
ARSSINFRA,Construction,Civil Construction
IL&FSTRANS,Construction,Civil Construction
ASHOKA,Construction,Civil Construction
A2ZINFRA,Construction,Civil Construction
GPTINFRA,Construction,Civil Construction
DBL,Construction,Civil Construction
BRNL,Construction,Civil Construction
CAPACITE,Construction,Civil Construction
HGINFRA,Construction,Civil Construction
IRCON,Construction,Civil Construction
LIKHITHA,Construction,Civil Construction
GRINFRA,Construction,Civil Construction
CEIGALL,Construction,Civil Construction
INTERARCH,Construction,Civil Construction
GARUDA,Construction,Civil Construction
DBEIL,Construction,Civil Construction
AKASH,Construction,Civil Construction
GAYAPROJ,Construction,Civil Construction
JPASSOCIAT,Construction,Civil Construction
SKIL,Construction,Civil Construction
UNIVASTU,Construction,Civil Construction
BANKA,Construction,Civil Construction
RKEC,Construction,Civil Construction
ABINFRA,Construction,Civil Construction
AILIMITED,Construction,Civil Construction
CMMIPL,Construction,Civil Construction
DESTINY,Construction,Civil Construction
GIRIRAJ,Construction,Civil Construction
HECPROJECT,Construction,Civil Construction
MANAV,Construction,Civil Construction
SECL,Construction,Civil Construction
TRANSWIND,Construction,Civil Construction
SONUINFRA,Construction,Civil Construction
RILINFRA,Construction,Civil Construction
AGNI,Construction,Civil Construction
VIVIANA,Construction,Civil Construction
CHAVDA,Construction,Civil Construction
KCEIL,Construction,Civil Construction
KONSTELEC,Construction,Civil Construction
ATMASTCO,Construction,Civil Construction
PRATHAM,Construction,Civil Construction
AVPINFRA,Construction,Civil Construction
K2INFRA,Construction,Civil Construction
TGL,Construction,Civil Construction
WINSOL,Construction,Civil Construction
VLINFRA,Construction,Civil Construction
SSEGL,Construction,Civil Construction
AESTHETIK,Construction,Civil Construction
HVAX,Construction,Civil Construction
AFCONS,Construction,Civil Construction
LAKSHYA,Construction,Civil Construction
GANESHIN,Construction,Civil Construction
NAVKARURB,Construction,Civil Construction
TICL,Construction,Civil Construction
READYMIX,Construction,Civil Construction
SANDUMA,Consumable Fuels,Coal
COALINDIA,Consumable Fuels,Coal
ANMOL,Consumable Fuels,Trading - Coal
KAJARIACER,Consumer Durables,Ceramics
REGENCERAM,Consumer Durables,Ceramics
MURUDCERA,Consumer Durables,Ceramics
ORIENTBELL,Consumer Durables,Ceramics
SOMANYCERA,Consumer Durables,Ceramics
NITCO,Consumer Durables,Ceramics
ASIANTILES,Consumer Durables,Ceramics
EXXARO,Consumer Durables,Ceramics
LEXUS,Consumer Durables,Ceramics
BPL,Consumer Durables,Consumer Electronics
MIRCELECTR,Consumer Durables,Consumer Electronics
HAVELLS,Consumer Durables,Consumer Electronics
PGEL,Consumer Durables,Consumer Electronics
VETO,Consumer Durables,Consumer Electronics
HPL,Consumer Durables,Consumer Electronics
DIXON,Consumer Durables,Consumer Electronics
IKIO,Consumer Durables,Consumer Electronics
KHAITANLTD,Consumer Durables,Consumer Electronics
PULZ,Consumer Durables,Consumer Electronics
ARHAM,Consumer Durables,Consumer Electronics
KEL,Consumer Durables,Consumer Electronics
CELLECOR,Consumer Durables,Consumer Electronics
SONAMLTD,Consumer Durables,Consumer Electronics
ATLASCYCLE,Consumer Durables,Cyle
YASHOPTICS,Consumer Durables,Diversified consumer products
KHADIM,Consumer Durables,Footwear
METROBRAND,Consumer Durables,Footwear
CAMPUS,Consumer Durables,Footwear
BIRLANU,Consumer Durables,Furniture Home Furnishing
RESPONIND,Consumer Durables,"Furniture, Home Furnishing"
HIL,Consumer Durables,"Furniture, Home Furnishing"
SFL,Consumer Durables,"Furniture, Home Furnishing"
STANLEY,Consumer Durables,"Furniture, Home Furnishing"
HARDWYN,Consumer Durables,"Furniture, Home Furnishing"
AHLADA,Consumer Durables,"Furniture, Home Furnishing"
MDL,Consumer Durables,"Furniture, Home Furnishing"
OMFURN,Consumer Durables,"Furniture, Home Furnishing"
PARIN,Consumer Durables,"Furniture, Home Furnishing"
PRITI,Consumer Durables,"Furniture, Home Furnishing"
TRANSTEEL,Consumer Durables,"Furniture, Home Furnishing"
INM,Consumer Durables,"Furniture, Home Furnishing"
NAMAN,Consumer Durables,"Furniture, Home Furnishing"
DURLAX,Consumer Durables,"Furniture, Home Furnishing"
REXPRO,Consumer Durables,"Furniture, Home Furnishing"
TITAN,Consumer Durables,"Gems, Jewellery And Watches"
KANANIIND,Consumer Durables,"Gems, Jewellery And Watches"
GOLDIAM,Consumer Durables,"Gems, Jewellery And Watches"
RAJESHEXPO,Consumer Durables,"Gems, Jewellery And Watches"
KDDL,Consumer Durables,"Gems, Jewellery And Watches"
VAIBHAVGBL,Consumer Durables,"Gems, Jewellery And Watches"
RGL,Consumer Durables,"Gems, Jewellery And Watches"
THANGAMAYL,Consumer Durables,"Gems, Jewellery And Watches"
TBZ,Consumer Durables,"Gems, Jewellery And Watches"
LYPSAGEMS,Consumer Durables,"Gems, Jewellery And Watches"
PCJEWELLER,Consumer Durables,"Gems, Jewellery And Watches"
RADHIKAJWE,Consumer Durables,"Gems, Jewellery And Watches"
SKYGOLD,Consumer Durables,"Gems, Jewellery And Watches"
SENCO,Consumer Durables,"Gems, Jewellery And Watches"
AUSOMENT,Consumer Durables,"Gems, Jewellery And Watches"
BANARBEADS,Consumer Durables,"Gems, Jewellery And Watches"
AKI,Consumer Durables,"Gems, Jewellery And Watches"
KALYANKJIL,Consumer Durables,"Gems, Jewellery And Watches"
ETHOSLTD,Consumer Durables,"Gems, Jewellery And Watches"
MVGJL,Consumer Durables,"Gems, Jewellery And Watches"
MOTISONS,Consumer Durables,"Gems, Jewellery And Watches"
RBZJEWEL,Consumer Durables,"Gems, Jewellery And Watches"
DPABHUSHAN,Consumer Durables,"Gems, Jewellery And Watches"
PNGJL,Consumer Durables,"Gems, Jewellery And Watches"
GOENKA,Consumer Durables,"Gems, Jewellery And Watches"
SILGO,Consumer Durables,"Gems, Jewellery And Watches"
MOKSH,Consumer Durables,"Gems, Jewellery And Watches"
KKVAPOW,Consumer Durables,"Gems, Jewellery And Watches"
LGHL,Consumer Durables,"Gems, Jewellery And Watches"
SHUBHLAXMI,Consumer Durables,"Gems, Jewellery And Watches"
FOCE,Consumer Durables,"Gems, Jewellery And Watches"
UTSSAV,Consumer Durables,"Gems, Jewellery And Watches"
GOLDKART,Consumer Durables,"Gems, Jewellery And Watches"
KKJEWELS,Consumer Durables,"Gems, Jewellery And Watches"
DIVINEHIRA,Consumer Durables,"Gems, Jewellery And Watches"
LAOPALA,Consumer Durables,Glass - Consumer
BOROLTD,Consumer Durables,Glass - Consumer
MADHAV,Consumer Durables,Granites & Marbles
POKARNA,Consumer Durables,Granites & Marbles
ORIENTALTL,Consumer Durables,Granites & Marbles
AROGRANITE,Consumer Durables,Granites & Marbles
GSLSU,Consumer Durables,Granites & Marbles
ESPRIT,Consumer Durables,Granites & Marbles
BAJAJELEC,Consumer Durables,Household Appliances
BLUESTARCO,Consumer Durables,Household Appliances
WHIRLPOOL,Consumer Durables,Household Appliances
VOLTAS,Consumer Durables,Household Appliances
IFBIND,Consumer Durables,Household Appliances
SYMPHONY,Consumer Durables,Household Appliances
TTKPRESTIG,Consumer Durables,Household Appliances
JCHAC,Consumer Durables,Household Appliances
VGUARD,Consumer Durables,Household Appliances
ORIENTELEC,Consumer Durables,Household Appliances
STOVEKRAFT,Consumer Durables,Household Appliances
WEL,Consumer Durables,Household Appliances
BUTTERFLY,Consumer Durables,Household Appliances
CARYSIL,Consumer Durables,Household Appliances
CROMPTON,Consumer Durables,Household Appliances
AMBER,Consumer Durables,Household Appliances
EUREKAFORB,Consumer Durables,Household Appliances
ELIN,Consumer Durables,Household Appliances
EPACK,Consumer Durables,Household Appliances
GREENCHEF,Consumer Durables,Household Appliances
ASPIRE,Consumer Durables,Household Appliances
CELLO,Consumer Durables,Houseware
ZENITHEXPO,Consumer Durables,Leather Products
MAYURUNIQ,Consumer Durables,Leather Products
SUPERHOUSE,Consumer Durables,Leather Products
MIRZAINT,Consumer Durables,Leather Products
BIL,Consumer Durables,Leather Products
ARCHIES,Consumer Durables,Leisure Products
KANSAINER,Consumer Durables,Paints
ASIANPAINT,Consumer Durables,Paints
SHALPAINTS,Consumer Durables,Paints
SIRCA,Consumer Durables,Paints
AKZOINDIA,Consumer Durables,Paints
BERGEPAINT,Consumer Durables,Paints
INDIGOPNTS,Consumer Durables,Paints
KAMOPAINTS,Consumer Durables,Paints
SIDDHIKA,Consumer Durables,Paints
PILITA,Consumer Durables,Plastic Products - Consumer
TOKYOPLAST,Consumer Durables,Plastic Products - Consumer
VIPIND,Consumer Durables,Plastic Products - Consumer
SAFARI,Consumer Durables,Plastic Products - Consumer
PEARLPOLY,Consumer Durables,Plastic Products - Consumer
NILKAMAL,Consumer Durables,Plastic Products - Consumer
AVROIND,Consumer Durables,Plastic Products - Consumer
ESFL,Consumer Durables,Plastic Products - Consumer
NIRAJISPAT,Consumer Durables,Plastic Products - Consumer
GREENPLY,Consumer Durables,Plywood Boards-Laminates
STYLAMIND,Consumer Durables,Plywood Boards-Laminates
RUSHIL,Consumer Durables,Plywood Boards-Laminates
CENTURYPLY,Consumer Durables,Plywood Boards-Laminates
ARCHIDPLY,Consumer Durables,Plywood Boards-Laminates
GREENLAM,Consumer Durables,Plywood Boards-Laminates
GREENPANEL,Consumer Durables,Plywood Boards-Laminates
ADL,Consumer Durables,Plywood Boards-Laminates
WIPL,Consumer Durables,Plywood Boards-Laminates
AIROLAM,Consumer Durables,Plywood Boards-Laminates
MILTON,Consumer Durables,Plywood Boards-Laminates
SYLVANPLY,Consumer Durables,Plywood Boards-Laminates
LAMOSAIC,Consumer Durables,Plywood Boards-Laminates
CERA,Consumer Durables,Sanitary Ware
HINDWAREAP,Consumer Durables,Sanitary Ware
GODREJIND,Diversified,Diversified
SWANENERGY,Diversified,Diversified
TTKHLTCARE,Diversified,Diversified
SINDHUTRAD,Diversified,Diversified
BALMLAWRIE,Diversified,Diversified
DCMSHRIRAM,Diversified,Diversified
3MINDIA,Diversified,Diversified
DVL,Diversified,Diversified
MAHESHWARI,Diversified,Diversified
HINDUNILVR,Diversified FMCG,Diversified FMCG
ITC,Diversified FMCG,Diversified FMCG
HNDFDS,Diversified FMCG,Diversified FMCG
GODAVARIB,Diversified FMCG,Diversified FMCG
VEDL,Diversified Metals,Diversified Metals
POCL,Diversified Metals,Diversified Metals
INNOMET,Diversified Metals,Diversified Metals
ABSLBANETF,ETF,ETF
ABSLNN50ET,ETF,ETF
AXISGOLD,ETF,ETF
AXISNIFTY,ETF,ETF
BANKBEES,ETF,ETF
BSLGOLDETF,ETF,ETF
BSLNIFTY,ETF,ETF
CPSEETF,ETF,ETF
EBBETF0430,ETF,ETF
GOLDBEES,ETF,ETF
GOLDSHARE,ETF,ETF
HNGSNGBEES,ETF,ETF
ICICIB22,ETF,ETF
IDFNIFTYET,ETF,ETF
INFRABEES,ETF,ETF
IVZINGOLD,ETF,ETF
IVZINNIFTY,ETF,ETF
JUNIORBEES,ETF,ETF
LICNETFGSC,ETF,ETF
LICNETFN50,ETF,ETF
LICNFNHGP,ETF,ETF
LIQUIDBEES,ETF,ETF
LIQUIDETF,ETF,ETF
NETF,ETF,ETF
NIFTYBEES,ETF,ETF
NPBET,ETF,ETF
PSUBNKBEES,ETF,ETF
QGOLDHALF,ETF,ETF
QNIFTY,ETF,ETF
SBIETFQLTY,ETF,ETF
SETF10GILT,ETF,ETF
SETFGOLD,ETF,ETF
SETFNIF50,ETF,ETF
SETFNIFBK,ETF,ETF
SETFNN50,ETF,ETF
SHARIABEES,ETF,ETF
UTINEXT50,ETF,ETF
UTINIFTETF,ETF,ETF
UTISENSETF,ETF,ETF
UTISXN50,ETF,ETF
EBBETF0425,ETF,ETF
EBBETF0431,ETF,ETF
UTIBANKETF,ETF,ETF
SBIETFIT,ETF,ETF
SBIETFPB,ETF,ETF
AXISBNKETF,ETF,ETF
AXISTECETF,ETF,ETF
MAFANG,ETF,ETF
AXISBPSETF,ETF,ETF
AXISHCETF,ETF,ETF
MOGSEC,ETF,ETF
MOM100,ETF,ETF
MOM50,ETF,ETF
MON100,ETF,ETF
SBIETFCON,ETF,ETF
AXISCETF,ETF,ETF
MASPTOP50,ETF,ETF
BSLSENETFG,ETF,ETF
HEALTHY,ETF,ETF
TECH,ETF,ETF
MAHKTECH,ETF,ETF
BBETF0432,ETF,ETF
MONQ50,ETF,ETF
MOMOMENTUM,ETF,ETF
MOLOWVOL,ETF,ETF
TNIDETF,ETF,ETF
AUTOBEES,ETF,ETF
CONSUMBEES,ETF,ETF
DIVOPPBEES,ETF,ETF
GILT5YBEES,ETF,ETF
ITBEES,ETF,ETF
LTGILTBEES,ETF,ETF
MID150BEES,ETF,ETF
NIF100BEES,ETF,ETF
NV20BEES,ETF,ETF
PHARMABEES,ETF,ETF
SDL26BEES,ETF,ETF
SILVERBEES,ETF,ETF
MOHEALTH,ETF,ETF
HDFCNEXT50,ETF,ETF
HDFCNIF100,ETF,ETF
MOMENTUM,ETF,ETF
NIFTYQLITY,ETF,ETF
MOQUALITY,ETF,ETF
MOVALUE,ETF,ETF
HDFCSILVER,ETF,ETF
AXISILVER,ETF,ETF
HDFCGROWTH,ETF,ETF
HDFCQUAL,ETF,ETF
HDFCVALUE,ETF,ETF
HDFCLOWVOL,ETF,ETF
HDFCMOMENT,ETF,ETF
HDFCNIFIT,ETF,ETF
HDFCPVTBAN,ETF,ETF
EBBETF0433,ETF,ETF
HDFCBSE500,ETF,ETF
HDFCMID150,ETF,ETF
HDFCSML250,ETF,ETF
ABSLLIQUID,ETF,ETF
AXSENSEX,ETF,ETF
SILVERETF,ETF,ETF
HDFCGOLD,ETF,ETF
HDFCNIFBAN,ETF,ETF
HDFCNIFTY,ETF,ETF
HDFCSENSEX,ETF,ETF
BANKETF,ETF,ETF
LICMFGOLD,ETF,ETF
LIQUID,ETF,ETF
HDFCLIQUID,ETF,ETF
BFSI,ETF,ETF
ESG,ETF,ETF
GOLDETF,ETF,ETF
GSEC10YEAR,ETF,ETF
LOWVOL,ETF,ETF
MAKEINDIA,ETF,ETF
MIDCAPETF,ETF,ETF
NEXT50,ETF,ETF
NIFTYETF,ETF,ETF
SILVRETF,ETF,ETF
NIFMID150,ETF,ETF
MONIFTY500,ETF,ETF
SENSEXETF,ETF,ETF
ALPHAETF,ETF,ETF
ITETF,ETF,ETF
LIQUIDSBI,ETF,ETF
EGOLD,ETF,ETF
ESILVER,ETF,ETF
BBNPPGOLD,ETF,ETF
ALPL30IETF,ETF,ETF
AUTOIETF,ETF,ETF
BANKIETF,ETF,ETF
BSE500IETF,ETF,ETF
COMMOIETF,ETF,ETF
CONSUMIETF,ETF,ETF
FINIETF,ETF,ETF
FMCGIETF,ETF,ETF
GOLDIETF,ETF,ETF
GSEC10IETF,ETF,ETF
GSEC5IETF,ETF,ETF
HEALTHIETF,ETF,ETF
INFRAIETF,ETF,ETF
ITIETF,ETF,ETF
LIQUIDIETF,ETF,ETF
LOWVOLIETF,ETF,ETF
MIDCAPIETF,ETF,ETF
MIDSELIETF,ETF,ETF
MOM30IETF,ETF,ETF
NEXT50IETF,ETF,ETF
NIF100IETF,ETF,ETF
NIFTYIETF,ETF,ETF
NV20IETF,ETF,ETF
PSUBNKIETF,ETF,ETF
PVTBANIETF,ETF,ETF
QUAL30IETF,ETF,ETF
SENSEXIETF,ETF,ETF
SILVERIETF,ETF,ETF
TATAGOLD,ETF,ETF
TATSILV,ETF,ETF
LIQUIDCASE,ETF,ETF
BANKBETF,ETF,ETF
NIFTYBETF,ETF,ETF
NIFITETF,ETF,ETF
NIF10GETF,ETF,ETF
NIF5GETF,ETF,ETF
HDFCPSUBK,ETF,ETF
HEALTHADD,ETF,ETF
BANKETFADD,ETF,ETF
EQUAL50ADD,ETF,ETF
GOLDETFADD,ETF,ETF
ITETFADD,ETF,ETF
MIDQ50ADD,ETF,ETF
NIFTY50ADD,ETF,ETF
PSUBANKADD,ETF,ETF
PVTBANKADD,ETF,ETF
SENSEXADD,ETF,ETF
SILVERADD,ETF,ETF
LICNMID100,ETF,ETF
SMALLCAP,ETF,ETF
GOLDCASE,ETF,ETF
ALPHA,ETF,ETF
BANKNIFTY1,ETF,ETF
CONS,ETF,ETF
IT,ETF,ETF
LIQUID1,ETF,ETF
LOWVOL1,ETF,ETF
MIDCAP,ETF,ETF
MNC,ETF,ETF
NIFTY1,ETF,ETF
NV20,ETF,ETF
PSUBANK,ETF,ETF
MOREALTY,ETF,ETF
MOSMALL250,ETF,ETF
LIQUIDADD,ETF,ETF
GOLD1,ETF,ETF
SILVER1,ETF,ETF
ABSLPSE,ETF,ETF
MIDSMALL,ETF,ETF
LIQUIDBETF,ETF,ETF
MID150CASE,ETF,ETF
TOP100CASE,ETF,ETF
BBNPNBETF,ETF,ETF
SBISILVER,ETF,ETF
LIQUIDSHRI,ETF,ETF
ABGSEC,ETF,ETF
EVINDIA,ETF,ETF
SBINEQWETF,ETF,ETF
OILIETF,ETF,ETF
GSEC10ABSL,ETF,ETF
METALIETF,ETF,ETF
GROWWEV,ETF,ETF
MODEFENCE,ETF,ETF
MULTICAP,ETF,ETF
TOP10ADD,ETF,ETF
EBANKNIFTY,ETF,ETF
GROWWLIQID,ETF,ETF
MOMENTUM50,ETF,ETF
BANKPSU,ETF,ETF
METAL,ETF,ETF
GROWWDEFNC,ETF,ETF
VAL30IETF,ETF,ETF
GROWWGOLD,ETF,ETF
EMULTIMQ,ETF,ETF
LIQUIDPLUS,ETF,ETF
CONSUMER,ETF,ETF
ECAPINSURE,ETF,ETF
NEXT30ADD,ETF,ETF
GROWWRAIL,ETF,ETF
UNIONGOLD,ETF,ETF
MSCIINDIA,ETF,ETF
GROWWN200,ETF,ETF
NIFTY100EW,ETF,ETF
AONETOTAL,ETF,ETF
MOCAPITAL,ETF,ETF
EQUAL200,ETF,ETF
GOLD360,ETF,ETF
SELECTIPO,ETF,ETF
CASHIETF,ETF,ETF
AXISVALUE,ETF,ETF
LICNETFSEN,ETF,ETF
SILVERCASE,ETF,ETF
AONELIQUID,ETF,ETF
MID150,ETF,ETF
SILVER360,ETF,ETF
EVIETF,ETF,ETF
GROWWMOM50,ETF,ETF
MON50EQUAL,ETF,ETF
ABB,Electrical Equipment,Heavy Electrical Equipment
CGPOWER,Electrical Equipment,Heavy Electrical Equipment
BHEL,Electrical Equipment,Heavy Electrical Equipment
THERMAX,Electrical Equipment,Heavy Electrical Equipment
SIEMENS,Electrical Equipment,Heavy Electrical Equipment
JYOTISTRUC,Electrical Equipment,Heavy Electrical Equipment
URJA,Electrical Equipment,Heavy Electrical Equipment
SWELECTES,Electrical Equipment,Heavy Electrical Equipment
SUZLON,Electrical Equipment,Heavy Electrical Equipment
INDOTECH,Electrical Equipment,Heavy Electrical Equipment
VOLTAMP,Electrical Equipment,Heavy Electrical Equipment
TARIL,Electrical Equipment,Heavy Electrical Equipment
TARAPUR,Electrical Equipment,Heavy Electrical Equipment
SURANASOL,Electrical Equipment,Heavy Electrical Equipment
TDPOWERSYS,Electrical Equipment,Heavy Electrical Equipment
TRITURBINE,Electrical Equipment,Heavy Electrical Equipment
SCHNEIDER,Electrical Equipment,Heavy Electrical Equipment
SKIPPER,Electrical Equipment,Heavy Electrical Equipment
GEPIL,Electrical Equipment,Heavy Electrical Equipment
INOXWIND,Electrical Equipment,Heavy Electrical Equipment
AARTECH,Electrical Equipment,Heavy Electrical Equipment
POWERINDIA,Electrical Equipment,Heavy Electrical Equipment
IWEL,Electrical Equipment,Heavy Electrical Equipment
AZAD,Electrical Equipment,Heavy Electrical Equipment
EXICOM,Electrical Equipment,Heavy Electrical Equipment
SOLEX,Electrical Equipment,Heavy Electrical Equipment
APS,Electrical Equipment,Heavy Electrical Equipment
TROM,Electrical Equipment,Heavy Electrical Equipment
GVT&D,Electrical Equipment,Heavy Electrical Equipment
DANISH,Electrical Equipment,Heavy Electrical Equipment
TRANSRAILL,Electrical Equipment,Heavy Electrical Equipment
QPOWER,Electrical Equipment,Heavy Electrical Equipment
BBL,Electrical Equipment,Other Electrical Equipment
MODISONLTD,Electrical Equipment,Other Electrical Equipment
SALZERELEC,Electrical Equipment,Other Electrical Equipment
S&SPOWER,Electrical Equipment,Other Electrical Equipment
WEBELSOLAR,Electrical Equipment,Other Electrical Equipment
DIACABS,Electrical Equipment,Other Electrical Equipment
RAMRAT,Electrical Equipment,Other Electrical Equipment
GENUSPOWER,Electrical Equipment,Other Electrical Equipment
KECL,Electrical Equipment,Other Electrical Equipment
RISHABH,Electrical Equipment,Other Electrical Equipment
WAAREEENER,Electrical Equipment,Other Electrical Equipment
APARINDS,Electrical Equipment,Other Electrical Equipment
GENSOL,Electrical Equipment,Other Electrical Equipment
AVALON,Electrical Equipment,Other Electrical Equipment
PIGL,Electrical Equipment,Other Electrical Equipment
PREMIERENE,Electrical Equipment,Other Electrical Equipment
GEEKAYWIRE,Electrical Equipment,Other Electrical Equipment
NITIRAJ,Electrical Equipment,Other Electrical Equipment
SERVOTECH,Electrical Equipment,Other Electrical Equipment
PERFECT,Electrical Equipment,Other Electrical Equipment
ORIANA,Electrical Equipment,Other Electrical Equipment
SAAKSHI,Electrical Equipment,Other Electrical Equipment
EFORCE,Electrical Equipment,Other Electrical Equipment
SUPREMEPWR,Electrical Equipment,Other Electrical Equipment
AKANKSHA,Electrical Equipment,Other Electrical Equipment
ALPEXSOLAR,Electrical Equipment,Other Electrical Equipment
GPECO,Electrical Equipment,Other Electrical Equipment
SPCL,Electrical Equipment,Other Electrical Equipment
GGBL,Electrical Equipment,Other Electrical Equipment
SAHAJSOLAR,Electrical Equipment,Other Electrical Equipment
VDEAL,Electrical Equipment,Other Electrical Equipment
ATCENERGY,Electrical Equipment,Other Electrical Equipment
WAAREERTL,Electrical Equipment,Other Electrical Equipment
DREDGECORP,Engineering Services,Dredging
KMEW,Engineering Services,Dredging
NAZARA,Entertainment,Digital Entertainment
BTML,Entertainment,Digital Entertainment
MUKTAARTS,Entertainment,Film Production & Distribution
PNC,Entertainment,Film Production & Distribution
PVRINOX,Entertainment,Film Production & Distribution
UFO,Entertainment,Film Production & Distribution
TIPSFILMS,Entertainment,Film Production & Distribution
CINELINE,Entertainment,Film Production & Distribution
EROSMEDIA,Entertainment,Film Production & Distribution
VELS,Entertainment,Film Production & Distribution
BAWEJA,Entertainment,Film Production & Distribution
SAREGAMA,Entertainment,Media & Entertainment
TIPSMUSIC,Entertainment,Media & Entertainment
NEXTMEDIA,Entertainment,Media & Entertainment
PFOCUS,Entertainment,Media & Entertainment
NETWORK18,Entertainment,Media & Entertainment
SHEMAROO,Entertainment,Media & Entertainment
RADIOCITY,Entertainment,Media & Entertainment
CINEVISTA,Entertainment,Media & Entertainment
BALAJITELE,Entertainment,Media & Entertainment
CREATIVEYE,Entertainment,Media & Entertainment
ENIL,Entertainment,Media & Entertainment
RADAAN,Entertainment,Media & Entertainment
SILLYMONKS,Entertainment,Media & Entertainment
SABEVENTS,Entertainment,Media & Entertainment
GRETEX,Entertainment,Media & Entertainment
PHANTOMFX,Entertainment,Media & Entertainment
BASILIC,Entertainment,Media & Entertainment
DIGIKORE,Entertainment,Media & Entertainment
INSPIRE,Entertainment,Media & Entertainment
MAXPOSURE,Entertainment,Media & Entertainment
RADIOWALLA,Entertainment,Media & Entertainment
IDENTICAL,Entertainment,Media & Entertainment
ZEEL,Entertainment,TV & Media Production
SABTNL,Entertainment,TV & Media Production
TVTODAY,Entertainment,TV & Media Production
NDTV,Entertainment,TV & Media Production
SUNTV,Entertainment,TV & Media Production
ZEEMEDIA,Entertainment,TV & Media Production
SITINET,Entertainment,TV & Media Production
RAJTV,Entertainment,TV & Media Production
TVVISION,Entertainment,TV & Media Production
BAGFILMS,Entertainment,TV & Media Production
DISHTV,Entertainment,TV & Media Production
DEN,Entertainment,TV & Media Production
HATHWAY,Entertainment,TV & Media Production
GTPL,Entertainment,TV & Media Production
ORTEL,Entertainment,TV & Media Production
IMPEXFERRO,Ferrous Metals,Ferro & Silica Manganese
SHYAMCENT,Ferrous Metals,Ferro & Silica Manganese
IMFA,Ferrous Metals,Ferro & Silica Manganese
MAITHANALL,Ferrous Metals,Ferro & Silica Manganese
JAINAM,Ferrous Metals,Ferro & Silica Manganese
OWAIS,Ferrous Metals,Ferro & Silica Manganese
QVCEL,Ferrous Metals,Ferro & Silica Manganese
SAIL,Ferrous Metals,Iron & Steel
JSWSTEEL,Ferrous Metals,Iron & Steel
SUNFLAG,Ferrous Metals,Iron & Steel
MUKANDLTD,Ferrous Metals,Iron & Steel
TATASTEEL,Ferrous Metals,Iron & Steel
SARDAEN,Ferrous Metals,Iron & Steel
PRAKASH,Ferrous Metals,Iron & Steel
JINDALSTEL,Ferrous Metals,Iron & Steel
JSL,Ferrous Metals,Iron & Steel
VISASTEEL,Ferrous Metals,Iron & Steel
MANAKSTEEL,Ferrous Metals,Iron & Steel
ANKITMETAL,Ferrous Metals,Iron & Steel
JAIBALAJI,Ferrous Metals,Iron & Steel
NSLNISP,Ferrous Metals,Iron & Steel
LLOYDSME,Ferrous Metals,Sponge Iron
SALSTEEL,Ferrous Metals,Sponge Iron
VASWANI,Ferrous Metals,Sponge Iron
VRAJ,Ferrous Metals,Sponge Iron
KIOCL,Ferrous Metals,Sponge Iron
CMNL,Ferrous Metals,Sponge Iron
CHAMBLFERT,Fertilizers & Agrochemicals,Fertilizers
EIDPARRY,Fertilizers & Agrochemicals,Fertilizers
GSFC,Fertilizers & Agrochemicals,Fertilizers
COROMANDEL,Fertilizers & Agrochemicals,Fertilizers
KHAICHEM,Fertilizers & Agrochemicals,Fertilizers
NFL,Fertilizers & Agrochemicals,Fertilizers
RAMAPHO,Fertilizers & Agrochemicals,Fertilizers
RCF,Fertilizers & Agrochemicals,Fertilizers
MANGCHEFER,Fertilizers & Agrochemicals,Fertilizers
ZUARI,Fertilizers & Agrochemicals,Fertilizers
NAGAFERT,Fertilizers & Agrochemicals,Fertilizers
ARIES,Fertilizers & Agrochemicals,Fertilizers
PARADEEP,Fertilizers & Agrochemicals,Fertilizers
NOVAAGRI,Fertilizers & Agrochemicals,Fertilizers
FACT,Fertilizers & Agrochemicals,Fertilizers
SPIC,Fertilizers & Agrochemicals,Fertilizers
MADRASFERT,Fertilizers & Agrochemicals,Fertilizers
AGROPHOS,Fertilizers & Agrochemicals,Fertilizers
KRISHANA,Fertilizers & Agrochemicals,Fertilizers
MBAPL,Fertilizers & Agrochemicals,Fertilizers
BOHRAIND,Fertilizers & Agrochemicals,Fertilizers
ANYA,Fertilizers & Agrochemicals,Fertilizers
BALAJIPHOS,Fertilizers & Agrochemicals,Fertilizers
RALLIS,Fertilizers & Agrochemicals,Pesticides & Agrochemicals
BAYERCROP,Fertilizers & Agrochemicals,Pesticides & Agrochemicals
PUNJABCHEM,Fertilizers & Agrochemicals,Pesticides & Agrochemicals
DHANUKA,Fertilizers & Agrochemicals,Pesticides & Agrochemicals
UPL,Fertilizers & Agrochemicals,Pesticides & Agrochemicals
PIIND,Fertilizers & Agrochemicals,Pesticides & Agrochemicals
NACLIND,Fertilizers & Agrochemicals,Pesticides & Agrochemicals
INSECTICID,Fertilizers & Agrochemicals,Pesticides & Agrochemicals
SHARDACROP,Fertilizers & Agrochemicals,Pesticides & Agrochemicals
SHIVALIK,Fertilizers & Agrochemicals,Pesticides & Agrochemicals
SUMICHEM,Fertilizers & Agrochemicals,Pesticides & Agrochemicals
BHAGCHEM,Fertilizers & Agrochemicals,Pesticides & Agrochemicals
ASTEC,Fertilizers & Agrochemicals,Pesticides & Agrochemicals
BESTAGRO,Fertilizers & Agrochemicals,Pesticides & Agrochemicals
HERANBA,Fertilizers & Agrochemicals,Pesticides & Agrochemicals
IPL,Fertilizers & Agrochemicals,Pesticides & Agrochemicals
MOL,Fertilizers & Agrochemicals,Pesticides & Agrochemicals
DHARMAJ,Fertilizers & Agrochemicals,Pesticides & Agrochemicals
BHARATRAS,Fertilizers & Agrochemicals,Pesticides & Agrochemicals
SIKKO,Fertilizers & Agrochemicals,Pesticides & Agrochemicals
ARISTO,Fertilizers & Agrochemicals,Pesticides & Agrochemicals
CLSL,Fertilizers & Agrochemicals,Pesticides & Agrochemicals
AMBEY,Fertilizers & Agrochemicals,Pesticides & Agrochemicals
IFCI,Finance,Financial Institution
TFCILTD,Finance,Financial Institution
PFC,Finance,Financial Institution
RECLTD,Finance,Financial Institution
HUDCO,Finance,Financial Institution
IRFC,Finance,Financial Institution
IREDA,Finance,Financial Institution
BINANIIND,Finance,Holding Company
GFLLIMITED,Finance,Holding Company
BAJAJHLDNG,Finance,Holding Company
RANEHOLDIN,Finance,Holding Company
JMFINANCIL,Finance,Holding Company
PILANIINVS,Finance,Holding Company
CHOICEIN,Finance,Holding Company
EDELWEISS,Finance,Holding Company
BAJAJFINSV,Finance,Holding Company
BFINVEST,Finance,Holding Company
MAXIND,Finance,Holding Company
AHL,Finance,Holding Company
ACMESOLAR,Finance,Holding Company
AFSL,Finance,Holding Company
MAXIND-RE,Finance,Holding Company
LICHSGFIN,Finance,Housing Finance Company
CANFINHOME,Finance,Housing Finance Company
GICHSGFIN,Finance,Housing Finance Company
SRGHFL,Finance,Housing Finance Company
REPCOHOME,Finance,Housing Finance Company
SAMMAANCAP,Finance,Housing Finance Company
PNBHOUSING,Finance,Housing Finance Company
AAVAS,Finance,Housing Finance Company
HOMEFIRST,Finance,Housing Finance Company
APTUS,Finance,Housing Finance Company
INDIASHLTR,Finance,Housing Finance Company
AADHARHFC,Finance,Housing Finance Company
BAJAJHFL,Finance,Housing Finance Company
RHFL,Finance,Housing Finance Company
MAHSCOOTER,Finance,Investment Company
VHL,Finance,Investment Company
TATAINVEST,Finance,Investment Company
CHOLAHLDNG,Finance,Investment Company
VLSFINANCE,Finance,Investment Company
DCMFINSERV,Finance,Investment Company
WILLAMAGOR,Finance,Investment Company
TVSHLTD,Finance,Investment Company
SILINV,Finance,Investment Company
PARASPETRO,Finance,Investment Company
NSIL,Finance,Investment Company
PNBGILTS,Finance,Investment Company
JSWHL,Finance,Investment Company
NAGREEKCAP,Finance,Investment Company
RELIGARE,Finance,Investment Company
NAHARCAP,Finance,Investment Company
WELINV,Finance,Investment Company
SUMMITSEC,Finance,Investment Company
STEL,Finance,Investment Company
LTF,Finance,Investment Company
WORTH,Finance,Investment Company
OSWALGREEN,Finance,Investment Company
SCILAL,Finance,Investment Company
3PLAND,Finance,Investment Company
BLUECHIP,Finance,Investment Company
BLBLIMITED,Finance,Investment Company
KICL,Finance,Investment Company
DHUNINV,Finance,Investment Company
HEXATRADEX,Finance,Investment Company
JPOLYINVST,Finance,Investment Company
ABCAPITAL,Finance,Investment Company
BLAL,Finance,Investment Company
CONSOFINVT,Finance,Investment Company
GKWLIMITED,Finance,Investment Company
LFIC,Finance,Investment Company
MASKINVEST,Finance,Investment Company
NDGL,Finance,Investment Company
SUNDARMHLD,Finance,Investment Company
MCL,Finance,Investment Company
SATIN,Finance,Microfinance Institutions
SPANDANA,Finance,Microfinance Institutions
CREDITACC,Finance,Microfinance Institutions
FUSION,Finance,Microfinance Institutions
MUTHOOTMF,Finance,Microfinance Institutions
BAJFINANCE,Finance,Non Banking Financial Company (NBFC)
PEL,Finance,Non Banking Financial Company (NBFC)
TCIFINANCE,Finance,Non Banking Financial Company (NBFC)
IITL,Finance,Non Banking Financial Company (NBFC)
MANCREDIT,Finance,Non Banking Financial Company (NBFC)
SHRIRAMFIN,Finance,Non Banking Financial Company (NBFC)
CHOLAFIN,Finance,Non Banking Financial Company (NBFC)
CREST,Finance,Non Banking Financial Company (NBFC)
CAPTRUST,Finance,Non Banking Financial Company (NBFC)
TIMESGTY,Finance,Non Banking Financial Company (NBFC)
UGROCAP,Finance,Non Banking Financial Company (NBFC)
MUTHOOTCAP,Finance,Non Banking Financial Company (NBFC)
MASTERTR,Finance,Non Banking Financial Company (NBFC)
STARTECK,Finance,Non Banking Financial Company (NBFC)
POONAWALLA,Finance,Non Banking Financial Company (NBFC)
UYFINCORP,Finance,Non Banking Financial Company (NBFC)
MANAPPURAM,Finance,Non Banking Financial Company (NBFC)
HBSL,Finance,Non Banking Financial Company (NBFC)
IIFL,Finance,Non Banking Financial Company (NBFC)
M&MFIN,Finance,Non Banking Financial Company (NBFC)
TFL,Finance,Non Banking Financial Company (NBFC)
PAISALO,Finance,Non Banking Financial Company (NBFC)
PFS,Finance,Non Banking Financial Company (NBFC)
MUTHOOTFIN,Finance,Non Banking Financial Company (NBFC)
VIJIFIN,Finance,Non Banking Financial Company (NBFC)
RAJPUTANA,Finance,Non Banking Financial Company (NBFC)
TRU,Finance,Non Banking Financial Company (NBFC)
SBICARD,Finance,Non Banking Financial Company (NBFC)
SBFC,Finance,Non Banking Financial Company (NBFC)
SUNDARMFIN,Finance,Non Banking Financial Company (NBFC)
AVONMORE,Finance,Non Banking Financial Company (NBFC)
BAIDFIN,Finance,Non Banking Financial Company (NBFC)
CSLFINANCE,Finance,Non Banking Financial Company (NBFC)
ARMANFIN,Finance,Non Banking Financial Company (NBFC)
CGCL,Finance,Non Banking Financial Company (NBFC)
AIIL,Finance,Non Banking Financial Company (NBFC)
MASFIN,Finance,Non Banking Financial Company (NBFC)
INDOSTAR,Finance,Non Banking Financial Company (NBFC)
MUFIN,Finance,Non Banking Financial Company (NBFC)
FIVESTAR,Finance,Non Banking Financial Company (NBFC)
JIOFIN,Finance,Non Banking Financial Company (NBFC)
FEDFINA,Finance,Non Banking Financial Company (NBFC)
AFIL,Finance,Non Banking Financial Company (NBFC)
NORTHARC,Finance,Non Banking Financial Company (NBFC)
MANBA,Finance,Non Banking Financial Company (NBFC)
NBIFIN,Finance,Non Banking Financial Company (NBFC)
ASCOM,Finance,Non Banking Financial Company (NBFC)
IBLFL,Finance,Non Banking Financial Company (NBFC)
USHAFIN,Finance,Non Banking Financial Company (NBFC)
CIFL,Finance,Non Banking Financial Company (NBFC)
CRISIL,Finance,Other Financial Services
GLFL,Finance,Other Financial Services
NDLVENTURE,Finance,Other Financial Services
PRIMESECU,Finance,Other Financial Services
CENTRUM,Finance,Other Financial Services
KEYFINSERV,Finance,Other Financial Services
MAHAPEXLTD,Finance,Other Financial Services
THEINVEST,Finance,Other Financial Services
GATECH,Finance,Other Financial Services
DHANI,Finance,Other Financial Services
DELPHIFX,Finance,Other Financial Services
RELIABLE,Finance,Other Financial Services
GATECHDVR,Finance,Other Financial Services
WEALTH,Finance,Other Financial Services
BEACON,Finance,Other Financial Services
AKIKO,Finance,Other Financial Services
RNFI,Finance,Other Financial Services
MYMUDRA,Finance,Other Financial Services
GATDVR-RE,Finance,Other Financial Services
GATECH-RE1,Finance,Other Financial Services
SUVIDHAA,Financial Technology (Fintech),Financial Technology (Fintech)
INFIBEAM,Financial Technology (Fintech),Financial Technology (Fintech)
POLICYBZR,Financial Technology (Fintech),Financial Technology (Fintech)
PAYTM,Financial Technology (Fintech),Financial Technology (Fintech)
AGSTRA,Financial Technology (Fintech),Financial Technology (Fintech)
MOS,Financial Technology (Fintech),Financial Technology (Fintech)
MOBIKWIK,Financial Technology (Fintech),Financial Technology (Fintech)
AVANTIFEED,Food Products,Animal Feed
GODREJAGRO,Food Products,Animal Feed
NARMADA,Food Products,Animal Feed
MUKKA,Food Products,Animal Feed
AJOONI,Food Products,Animal Feed
UMANGDAIRY,Food Products,Dairy Products
VADILALIND,Food Products,Dairy Products
HERITGFOOD,Food Products,Dairy Products
HATSUN,Food Products,Dairy Products
PARAGMILK,Food Products,Dairy Products
SCPL,Food Products,Dairy Products
DODLA,Food Products,Dairy Products
VENKEYS,Food Products,Meat & Poultry
SKMEGGPROD,Food Products,Meat & Poultry
HMAAGRO,Food Products,Meat & Poultry
KORE,Food Products,Other Food Products
SANWARIA,Food Products,Other Food Products
ESSENTIA,Food Products,Other Food Products
MEGASTAR,Food Products,Other Food Products
MANORAMA,Food Products,Other Food Products
DANGEE,Food Products,Other Food Products
KRISHIVAL,Food Products,Other Food Products
PROV,Food Products,Other Food Products
SSFL,Food Products,Other Food Products
MADHUSUDAN,Food Products,Other Food Products
GOYALSALT,Food Products,Other Food Products
BABAFP,Food Products,Other Food Products
HOACFOODS,Food Products,Other Food Products
JEYYAM,Food Products,Other Food Products
FRESHARA,Food Products,Other Food Products
SHRIAHIMSA,Food Products,Other Food Products
NESTLEIND,Food Products,Packaged Foods
BRITANNIA,Food Products,Packaged Foods
BBTC,Food Products,Packaged Foods
FOODSIN,Food Products,Packaged Foods
TASTYBITE,Food Products,Packaged Foods
ZYDUSWELL,Food Products,Packaged Foods
PALASHSECU,Food Products,Packaged Foods
DIAMONDYD,Food Products,Packaged Foods
ADFFOODS,Food Products,Packaged Foods
NGIL,Food Products,Packaged Foods
BECTORFOOD,Food Products,Packaged Foods
BIKAJI,Food Products,Packaged Foods
GOPAL,Food Products,Packaged Foods
EIFFL,Food Products,Packaged Foods
TAPIFRUIT,Food Products,Packaged Foods
ANNAPURNA,Food Products,Packaged Foods
ITALIANE,Food Products,Packaged Foods
COASTCORP,Food Products,Seafood
ZEAL,Food Products,Seafood
APEX,Food Products,Seafood
GAIL,Gas,Gas Transmission-Marketing
GSPL,Gas,Gas Transmission-Marketing
INDIFRA,Gas,Gas Transmission-Marketing
IGL,Gas,LPG-CNG-PNG-LNG Supplier
PETRONET,Gas,LPG-CNG-PNG-LNG Supplier
CONFIPET,Gas,LPG-CNG-PNG-LNG Supplier
GUJGASLTD,Gas,LPG-CNG-PNG-LNG Supplier
MGL,Gas,LPG-CNG-PNG-LNG Supplier
ATGL,Gas,LPG-CNG-PNG-LNG Supplier
IRMENERGY,Gas,LPG-CNG-PNG-LNG Supplier
KOTYARK,Gas,LPG-CNG-PNG-LNG Supplier
AEGISLOG,Gas,Trading - Gas
POLYMED,Healthcare Equipment & Supplies,Medical Equipment & Supplies
TARSONS,Healthcare Equipment & Supplies,Medical Equipment & Supplies
NURECA,Healthcare Equipment & Supplies,Medical Equipment & Supplies
MHHL,Healthcare Equipment & Supplies,Medical Equipment & Supplies
MADHAVBAUG,Healthcare Equipment & Supplies,Medical Equipment & Supplies
QMSMEDI,Healthcare Equipment & Supplies,Medical Equipment & Supplies
DENTALKART,Healthcare Equipment & Supplies,Medical Equipment & Supplies
APRAMEYA,Healthcare Equipment & Supplies,Medical Equipment & Supplies
OSELDEVICE,Healthcare Equipment & Supplies,Medical Equipment & Supplies
LAXMIDENTL,Healthcare Equipment & Supplies,Medical Equipment & Supplies
VIMTALABS,Healthcare Services,Healthcare Analytics & Tech
SUVEN,Healthcare Services,Healthcare Analytics & Tech
TAKE,Healthcare Services,Healthcare Analytics & Tech
SYNGENE,Healthcare Services,Healthcare Analytics & Tech
INDGN,Healthcare Services,Healthcare Analytics & Tech
SASTASUNDR,Healthcare Services,Healthcare Service Provider
THYROCARE,Healthcare Services,Healthcare Service Provider
VIJAYA,Healthcare Services,Healthcare Service Provider
LALPATHLAB,Healthcare Services,Healthcare Service Provider
METROPOLIS,Healthcare Services,Healthcare Service Provider
KRSNAA,Healthcare Services,Healthcare Service Provider
NIDAN,Healthcare Services,Healthcare Service Provider
SURAKSHA,Healthcare Services,Healthcare Service Provider
CHANDAN,Healthcare Services,Healthcare Service Provider
INDRAMEDCO,Healthcare Services,Hospital
LOTUSEYE,Healthcare Services,Hospital
NH,Healthcare Services,Hospital
SHALBY,Healthcare Services,Hospital
RAINBOW,Healthcare Services,Hospital
YATHARTH,Healthcare Services,Hospital
APOLLOHOSP,Healthcare Services,Hospital
FORTIS,Healthcare Services,Hospital
HCG,Healthcare Services,Hospital
ASTERDM,Healthcare Services,Hospital
ARTEMISMED,Healthcare Services,Hospital
MAXHEALTH,Healthcare Services,Hospital
KIMS,Healthcare Services,Hospital
MEDANTA,Healthcare Services,Hospital
JLHL,Healthcare Services,Hospital
GPTHEALTH,Healthcare Services,Hospital
AATMAJ,Healthcare Services,Hospital
SANGANI,Healthcare Services,Hospital
UNIHEALTH,Healthcare Services,Hospital
MAITREYA,Healthcare Services,Hospital
NEPHROCARE,Healthcare Services,Hospital
AGARWALEYE,Healthcare Services,Hospital
NIPPOBATRY,Household Products,Household Products
JINDALPHOT,Household Products,Household Products
JYOTHYLAB,Household Products,Household Products
UNIVPHOTO,Household Products,Household Products
EVEREADY,Household Products,Household Products
AMBICAAGAR,Household Products,Household Products
KOKUYOCMLN,Household Products,Stationary
LINC,Household Products,Stationary
SUNDARAM,Household Products,Stationary
FLAIR,Household Products,Stationary
DOMS,Household Products,Stationary
KSHITIJPOL,Household Products,Stationary
VASA,Household Products,Stationary
HCL-INSYS,IT - Hardware,Computers Hardware & Equipments
NELCO,IT - Hardware,Computers Hardware & Equipments
SMARTLINK,IT - Hardware,Computers Hardware & Equipments
TVSELECT,IT - Hardware,Computers Hardware & Equipments
CONTROLPR,IT - Hardware,Computers Hardware & Equipments
CEREBRAINT,IT - Hardware,Computers Hardware & Equipments
DLINKINDIA,IT - Hardware,Computers Hardware & Equipments
DCI,IT - Hardware,Computers Hardware & Equipments
NETWEB,IT - Hardware,Computers Hardware & Equipments
RPTECH,IT - Hardware,Computers Hardware & Equipments
COMPINFO,IT - Hardware,Computers Hardware & Equipments
RICHA,IT - Hardware,Computers Hardware & Equipments
NEWJAISA,IT - Hardware,Computers Hardware & Equipments
ESCONET,IT - Hardware,Computers Hardware & Equipments
SLONE,IT - Hardware,Computers Hardware & Equipments
BBOX,IT - Services,IT Enabled Services
DCM,IT - Services,IT Enabled Services
GENESYS,IT - Services,IT Enabled Services
VAKRANGEE,IT - Services,IT Enabled Services
SECURKLOUD,IT - Services,IT Enabled Services
DIGISPICE,IT - Services,IT Enabled Services
ONWARDTEC,IT - Services,IT Enabled Services
MOLDTECH,IT - Services,IT Enabled Services
IZMO,IT - Services,IT Enabled Services
PALREDTEC,IT - Services,IT Enabled Services
SASKEN,IT - Services,IT Enabled Services
RSYSTEMS,IT - Services,IT Enabled Services
INSPIRISYS,IT - Services,IT Enabled Services
TERASOFT,IT - Services,IT Enabled Services
SILVERTUC,IT - Services,IT Enabled Services
SIGMA,IT - Services,IT Enabled Services
VLEGOV,IT - Services,IT Enabled Services
ZAGGLE,IT - Services,IT Enabled Services
TATATECH,IT - Services,IT Enabled Services
ADROITINFO,IT - Services,IT Enabled Services
CYIENT,IT - Services,IT Enabled Services
DSSL,IT - Services,IT Enabled Services
AXISCADES,IT - Services,IT Enabled Services
DATAMATICS,IT - Services,IT Enabled Services
FCSSOFT,IT - Services,IT Enabled Services
ASMS,IT - Services,IT Enabled Services
HOVS,IT - Services,IT Enabled Services
ADSL,IT - Services,IT Enabled Services
GSS,IT - Services,IT Enabled Services
EXPLEOSOL,IT - Services,IT Enabled Services
CIGNITITEC,IT - Services,IT Enabled Services
AURUM,IT - Services,IT Enabled Services
LTTS,IT - Services,IT Enabled Services
AFFLE,IT - Services,IT Enabled Services
DEVIT,IT - Services,IT Enabled Services
EMUDHRA,IT - Services,IT Enabled Services
AIRAN,IT - Services,IT Enabled Services
BLSE,IT - Services,IT Enabled Services
ORIENTTECH,IT - Services,IT Enabled Services
BGLOBAL,IT - Services,IT Enabled Services
PANACHE,IT - Services,IT Enabled Services
ROLTA,IT - Services,IT Enabled Services
E2E,IT - Services,IT Enabled Services
MINDPOOL,IT - Services,IT Enabled Services
NPST,IT - Services,IT Enabled Services
QUADPRO,IT - Services,IT Enabled Services
VERTEXPLUS,IT - Services,IT Enabled Services
SAHANA,IT - Services,IT Enabled Services
SYNOPTICS,IT - Services,IT Enabled Services
ROXHITECH,IT - Services,IT Enabled Services
ENFUSE,IT - Services,IT Enabled Services
ENSER,IT - Services,IT Enabled Services
SAGILITY,IT - Services,IT Enabled Services
ODIGMA,IT - Services,IT Enabled Services
IKS,IT - Services,IT Enabled Services
PROTEAN,IT - Services,IT Enabled Services
INFY,IT - Software,Computers - Software & Consulting
TATAELXSI,IT - Software,Computers - Software & Consulting
ZENSARTECH,IT - Software,Computers - Software & Consulting
WIPRO,IT - Software,Computers - Software & Consulting
MINDTECK,IT - Software,Computers - Software & Consulting
RSSOFTWARE,IT - Software,Computers - Software & Consulting
TRIGYN,IT - Software,Computers - Software & Consulting
KELLTONTEC,IT - Software,Computers - Software & Consulting
MASTEK,IT - Software,Computers - Software & Consulting
MPHASIS,IT - Software,Computers - Software & Consulting
XTGLOBAL,IT - Software,Computers - Software & Consulting
SONATSOFTW,IT - Software,Computers - Software & Consulting
ORCHASP,IT - Software,Computers - Software & Consulting
HCLTECH,IT - Software,Computers - Software & Consulting
TCS,IT - Software,Computers - Software & Consulting
XCHANGING,IT - Software,Computers - Software & Consulting
TECHM,IT - Software,Computers - Software & Consulting
PERSISTENT,IT - Software,Computers - Software & Consulting
MCLOUD,IT - Software,Computers - Software & Consulting
NINSYS,IT - Software,Computers - Software & Consulting
NEWGEN,IT - Software,Computers - Software & Consulting
TREJHARA,IT - Software,Computers - Software & Consulting
SECMARK,IT - Software,Computers - Software & Consulting
RATEGAIN,IT - Software,Computers - Software & Consulting
SOFTTECH,IT - Software,Computers - Software & Consulting
63MOONS,IT - Software,Computers - Software & Consulting
GOLDTECH,IT - Software,Computers - Software & Consulting
CYBERTECH,IT - Software,Computers - Software & Consulting
ACCELYA,IT - Software,Computers - Software & Consulting
CALSOFT,IT - Software,Computers - Software & Consulting
BSOFT,IT - Software,Computers - Software & Consulting
COFORGE,IT - Software,Computers - Software & Consulting
3IINFOLTD,IT - Software,Computers - Software & Consulting
AURIONPRO,IT - Software,Computers - Software & Consulting
CTE,IT - Software,Computers - Software & Consulting
INTELLECT,IT - Software,Computers - Software & Consulting
LTIM,IT - Software,Computers - Software & Consulting
GSTL,IT - Software,Computers - Software & Consulting
KPITTECH,IT - Software,Computers - Software & Consulting
HAPPSTMNDS,IT - Software,Computers - Software & Consulting
DRCSYSTEMS,IT - Software,Computers - Software & Consulting
FOCUS,IT - Software,Computers - Software & Consulting
LATENTVIEW,IT - Software,Computers - Software & Consulting
KSOLVES,IT - Software,Computers - Software & Consulting
INFOBEAN,IT - Software,Computers - Software & Consulting
SAKSOFT,IT - Software,Computers - Software & Consulting
EQUIPPP,IT - Software,Computers - Software & Consulting
QUINTEGRA,IT - Software,Computers - Software & Consulting
INNOVANA,IT - Software,Computers - Software & Consulting
FIDEL,IT - Software,Computers - Software & Consulting
ALLETEC,IT - Software,Computers - Software & Consulting
SYSTANGO,IT - Software,Computers - Software & Consulting
QUICKTOUCH,IT - Software,Computers - Software & Consulting
GVPTECH,IT - Software,Computers - Software & Consulting
YUDIZ,IT - Software,Computers - Software & Consulting
KODYTECH,IT - Software,Computers - Software & Consulting
CANARYS,IT - Software,Computers - Software & Consulting
MICROPRO,IT - Software,Computers - Software & Consulting
TECHLABS,IT - Software,Computers - Software & Consulting
DELAPLEX,IT - Software,Computers - Software & Consulting
TAC,IT - Software,Computers - Software & Consulting
SATECH,IT - Software,Computers - Software & Consulting
PARAMATRIX,IT - Software,Computers - Software & Consulting
HEXT,IT - Software,Computers - Software & Consulting
CURAA,IT - Software,Computers - Software & Consulting
NUCLEUS,IT - Software,Software Products
INTENTECH,IT - Software,Software Products
SUBEXLTD,IT - Software,Software Products
RAMCOSYS,IT - Software,Software Products
VIRINCHI,IT - Software,Software Products
MOSCHIP,IT - Software,Software Products
OFSS,IT - Software,Software Products
TANLA,IT - Software,Software Products
QUICKHEAL,IT - Software,Software Products
XELPMOC,IT - Software,Software Products
UNIECOM,IT - Software,Software Products
IRIS,IT - Software,Software Products
MAPMYINDIA,IT - Software,Software Products
TRUST,IT - Software,Software Products
HMT,Industrial Manufacturing,Industrial Products
LMW,Industrial Manufacturing,Industrial Products
PREMIER,Industrial Manufacturing,Industrial Products
HIRECT,Industrial Manufacturing,Industrial Products
INDIANHUME,Industrial Manufacturing,Industrial Products
DYNAMATECH,Industrial Manufacturing,Industrial Products
GMMPFAUDLR,Industrial Manufacturing,Industrial Products
MANUGRAPH,Industrial Manufacturing,Industrial Products
ELECON,Industrial Manufacturing,Industrial Products
HERCULES,Industrial Manufacturing,Industrial Products
TRF,Industrial Manufacturing,Industrial Products
WALCHANNAG,Industrial Manufacturing,Industrial Products
INTLCONV,Industrial Manufacturing,Industrial Products
PENIND,Industrial Manufacturing,Industrial Products
PITTIENG,Industrial Manufacturing,Industrial Products
HONAUT,Industrial Manufacturing,Industrial Products
UNIDT,Industrial Manufacturing,Industrial Products
WINDMACHIN,Industrial Manufacturing,Industrial Products
SHANTIGEAR,Industrial Manufacturing,Industrial Products
HONDAPOWER,Industrial Manufacturing,Industrial Products
PRAJIND,Industrial Manufacturing,Industrial Products
HLEGLAS,Industrial Manufacturing,Industrial Products
GUJAPOLLO,Industrial Manufacturing,Industrial Products
EIMCOELECO,Industrial Manufacturing,Industrial Products
MAHEPC,Industrial Manufacturing,Industrial Products
MAZDA,Industrial Manufacturing,Industrial Products
KABRAEXTRU,Industrial Manufacturing,Industrial Products
LOKESHMACH,Industrial Manufacturing,Industrial Products
MICEL,Industrial Manufacturing,Industrial Products
SOMICONVEY,Industrial Manufacturing,Industrial Products
TEXRAIL,Industrial Manufacturing,Industrial Products
SALASAR,Industrial Manufacturing,Industrial Products
ANUP,Industrial Manufacturing,Industrial Products
TEGA,Industrial Manufacturing,Industrial Products
SYRMA,Industrial Manufacturing,Industrial Products
CENTUM,Industrial Manufacturing,Industrial Products
EKC,Industrial Manufacturing,Industrial Products
DUCON,Industrial Manufacturing,Industrial Products
LLOYDSENGG,Industrial Manufacturing,Industrial Products
AFFORDABLE,Industrial Manufacturing,Industrial Products
ATAM,Industrial Manufacturing,Industrial Products
KAYNES,Industrial Manufacturing,Industrial Products
CYIENTDLM,Industrial Manufacturing,Industrial Products
JYOTICNC,Industrial Manufacturing,Industrial Products
JNKINDIA,Industrial Manufacturing,Industrial Products
DEEDEV,Industrial Manufacturing,Industrial Products
GALAPREC,Industrial Manufacturing,Industrial Products
JASH,Industrial Manufacturing,Industrial Products
MACPOWER,Industrial Manufacturing,Industrial Products
ICEMAKE,Industrial Manufacturing,Industrial Products
AARON,Industrial Manufacturing,Industrial Products
MARINE,Industrial Manufacturing,Industrial Products
BEWLTD,Industrial Manufacturing,Industrial Products
CROWN,Industrial Manufacturing,Industrial Products
MARSHALL,Industrial Manufacturing,Industrial Products
SPECTRUM,Industrial Manufacturing,Industrial Products
THEJO,Industrial Manufacturing,Industrial Products
ISHAN,Industrial Manufacturing,Industrial Products
GLOBALPET,Industrial Manufacturing,Industrial Products
VINYAS,Industrial Manufacturing,Industrial Products
PRESSTONIC,Industrial Manufacturing,Industrial Products
SONAMAC,Industrial Manufacturing,Industrial Products
EMMIL,Industrial Manufacturing,Industrial Products
AIMTRON,Industrial Manufacturing,Industrial Products
PRIZOR,Industrial Manufacturing,Industrial Products
KATARIA,Industrial Manufacturing,Industrial Products
BOSS,Industrial Manufacturing,Industrial Products
RVTH,Industrial Manufacturing,Industrial Products
MAMATA,Industrial Manufacturing,Industrial Products
SGLTL,Industrial Manufacturing,Industrial Products
BAJAJINDEF,Industrial Manufacturing,Industrial Products
TITAGARH,Industrial Manufacturing,Railway Wagons
JWL,Industrial Manufacturing,Railway Wagons
COCHINSHIP,Industrial Manufacturing,Shipbuilding & Services
MAZDOCK,Industrial Manufacturing,Shipbuilding & Services
SWANDEF,Industrial Manufacturing,Shipbuilding & Services
SKFINDIA,Industrial Products,Abrasives & Bearings
WENDT,Industrial Products,Abrasives & Bearings
GRINDWELL,Industrial Products,Abrasives & Bearings
TIMKEN,Industrial Products,Abrasives & Bearings
NIBL,Industrial Products,Abrasives & Bearings
CARBORUNIV,Industrial Products,Abrasives & Bearings
SKP,Industrial Products,Abrasives & Bearings
CENTEXT,Industrial Products,"Aluminium, Copper & Zinc Products"
PRECWIRE,Industrial Products,"Aluminium, Copper & Zinc Products"
CUBEXTUB,Industrial Products,"Aluminium, Copper & Zinc Products"
SAGARDEEP,Industrial Products,"Aluminium, Copper & Zinc Products"
RAJMET,Industrial Products,"Aluminium, Copper & Zinc Products"
EUROBOND,Industrial Products,"Aluminium, Copper & Zinc Products"
BAHETI,Industrial Products,"Aluminium, Copper & Zinc Products"
SHERA,Industrial Products,"Aluminium, Copper & Zinc Products"
ALUWIND,Industrial Products,"Aluminium, Copper & Zinc Products"
RAJINDLTD,Industrial Products,"Aluminium, Copper & Zinc Products"
SUNLITE,Industrial Products,"Aluminium, Copper & Zinc Products"
FINCABLES,Industrial Products,Cables - Electricals
UNIVCABLES,Industrial Products,Cables - Electricals
KEI,Industrial Products,Cables - Electricals
PARACABLES,Industrial Products,Cables - Electricals
POLYCAB,Industrial Products,Cables - Electricals
CORDSCABLE,Industrial Products,Cables - Electricals
DYCL,Industrial Products,Cables - Electricals
RRKABEL,Industrial Products,Cables - Electricals
PLAZACABLE,Industrial Products,Cables - Electricals
CMICABLES,Industrial Products,Cables - Electricals
GODHA,Industrial Products,Cables - Electricals
VMARCIND,Industrial Products,Cables - Electricals
MARCO,Industrial Products,Cables - Electricals
DCG,Industrial Products,Cables - Electricals
DPEL,Industrial Products,Cables - Electricals
QUADFUTURE,Industrial Products,Cables - Electricals
KALYANIFRG,Industrial Products,Castings & Forgings
STEELCAS,Industrial Products,Castings & Forgings
NELCAST,Industrial Products,Castings & Forgings
SGIL,Industrial Products,Castings & Forgings
BALUFORGE,Industrial Products,Castings & Forgings
AIAENG,Industrial Products,Castings & Forgings
HILTON,Industrial Products,Castings & Forgings
CREATIVE,Industrial Products,Castings & Forgings
HAPPYFORGE,Industrial Products,Castings & Forgings
TIRUPATIFL,Industrial Products,Castings & Forgings
GANGAFORGE,Industrial Products,Castings & Forgings
SCML,Industrial Products,Castings & Forgings
ABHAPOWER,Industrial Products,Castings & Forgings
INGERRAND,Industrial Products,"Compressors, Pumps & Engines"
KIRLOSBROS,Industrial Products,"Compressors, Pumps & Engines"
KSB,Industrial Products,"Compressors, Pumps & Engines"
SWARAJENG,Industrial Products,"Compressors, Pumps & Engines"
CUMMINSIND,Industrial Products,"Compressors, Pumps & Engines"
GREAVESCOT,Industrial Products,"Compressors, Pumps & Engines"
KIRLPNU,Industrial Products,"Compressors, Pumps & Engines"
ROTO,Industrial Products,"Compressors, Pumps & Engines"
ELGIEQUIP,Industrial Products,"Compressors, Pumps & Engines"
YUKEN,Industrial Products,"Compressors, Pumps & Engines"
SHAKTIPUMP,Industrial Products,"Compressors, Pumps & Engines"
KIRLOSENG,Industrial Products,"Compressors, Pumps & Engines"
LATTEYS,Industrial Products,"Compressors, Pumps & Engines"
MAKS,Industrial Products,"Compressors, Pumps & Engines"
ORIENTCER,Industrial Products,Electrodes & Refractories
GRAPHITE,Industrial Products,Electrodes & Refractories
HEG,Industrial Products,Electrodes & Refractories
VESUVIUS,Industrial Products,Electrodes & Refractories
RHIM,Industrial Products,Electrodes & Refractories
RPEL,Industrial Products,Electrodes & Refractories
IFGLEXPOR,Industrial Products,Electrodes & Refractories
DENORA,Industrial Products,Electrodes & Refractories
SPRL,Industrial Products,Electrodes & Refractories
REFRACTORY,Industrial Products,Electrodes & Refractories
ROYALARC,Industrial Products,Electrodes & Refractories
BORORENEW,Industrial Products,Glass - Industrial
SEJALLTD,Industrial Products,Glass - Industrial
BOROSCI,Industrial Products,Glass - Industrial
AGARWALFT,Industrial Products,Glass - Industrial
AGARWALTUF,Industrial Products,Glass - Industrial
ELECTCAST,Industrial Products,Iron & Steel Products
KSL,Industrial Products,Iron & Steel Products
MAHSEAMLES,Industrial Products,Iron & Steel Products
SURYAROSNI,Industrial Products,Iron & Steel Products
JINDALSAW,Industrial Products,Iron & Steel Products
SATINDLTD,Industrial Products,Iron & Steel Products
SBCL,Industrial Products,Iron & Steel Products
GANDHITUBE,Industrial Products,Iron & Steel Products
MANINDS,Industrial Products,Iron & Steel Products
SHAHALLOYS,Industrial Products,Iron & Steel Products
MAHASTEEL,Industrial Products,Iron & Steel Products
USHAMART,Industrial Products,Iron & Steel Products
RATNAMANI,Industrial Products,Iron & Steel Products
JAYNECOIND,Industrial Products,Iron & Steel Products
GOODLUCK,Industrial Products,Iron & Steel Products
SURAJLTD,Industrial Products,Iron & Steel Products
ZENITHSTL,Industrial Products,Iron & Steel Products
WELCORP,Industrial Products,Iron & Steel Products
MSPL,Industrial Products,Iron & Steel Products
KAMDHENU,Industrial Products,Iron & Steel Products
TIIL,Industrial Products,Iron & Steel Products
MANAKSIA,Industrial Products,Iron & Steel Products
PRAKASHSTL,Industrial Products,Iron & Steel Products
SHAH,Industrial Products,Iron & Steel Products
VSSL,Industrial Products,Iron & Steel Products
STEELXIND,Industrial Products,Iron & Steel Products
MANAKCOAT,Industrial Products,Iron & Steel Products
RAMASTEEL,Industrial Products,Iron & Steel Products
SMLT,Industrial Products,Iron & Steel Products
SHYAMMETL,Industrial Products,Iron & Steel Products
VENUSPIPES,Industrial Products,Iron & Steel Products
VSTL,Industrial Products,Iron & Steel Products
ELECTHERM,Industrial Products,Iron & Steel Products
GALLANTT,Industrial Products,Iron & Steel Products
GPIL,Industrial Products,Iron & Steel Products
BEDMUTHA,Industrial Products,Iron & Steel Products
APLAPOLLO,Industrial Products,Iron & Steel Products
JTLIND,Industrial Products,Iron & Steel Products
INCREDIBLE,Industrial Products,Iron & Steel Products
BHARATWIRE,Industrial Products,Iron & Steel Products
HITECH,Industrial Products,Iron & Steel Products
HARIOMPIPE,Industrial Products,Iron & Steel Products
DPWIRES,Industrial Products,Iron & Steel Products
AEROFLEX,Industrial Products,Iron & Steel Products
RATNAVEER,Industrial Products,Iron & Steel Products
BANSALWIRE,Industrial Products,Iron & Steel Products
HISARMETAL,Industrial Products,Iron & Steel Products
GFSTEELS,Industrial Products,Iron & Steel Products
SUPREMEENG,Industrial Products,Iron & Steel Products
TEMBO,Industrial Products,Iron & Steel Products
KRITIKA,Industrial Products,Iron & Steel Products
SURANI,Industrial Products,Iron & Steel Products
SWASTIK,Industrial Products,Iron & Steel Products
QFIL,Industrial Products,Iron & Steel Products
PATTECH,Industrial Products,Iron & Steel Products
AGUL,Industrial Products,Iron & Steel Products
DENEERS,Industrial Products,Iron & Steel Products
KRISHCA,Industrial Products,Iron & Steel Products
MAL,Industrial Products,Iron & Steel Products
DEEM,Industrial Products,Iron & Steel Products
VISAMAN,Industrial Products,Iron & Steel Products
JAYBEE,Industrial Products,Iron & Steel Products
AUSL,Industrial Products,Iron & Steel Products
KALANA,Industrial Products,Iron & Steel Products
NMSTEEL,Industrial Products,Iron & Steel Products
PSRAJ,Industrial Products,Iron & Steel Products
AMEYA,Industrial Products,Other Industrial Products
SRIVASAVI,Industrial Products,Other Industrial Products
AUROIMPEX,Industrial Products,Other Industrial Products
JIWANRAM,Industrial Products,Other Industrial Products
HOLMARC,Industrial Products,Other Industrial Products
MEGATHERM,Industrial Products,Other Industrial Products
CGRAPHICS,Industrial Products,Other Industrial Products
VILAS,Industrial Products,Other Industrial Products
AERON,Industrial Products,Other Industrial Products
SHUBHSHREE,Industrial Products,Other Industrial Products
EXCELLENT,Industrial Products,Other Industrial Products
ENVIRO,Industrial Products,Other Industrial Products
PSFL,Industrial Products,Other Industrial Products
RAPPID,Industrial Products,Other Industrial Products
WOL3D,Industrial Products,Other Industrial Products
SAHASRA,Industrial Products,Other Industrial Products
UHTL,Industrial Products,Other Industrial Products
ADOR,Industrial Products,Other Industrial Products
TANKUP,Industrial Products,Other Industrial Products
EPL,Industrial Products,Packaging
ESTER,Industrial Products,Packaging
UFLEX,Industrial Products,Packaging
JINDALPOLY,Industrial Products,Packaging
ROLLT,Industrial Products,Packaging
KANPRPLA,Industrial Products,Packaging
COSMOFIRST,Industrial Products,Packaging
HUHTAMAKI,Industrial Products,Packaging
ORICONENT,Industrial Products,Packaging
HINDNATGLS,Industrial Products,Packaging
TCPLPACK,Industrial Products,Packaging
NAHARPOLY,Industrial Products,Packaging
GUJRAFFIA,Industrial Products,Packaging
POLYPLEX,Industrial Products,Packaging
HITECHCORP,Industrial Products,Packaging
ORIENTLTD,Industrial Products,Packaging
TPLPLASTEH,Industrial Products,Packaging
SHREERAMA,Industrial Products,Packaging
MOLDTKPAC,Industrial Products,Packaging
SAH,Industrial Products,Packaging
BALAJEE,Industrial Products,Packaging
XPROINDIA,Industrial Products,Packaging
AGI,Industrial Products,Packaging
ARROWGREEN,Industrial Products,Packaging
AMDIND,Industrial Products,Packaging
EMMBI,Industrial Products,Packaging
COMSYN,Industrial Products,Packaging
BBTCL,Industrial Products,Packaging
PYRAMID,Industrial Products,Packaging
ANTGRAPHIC,Industrial Products,Packaging
AMJUMBO,Industrial Products,Packaging
RPPL,Industrial Products,Packaging
DKEGL,Industrial Products,Packaging
COOLCAPS,Industrial Products,Packaging
MEGAFLEX,Industrial Products,Packaging
SABAR,Industrial Products,Packaging
UMA,Industrial Products,Packaging
GSMFOILS,Industrial Products,Packaging
SATIPOLY,Industrial Products,Packaging
BULKCORP,Industrial Products,Packaging
IDEALTECHO,Industrial Products,Packaging
SPPPOLY,Industrial Products,Packaging
BARFLEX,Industrial Products,Packaging
JISLJALEQS,Industrial Products,Plastic Products - Industrial
GRWRHITECH,Industrial Products,Plastic Products - Industrial
FINPIPE,Industrial Products,Plastic Products - Industrial
SHAILY,Industrial Products,Plastic Products - Industrial
TAINWALCHM,Industrial Products,Plastic Products - Industrial
SUPREMEIND,Industrial Products,Plastic Products - Industrial
JAICORPLTD,Industrial Products,Plastic Products - Industrial
PREMIERPOL,Industrial Products,Plastic Products - Industrial
KINGFA,Industrial Products,Plastic Products - Industrial
KRITI,Industrial Products,Plastic Products - Industrial
TIMETECHNO,Industrial Products,Plastic Products - Industrial
TEXMOPIPES,Industrial Products,Plastic Products - Industrial
TIJARIA,Industrial Products,Plastic Products - Industrial
PPL,Industrial Products,Plastic Products - Industrial
PRINCEPIPE,Industrial Products,Plastic Products - Industrial
APOLLOPIPE,Industrial Products,Plastic Products - Industrial
ASTRAL,Industrial Products,Plastic Products - Industrial
JISLDVREQS,Industrial Products,Plastic Products - Industrial
AHIMSA,Industrial Products,Plastic Products - Industrial
AVSL,Industrial Products,Plastic Products - Industrial
REXPIPES,Industrial Products,Plastic Products - Industrial
RMDRIP,Industrial Products,Plastic Products - Industrial
SMVD,Industrial Products,Plastic Products - Industrial
TIRUPATI,Industrial Products,Plastic Products - Industrial
SHRITECH,Industrial Products,Plastic Products - Industrial
MASTER,Industrial Products,Plastic Products - Industrial
POLYSIL,Industrial Products,Plastic Products - Industrial
PURVFLEXI,Industrial Products,Plastic Products - Industrial
BALCO,Industrial Products,Plastic Products - Industrial
PIXTRANS,Industrial Products,Rubber
RUBFILA,Industrial Products,Rubber
HARRMALAYA,Industrial Products,Rubber
GRPLTD,Industrial Products,Rubber
SAMPANN,Industrial Products,Rubber
APCOTEXIND,Industrial Products,Rubber
ELGIRUBCO,Industrial Products,Rubber
GRCL,Industrial Products,Rubber
LRRPL,Industrial Products,Rubber
PENTAGON,Industrial Products,Rubber
TINNARUBR,Industrial Products,Rubber
NIACL,Insurance,General Insurance
STARHEALTH,Insurance,General Insurance
ICICIGI,Insurance,General Insurance
GICRE,Insurance,General Insurance
GODIGIT,Insurance,General Insurance
NIVABUPA,Insurance,General Insurance
MEDIASSIST,Insurance,Insurance Distributors
MFSL,Insurance,Life Insurance
SBILIFE,Insurance,Life Insurance
ICICIPRULI,Insurance,Life Insurance
HDFCLIFE,Insurance,Life Insurance
LICI,Insurance,Life Insurance
WONDERLA,Leisure Services,Amusement Parks-Other Recreation
DELTACORP,Leisure Services,Amusement Parks-Other Recreation
IMAGICAA,Leisure Services,Amusement Parks-Other Recreation
ASIANHOTNR,Leisure Services,Hotels & Resorts
HLVLTD,Leisure Services,Hotels & Resorts
ORIENTHOT,Leisure Services,Hotels & Resorts
EIHOTEL,Leisure Services,Hotels & Resorts
INDHOTEL,Leisure Services,Hotels & Resorts
SINCLAIR,Leisure Services,Hotels & Resorts
EIHAHOTELS,Leisure Services,Hotels & Resorts
VHLTD,Leisure Services,Hotels & Resorts
KAMATHOTEL,Leisure Services,Hotels & Resorts
HAVISHA,Leisure Services,Hotels & Resorts
BYKE,Leisure Services,Hotels & Resorts
ITDC,Leisure Services,Hotels & Resorts
TAJGVK,Leisure Services,Hotels & Resorts
ROHLTD,Leisure Services,Hotels & Resorts
TGBHOTELS,Leisure Services,Hotels & Resorts
KAUSHALYA,Leisure Services,Hotels & Resorts
MHRIL,Leisure Services,Hotels & Resorts
RHL,Leisure Services,Hotels & Resorts
SAMHI,Leisure Services,Hotels & Resorts
ADVANIHOTR,Leisure Services,Hotels & Resorts
CCHHL,Leisure Services,Hotels & Resorts
AHLEAST,Leisure Services,Hotels & Resorts
LEMONTREE,Leisure Services,Hotels & Resorts
CHALET,Leisure Services,Hotels & Resorts
PARKHOTELS,Leisure Services,Hotels & Resorts
JUNIPER,Leisure Services,Hotels & Resorts
APOLSINHOT,Leisure Services,Hotels & Resorts
BLUECOAST,Leisure Services,Hotels & Resorts
UNIVAFOODS,Leisure Services,Hotels & Resorts
SAJHOTELS,Leisure Services,Hotels & Resorts
VENTIVE,Leisure Services,Hotels & Resorts
ITCHOTELS,Leisure Services,Hotels & Resorts
GCHOTELS,Leisure Services,Hotels & Resorts
WESTLIFE,Leisure Services,Restaurants
SPECIALITY,Leisure Services,Restaurants
RBA,Leisure Services,Restaurants
SAPPHIRE,Leisure Services,Restaurants
JUBLFOOD,Leisure Services,Restaurants
BARBEQUE,Leisure Services,Restaurants
DEVYANI,Leisure Services,Restaurants
COFFEEDAY,Leisure Services,Restaurants
BIRDYS,Leisure Services,Restaurants
THOMASCOOK,Leisure Services,Travel Services
YATRA,Leisure Services,Travel Services
TBOTEK,Leisure Services,Travel Services
BLS,Leisure Services,Travel Services
IRCTC,Leisure Services,Travel Services
EASEMYTRIP,Leisure Services,Travel Services
IXIGO,Leisure Services,Travel Services
DUGLOBAL,Leisure Services,Travel Services
WINNY,Leisure Services,Travel Services
KAYA,Leisure Services,Wellness
LLOYDS,Leisure Services,Wellness
SIGNPOST,Media,Advertising & Media Agencies
DGCONTENT,Media,Advertising & Media Agencies
RKSWAMY,Media,Advertising & Media Agencies
VERTOZ,Media,Advertising & Media Agencies
CMRSL,Media,Advertising & Media Agencies
CRAYONS,Media,Advertising & Media Agencies
PRAMARA,Media,Advertising & Media Agencies
GRAPHISAD,Media,Advertising & Media Agencies
VERITAAS,Media,Advertising & Media Agencies
PPSL,Media,Advertising & Media Agencies
SAMBHAAV,Media,Electronic Media
CYBERMEDIA,Media,Electronic Media
DNAMEDIA,Media,Electronic Media
SANDESH,Media,Print Media
JAGRAN,Media,Print Media
HTMEDIA,Media,Print Media
DBCORP,Media,Print Media
HMVL,Media,Print Media
MPTODAY,Media,Print Media
PELATRO,Media,Web Media & Services
LLOYDSENT,Metals & Minerals Trading,Trading - Metals
ASHOKAMET,Metals & Minerals Trading,Trading - Metals
NRL,Metals & Minerals Trading,Trading - Metals
MWL,Metals & Minerals Trading,Trading - Metals
ARENTERP,Metals & Minerals Trading,Trading - Minerals
ADANIENT,Metals & Minerals Trading,Trading - Minerals
GOACARBON,Minerals & Mining,Industrial Minerals
NMDC,Minerals & Mining,Industrial Minerals
MOIL,Minerals & Mining,Industrial Minerals
ASHAPURMIN,Minerals & Mining,Industrial Minerals
GMDCLTD,Minerals & Mining,Industrial Minerals
20MICRONS,Minerals & Mining,Industrial Minerals
GRAVITA,Minerals & Mining,Industrial Minerals
ORISSAMINE,Minerals & Mining,Industrial Minerals
PCCL,Minerals & Mining,Industrial Minerals
HINDALCO,Non - Ferrous Metals,Aluminium
NATIONALUM,Non - Ferrous Metals,Aluminium
MAANALU,Non - Ferrous Metals,Aluminium
MANAKALUCO,Non - Ferrous Metals,Aluminium
MMP,Non - Ferrous Metals,Aluminium
HINDCOPPER,Non - Ferrous Metals,Copper
BHAGYANGR,Non - Ferrous Metals,Copper
HINDZINC,Non - Ferrous Metals,Zinc
JINDRILL,Oil,Offshore Drilling Solution
DOLPHIN,Oil,Offshore Drilling Solution
ABAN,Oil,Offshore Drilling Solution
ALPHAGEO,Oil,Offshore Drilling Solution
DEEPINDS,Oil,Offshore Drilling Solution
AAKASH,Oil,Offshore Drilling Solution
OILCOUNTUB,Oil,Oil Equipment & Services
ASIANENE,Oil,Oil Equipment & Services
RBMINFRA,Oil,Oil Equipment & Services
HINDOILEXP,Oil,Oil Exploration & Production
ONGC,Oil,Oil Exploration & Production
SELAN,Oil,Oil Exploration & Production
OIL,Oil,Oil Exploration & Production
PRABHA,Oil,Oil Exploration & Production
GANESHBE,Oil,Oil Storage & Transportation
EVERESTIND,Other Construction Materials,Other Construction Materials
RAMCOIND,Other Construction Materials,Other Construction Materials
MCON,Other Construction Materials,Other Construction Materials
VISHNUINFR,Other Construction Materials,Other Construction Materials
TOUCHWOOD,Other Construction Materials,Other Consumer Services
PARTYCRUS,Other Construction Materials,Other Consumer Services
EFACTOR,Other Construction Materials,Other Consumer Services
THESL,Other Construction Materials,Other Consumer Services
UMESLTD,Other Consumer Services,E-Learning
MPSLTD,Other Consumer Services,E-Learning
VERANDA,Other Consumer Services,E-Learning
GTECJAINX,Other Consumer Services,E-Learning
LAWSIKHO,Other Consumer Services,E-Learning
DHTL,Other Consumer Services,E-Learning
NIITLTD,Other Consumer Services,Education
LCCINFOTEC,Other Consumer Services,Education
ZEELEARN,Other Consumer Services,Education
TREEHOUSE,Other Consumer Services,Education
MTEDUCARE,Other Consumer Services,Education
KEEPLEARN,Other Consumer Services,Education
COMPUSOFT,Other Consumer Services,Education
APTECHT,Other Consumer Services,Education
CLEDUCATE,Other Consumer Services,Education
NIITMTS,Other Consumer Services,Education
EDUCOMP,Other Consumer Services,Education
GLOBAL,Other Consumer Services,Education
ARIHANTACA,Other Consumer Services,Education
MOXSH,Other Consumer Services,Education
DRONE,Other Consumer Services,Education
VINSYS,Other Consumer Services,Education
CPCAP,Other Consumer Services,Education
INOXGREEN,Other Utilities,Other Utilities
RACE,Other Utilities,Waste Management
AWHCL,Other Utilities,Waste Management
EMSLIMITED,Other Utilities,Waste Management
URBAN,Other Utilities,Waste Management
HIGREEN,Other Utilities,Waste Management
ZTECH,Other Utilities,Waste Management
EFFWA,Other Utilities,Waste Management
NAMOEWASTE,Other Utilities,Waste Management
CEWATER,Other Utilities,Waste Management
IONEXCHANG,Other Utilities,Water Supply & Management
WABAG,Other Utilities,Water Supply & Management
JITFINFRA,Other Utilities,Water Supply & Management
FELIX,Other Utilities,Water Supply & Management
EIEL,Other Utilities,Water Supply & Management
APEXECO,Other Utilities,Water Supply & Management
DENTA,Other Utilities,Water Supply & Management
CHEVIOT,"Paper, Forest & Jute Products",Jute & Jute Products
GLOSTERLTD,"Paper, Forest & Jute Products",Jute & Jute Products
RAMANEWS,"Paper, Forest & Jute Products",Paper & Paper Products
WSTCSTPAPR,"Paper, Forest & Jute Products",Paper & Paper Products
ORIENTPPR,"Paper, Forest & Jute Products",Paper & Paper Products
SESHAPAPER,"Paper, Forest & Jute Products",Paper & Paper Products
SHREYANIND,"Paper, Forest & Jute Products",Paper & Paper Products
STARPAPER,"Paper, Forest & Jute Products",Paper & Paper Products
PAKKA,"Paper, Forest & Jute Products",Paper & Paper Products
NRAIL,"Paper, Forest & Jute Products",Paper & Paper Products
TNPL,"Paper, Forest & Jute Products",Paper & Paper Products
JKPAPER,"Paper, Forest & Jute Products",Paper & Paper Products
MALUPAPER,"Paper, Forest & Jute Products",Paper & Paper Products
RUCHIRA,"Paper, Forest & Jute Products",Paper & Paper Products
MAGNUM,"Paper, Forest & Jute Products",Paper & Paper Products
KUANTUM,"Paper, Forest & Jute Products",Paper & Paper Products
SATIA,"Paper, Forest & Jute Products",Paper & Paper Products
PDMJEPAPER,"Paper, Forest & Jute Products",Paper & Paper Products
ABREL,"Paper, Forest & Jute Products",Paper & Paper Products
ANDHRAPAP,"Paper, Forest & Jute Products",Paper & Paper Products
EMAMIPAP,"Paper, Forest & Jute Products",Paper & Paper Products
GENUSPAPER,"Paper, Forest & Jute Products",Paper & Paper Products
BALKRISHNA,"Paper, Forest & Jute Products",Paper & Paper Products
ASTRON,"Paper, Forest & Jute Products",Paper & Paper Products
SHRENIK,"Paper, Forest & Jute Products",Paper & Paper Products
DABUR,Personal Products,Personal Care
PGHH,Personal Products,Personal Care
COLPAL,Personal Products,Personal Care
GILLETTE,Personal Products,Personal Care
JHS,Personal Products,Personal Care
CUPID,Personal Products,Personal Care
EMAMILTD,Personal Products,Personal Care
GODREJCP,Personal Products,Personal Care
BAJAJCON,Personal Products,Personal Care
HONASA,Personal Products,Personal Care
MACOBSTECH,Personal Products,Personal Care
HINDPETRO,Petroleum Products,Refineries & Marketing
MRPL,Petroleum Products,Refineries & Marketing
CHENNPETRO,Petroleum Products,Refineries & Marketing
RELIANCE,Petroleum Products,Refineries & Marketing
BPCL,Petroleum Products,Refineries & Marketing
IOC,Petroleum Products,Refineries & Marketing
ADVENZYMES,Pharmaceuticals & Biotechnology,Biotechnology
CIPLA,Pharmaceuticals & Biotechnology,Pharmaceuticals
DRREDDY,Pharmaceuticals & Biotechnology,Pharmaceuticals
PGHL,Pharmaceuticals & Biotechnology,Pharmaceuticals
LUPIN,Pharmaceuticals & Biotechnology,Pharmaceuticals
LYKALABS,Pharmaceuticals & Biotechnology,Pharmaceuticals
MOREPENLAB,Pharmaceuticals & Biotechnology,Pharmaceuticals
TORNTPHARM,Pharmaceuticals & Biotechnology,Pharmaceuticals
GLAXO,Pharmaceuticals & Biotechnology,Pharmaceuticals
SANOFI,Pharmaceuticals & Biotechnology,Pharmaceuticals
PFIZER,Pharmaceuticals & Biotechnology,Pharmaceuticals
BLISSGVS,Pharmaceuticals & Biotechnology,Pharmaceuticals
UNICHEMLAB,Pharmaceuticals & Biotechnology,Pharmaceuticals
GUJTHEM,Pharmaceuticals & Biotechnology,Pharmaceuticals
JBCHEPHARM,Pharmaceuticals & Biotechnology,Pharmaceuticals
JAGSNPHARM,Pharmaceuticals & Biotechnology,Pharmaceuticals
GUFICBIO,Pharmaceuticals & Biotechnology,Pharmaceuticals
SEQUENT,Pharmaceuticals & Biotechnology,Pharmaceuticals
IOLCP,Pharmaceuticals & Biotechnology,Pharmaceuticals
WANBURY,Pharmaceuticals & Biotechnology,Pharmaceuticals
KOPRAN,Pharmaceuticals & Biotechnology,Pharmaceuticals
ORCHPHARMA,Pharmaceuticals & Biotechnology,Pharmaceuticals
MARKSANS,Pharmaceuticals & Biotechnology,Pharmaceuticals
SYNCOMF,Pharmaceuticals & Biotechnology,Pharmaceuticals
IPCALAB,Pharmaceuticals & Biotechnology,Pharmaceuticals
KILITCH,Pharmaceuticals & Biotechnology,Pharmaceuticals
KREBSBIO,Pharmaceuticals & Biotechnology,Pharmaceuticals
NEULANDLAB,Pharmaceuticals & Biotechnology,Pharmaceuticals
INDSWFTLTD,Pharmaceuticals & Biotechnology,Pharmaceuticals
NATCAPSUQ,Pharmaceuticals & Biotechnology,Pharmaceuticals
HESTERBIO,Pharmaceuticals & Biotechnology,Pharmaceuticals
SUNPHARMA,Pharmaceuticals & Biotechnology,Pharmaceuticals
HIKAL,Pharmaceuticals & Biotechnology,Pharmaceuticals
NGLFINE,Pharmaceuticals & Biotechnology,Pharmaceuticals
NATCOPHARM,Pharmaceuticals & Biotechnology,Pharmaceuticals
VENUSREM,Pharmaceuticals & Biotechnology,Pharmaceuticals
JUBLPHARMA,Pharmaceuticals & Biotechnology,Pharmaceuticals
THEMISMED,Pharmaceuticals & Biotechnology,Pharmaceuticals
SHILPAMED,Pharmaceuticals & Biotechnology,Pharmaceuticals
MEDICAMEQ,Pharmaceuticals & Biotechnology,Pharmaceuticals
PANACEABIO,Pharmaceuticals & Biotechnology,Pharmaceuticals
LINCOLN,Pharmaceuticals & Biotechnology,Pharmaceuticals
WOCKPHARMA,Pharmaceuticals & Biotechnology,Pharmaceuticals
INDSWFTLAB,Pharmaceuticals & Biotechnology,Pharmaceuticals
ZYDUSLIFE,Pharmaceuticals & Biotechnology,Pharmaceuticals
STAR,Pharmaceuticals & Biotechnology,Pharmaceuticals
INDOCO,Pharmaceuticals & Biotechnology,Pharmaceuticals
MANGALAM,Pharmaceuticals & Biotechnology,Pharmaceuticals
NECLIFE,Pharmaceuticals & Biotechnology,Pharmaceuticals
SMSPHARMA,Pharmaceuticals & Biotechnology,Pharmaceuticals
SPARC,Pharmaceuticals & Biotechnology,Pharmaceuticals
RPGLIFE,Pharmaceuticals & Biotechnology,Pharmaceuticals
ORTINGLOBE,Pharmaceuticals & Biotechnology,Pharmaceuticals
SMSLIFE,Pharmaceuticals & Biotechnology,Pharmaceuticals
ZIMLAB,Pharmaceuticals & Biotechnology,Pharmaceuticals
SOLARA,Pharmaceuticals & Biotechnology,Pharmaceuticals
SUVENPHAR,Pharmaceuticals & Biotechnology,Pharmaceuticals
VINEETLAB,Pharmaceuticals & Biotechnology,Pharmaceuticals
WINDLAS,Pharmaceuticals & Biotechnology,Pharmaceuticals
SIGACHI,Pharmaceuticals & Biotechnology,Pharmaceuticals
SUPRIYA,Pharmaceuticals & Biotechnology,Pharmaceuticals
VALIANTLAB,Pharmaceuticals & Biotechnology,Pharmaceuticals
ABBOTINDIA,Pharmaceuticals & Biotechnology,Pharmaceuticals
ASTRAZEN,Pharmaceuticals & Biotechnology,Pharmaceuticals
ALBERTDAVD,Pharmaceuticals & Biotechnology,Pharmaceuticals
AARTIDRUGS,Pharmaceuticals & Biotechnology,Pharmaceuticals
BIOFILCHEM,Pharmaceuticals & Biotechnology,Pharmaceuticals
AAREYDRUGS,Pharmaceuticals & Biotechnology,Pharmaceuticals
CAPLIPOINT,Pharmaceuticals & Biotechnology,Pharmaceuticals
AUROPHARMA,Pharmaceuticals & Biotechnology,Pharmaceuticals
BALPHARMA,Pharmaceuticals & Biotechnology,Pharmaceuticals
FDC,Pharmaceuticals & Biotechnology,Pharmaceuticals
GLENMARK,Pharmaceuticals & Biotechnology,Pharmaceuticals
AJANTPHARM,Pharmaceuticals & Biotechnology,Pharmaceuticals
GRANULES,Pharmaceuticals & Biotechnology,Pharmaceuticals
DIVISLAB,Pharmaceuticals & Biotechnology,Pharmaceuticals
BIOCON,Pharmaceuticals & Biotechnology,Pharmaceuticals
ALPA,Pharmaceuticals & Biotechnology,Pharmaceuticals
BAFNAPH,Pharmaceuticals & Biotechnology,Pharmaceuticals
BROOKS,Pharmaceuticals & Biotechnology,Pharmaceuticals
APLLTD,Pharmaceuticals & Biotechnology,Pharmaceuticals
ALKEM,Pharmaceuticals & Biotechnology,Pharmaceuticals
BAJAJHCARE,Pharmaceuticals & Biotechnology,Pharmaceuticals
LAURUSLABS,Pharmaceuticals & Biotechnology,Pharmaceuticals
ERIS,Pharmaceuticals & Biotechnology,Pharmaceuticals
DCAL,Pharmaceuticals & Biotechnology,Pharmaceuticals
LASA,Pharmaceuticals & Biotechnology,Pharmaceuticals
MEDICO,Pharmaceuticals & Biotechnology,Pharmaceuticals
GLAND,Pharmaceuticals & Biotechnology,Pharmaceuticals
AMIORG,Pharmaceuticals & Biotechnology,Pharmaceuticals
PPLPHARMA,Pharmaceuticals & Biotechnology,Pharmaceuticals
AARTIPHARM,Pharmaceuticals & Biotechnology,Pharmaceuticals
MANKIND,Pharmaceuticals & Biotechnology,Pharmaceuticals
CONCORDBIO,Pharmaceuticals & Biotechnology,Pharmaceuticals
BLUEJET,Pharmaceuticals & Biotechnology,Pharmaceuticals
INNOVACAP,Pharmaceuticals & Biotechnology,Pharmaceuticals
EMCURE,Pharmaceuticals & Biotechnology,Pharmaceuticals
AKUMS,Pharmaceuticals & Biotechnology,Pharmaceuticals
SANOFICONR,Pharmaceuticals & Biotechnology,Pharmaceuticals
AMRUTANJAN,Pharmaceuticals & Biotechnology,Pharmaceuticals
BALAXI,Pharmaceuticals & Biotechnology,Pharmaceuticals
SAKAR,Pharmaceuticals & Biotechnology,Pharmaceuticals
VAISHALI,Pharmaceuticals & Biotechnology,Pharmaceuticals
ZOTA,Pharmaceuticals & Biotechnology,Pharmaceuticals
PAR,Pharmaceuticals & Biotechnology,Pharmaceuticals
BETA,Pharmaceuticals & Biotechnology,Pharmaceuticals
WALPAR,Pharmaceuticals & Biotechnology,Pharmaceuticals
JSLL,Pharmaceuticals & Biotechnology,Pharmaceuticals
JFLLIFE,Pharmaceuticals & Biotechnology,Pharmaceuticals
SOTAC,Pharmaceuticals & Biotechnology,Pharmaceuticals
INFINIUM,Pharmaceuticals & Biotechnology,Pharmaceuticals
REMUS,Pharmaceuticals & Biotechnology,Pharmaceuticals
VILINBIO,Pharmaceuticals & Biotechnology,Pharmaceuticals
MONOPHARMA,Pharmaceuticals & Biotechnology,Pharmaceuticals
SUNREST,Pharmaceuticals & Biotechnology,Pharmaceuticals
ZENITHDRUG,Pharmaceuticals & Biotechnology,Pharmaceuticals
QUESTLAB,Pharmaceuticals & Biotechnology,Pharmaceuticals
MEDIORG,Pharmaceuticals & Biotechnology,Pharmaceuticals
ONYX,Pharmaceuticals & Biotechnology,Pharmaceuticals
SAILIFE,Pharmaceuticals & Biotechnology,Pharmaceuticals
ANUHPHR,Pharmaceuticals & Biotechnology,Pharmaceuticals
SENORES,Pharmaceuticals & Biotechnology,Pharmaceuticals
ALIVUS,Pharmaceuticals & Biotechnology,Pharmaceuticals
SATKARTAR,Pharmaceuticals & Biotechnology,Pharmaceuticals
ONESOURCE,Pharmaceuticals & Biotechnology,Pharmaceuticals
CESC,Power,Integrated Power Utilities
RELINFRA,Power,Integrated Power Utilities
TATAPOWER,Power,Integrated Power Utilities
TORNTPOWER,Power,Integrated Power Utilities
RTNPOWER,Power,Integrated Power Utilities
ADANIPOWER,Power,Integrated Power Utilities
BAJEL,Power,Integrated Power Utilities
DPSCLTD,Power,Integrated Power Utilities
POWERGRID,Power,Power - Transmission
ADANIENSOL,Power,Power Distribution
NAVA,Power,Power Generation
NLCINDIA,Power,Power Generation
GIPCL,Power,Power Generation
SURANAT&P,Power,Power Generation
NTPC,Power,Power Generation
JPPOWER,Power,Power Generation
RPOWER,Power,Power Generation
NHPC,Power,Power Generation
SJVN,Power,Power Generation
GREENPOWER,Power,Power Generation
ENERGYDEV,Power,Power Generation
INDOWIND,Power,Power Generation
JSWENERGY,Power,Power Generation
KARMAENG,Power,Power Generation
KPEL,Power,Power Generation
ADANIGREEN,Power,Power Generation
KPIGREEN,Power,Power Generation
GMRP&UI,Power,Power Generation
EMKAYTOOLS,Power,Power Generation
UEL,Power,Power Generation
NTPCGREEN,Power,Power Generation
PTC,Power,Power Trading
NAVNETEDUL,Printing & Publication,Printing & Publication
REPRO,Printing & Publication,Printing & Publication
SCHAND,Printing & Publication,Printing & Publication
INFOMEDIA,Printing & Publication,Printing & Publication
CHETANA,Printing & Publication,Printing & Publication
SIL,Realty,Real Estate Services
LPDC,Realty,Real Estate Services
REPL,Realty,Real Estate Services
PROPEQUITY,Realty,Real Estate Services
HOMESFY,Realty,Real Estate Services
ACTIVEINFR,Realty,Residential Commercial Projects
ANSALAPI,Realty,"Residential, Commercial Projects"
GOLDENTOBC,Realty,"Residential, Commercial Projects"
RAYMOND,Realty,"Residential, Commercial Projects"
AMJLAND,Realty,"Residential, Commercial Projects"
PENINLAND,Realty,"Residential, Commercial Projects"
PHOENIXLTD,Realty,"Residential, Commercial Projects"
MARATHON,Realty,"Residential, Commercial Projects"
UNITECH,Realty,"Residential, Commercial Projects"
LANCORHOL,Realty,"Residential, Commercial Projects"
SEL,Realty,"Residential, Commercial Projects"
VIPULLTD,Realty,"Residential, Commercial Projects"
SUNTECK,Realty,"Residential, Commercial Projects"
PVP,Realty,"Residential, Commercial Projects"
ELDEHSG,Realty,"Residential, Commercial Projects"
PODDARHOUS,Realty,"Residential, Commercial Projects"
GANESHHOUC,Realty,"Residential, Commercial Projects"
TECHIN,Realty,"Residential, Commercial Projects"
NILAINFRA,Realty,"Residential, Commercial Projects"
SUPREME,Realty,"Residential, Commercial Projects"
PRAENG,Realty,"Residential, Commercial Projects"
MAHLIFE,Realty,"Residential, Commercial Projects"
PARSVNATH,Realty,"Residential, Commercial Projects"
SOBHA,Realty,"Residential, Commercial Projects"
OMAXE,Realty,"Residential, Commercial Projects"
PURVA,Realty,"Residential, Commercial Projects"
KOLTEPATIL,Realty,"Residential, Commercial Projects"
DBREALTY,Realty,"Residential, Commercial Projects"
OBEROIRLTY,Realty,"Residential, Commercial Projects"
PRESTIGE,Realty,"Residential, Commercial Projects"
PROZONER,Realty,"Residential, Commercial Projects"
NILASPACES,Realty,"Residential, Commercial Projects"
SBGLP,Realty,"Residential, Commercial Projects"
TARC,Realty,"Residential, Commercial Projects"
RVHL,Realty,"Residential, Commercial Projects"
SHRIRAMPPS,Realty,"Residential, Commercial Projects"
SIGNATURE,Realty,"Residential, Commercial Projects"
SURAJEST,Realty,"Residential, Commercial Projects"
ARIHANTSUP,Realty,"Residential, Commercial Projects"
ALEMBICLTD,Realty,"Residential, Commercial Projects"
AJMERA,Realty,"Residential, Commercial Projects"
ANANTRAJ,Realty,"Residential, Commercial Projects"
ASHIANA,Realty,"Residential, Commercial Projects"
COUNCODOS,Realty,"Residential, Commercial Projects"
GEECEE,Realty,"Residential, Commercial Projects"
HUBTOWN,Realty,"Residential, Commercial Projects"
EMBDL,Realty,"Residential, Commercial Projects"
DLF,Realty,"Residential, Commercial Projects"
HDIL,Realty,"Residential, Commercial Projects"
CCCL,Realty,"Residential, Commercial Projects"
BRIGADE,Realty,"Residential, Commercial Projects"
GODREJPROP,Realty,"Residential, Commercial Projects"
EMAMIREAL,Realty,"Residential, Commercial Projects"
AGIIL,Realty,"Residential, Commercial Projects"
ARVSMART,Realty,"Residential, Commercial Projects"
GENCON,Realty,"Residential, Commercial Projects"
KBCGLOBAL,Realty,"Residential, Commercial Projects"
LODHA,Realty,"Residential, Commercial Projects"
RUSTOMJEE,Realty,"Residential, Commercial Projects"
ATALREAL,Realty,"Residential, Commercial Projects"
MAXESTATES,Realty,"Residential, Commercial Projects"
ARKADE,Realty,"Residential, Commercial Projects"
SUMIT,Realty,"Residential, Commercial Projects"
SHRADHA,Realty,"Residential, Commercial Projects"
ARTNIRMAN,Realty,"Residential, Commercial Projects"
PANSARI,Realty,"Residential, Commercial Projects"
VR,Realty,"Residential, Commercial Projects"
MASON,Realty,"Residential, Commercial Projects"
FEL,Retailing,Diversified Retail
SHOPERSTOP,Retailing,Diversified Retail
VMART,Retailing,Diversified Retail
SPENCERS,Retailing,Diversified Retail
FLFL,Retailing,Diversified Retail
DMART,Retailing,Diversified Retail
EMIL,Retailing,Diversified Retail
RETAIL,Retailing,Diversified Retail
FELDVR,Retailing,Diversified Retail
FCONSUMER,Retailing,Diversified Retail
OSIAHYPER,Retailing,Diversified Retail
MAGSON,Retailing,Diversified Retail
ONDOOR,Retailing,Diversified Retail
VMM,Retailing,Diversified Retail
RTNINDIA,Retailing,E-Retail & E-Commerce
ZOMATO,Retailing,E-Retail & E-Commerce
ISFT,Retailing,E-Retail & E-Commerce
CARTRADE,Retailing,E-Retail & E-Commerce
NYKAA,Retailing,E-Retail & E-Commerce
DIGIDRIVE,Retailing,E-Retail & E-Commerce
FIRSTCRY,Retailing,E-Retail & E-Commerce
WOMANCART,Retailing,E-Retail & E-Commerce
CBAZAAR,Retailing,E-Retail & E-Commerce
KLL,Retailing,E-Retail & E-Commerce
SWIGGY,Retailing,E-Retail & E-Commerce
ETERNAL,Retailing,E-Retail & E-Commerce
NAUKRI,Retailing,Internet & Catalogue Retail
JUSTDIAL,Retailing,Internet & Catalogue Retail
MATRIMONY,Retailing,Internet & Catalogue Retail
INDIAMART,Retailing,Internet & Catalogue Retail
MEDPLUS,Retailing,Pharmacy Retail
ENTERO,Retailing,Pharmacy Retail
TRENT,Retailing,Speciality Retail
V2RETAIL,Retailing,Speciality Retail
SHANKARA,Retailing,Speciality Retail
PRAXIS,Retailing,Speciality Retail
MANYAVAR,Retailing,Speciality Retail
KALAMANDIR,Retailing,Speciality Retail
ABFRL,Retailing,Speciality Retail
AVL,Retailing,Speciality Retail
ARVINDFASN,Retailing,Speciality Retail
GOCOLORS,Retailing,Speciality Retail
BCONCEPTS,Retailing,Speciality Retail
MUFTI,Retailing,Speciality Retail
STYLEBAAZA,Retailing,Speciality Retail
CELLPOINT,Retailing,Speciality Retail
FONEBOX,Retailing,Speciality Retail
MTNL,Telecom - Services,Cellular & Fixed Line Services
TATACOMM,Telecom - Services,Cellular & Fixed Line Services
TTML,Telecom - Services,Cellular & Fixed Line Services
IDEA,Telecom - Services,Cellular & Fixed Line Services
BHARTIARTL,Telecom - Services,Cellular & Fixed Line Services
BHARTIHEXA,Telecom - Services,Cellular & Fixed Line Services
RCOM,Telecom - Services,Cellular & Fixed Line Services
GTL,Telecom - Services,Other Telecom Services
MEGASOFT,Telecom - Services,Other Telecom Services
ONMOBILE,Telecom - Services,Other Telecom Services
ROUTE,Telecom - Services,Other Telecom Services
RAILTEL,Telecom - Services,Other Telecom Services
ACCORD,Telecom - Services,Other Telecom Services
UNIINFO,Telecom - Services,Other Telecom Services
VIVO,Telecom - Services,Other Telecom Services
CLOUD,Telecom - Services,Other Telecom Services
HFCL,Telecom - Services,Telecom - Infrastructure
VINDHYATEL,Telecom - Services,Telecom - Infrastructure
SUYOG,Telecom - Services,Telecom - Infrastructure
GTLINFRA,Telecom - Services,Telecom - Infrastructure
INDUSTOWER,Telecom - Services,Telecom - Infrastructure
KDL,Telecom - Services,Telecom - Infrastructure
SARTELE,Telecom - Services,Telecom - Infrastructure
BIRLACABLE,Telecom Equipment,Telecom Equipment
TNTELE,Telecom Equipment,Telecom Equipment
ITI,Telecom Equipment,Telecom Equipment
OPTIEMUS,Telecom Equipment,Telecom Equipment
STLTECH,Telecom Equipment,Telecom Equipment
MRO-TEK,Telecom Equipment,Telecom Equipment
TEJASNET,Telecom Equipment,Telecom Equipment
AKSHOPTFBR,Telecom Equipment,Telecom Equipment
KAVVERITEL,Telecom Equipment,Telecom Equipment
FROG,Telecom Equipment,Telecom Equipment
UMIYA-MRO,Telecom Equipment,Telecom Equipment
ARVIND,Textiles & Apparels,Garments & Apparels
VIVIDHA,Textiles & Apparels,Garments & Apparels
ZODIACLOTH,Textiles & Apparels,Garments & Apparels
KITEX,Textiles & Apparels,Garments & Apparels
VIPCLOTHNG,Textiles & Apparels,Garments & Apparels
KKCL,Textiles & Apparels,Garments & Apparels
PGIL,Textiles & Apparels,Garments & Apparels
PAGEIND,Textiles & Apparels,Garments & Apparels
LOVABLE,Textiles & Apparels,Garments & Apparels
RUPA,Textiles & Apparels,Garments & Apparels
THOMASCOTT,Textiles & Apparels,Garments & Apparels
MONTECARLO,Textiles & Apparels,Garments & Apparels
SPAL,Textiles & Apparels,Garments & Apparels
SBC,Textiles & Apparels,Garments & Apparels
VINNY,Textiles & Apparels,Garments & Apparels
SSDL,Textiles & Apparels,Garments & Apparels
GOKEX,Textiles & Apparels,Garments & Apparels
CELEBRITY,Textiles & Apparels,Garments & Apparels
BANG,Textiles & Apparels,Garments & Apparels
CANTABIL,Textiles & Apparels,Garments & Apparels
INDTERRAIN,Textiles & Apparels,Garments & Apparels
LUXIND,Textiles & Apparels,Garments & Apparels
LAL,Textiles & Apparels,Garments & Apparels
DOLLAR,Textiles & Apparels,Garments & Apparels
RAYMONDLSL,Textiles & Apparels,Garments & Apparels
LIBAS,Textiles & Apparels,Garments & Apparels
MITTAL,Textiles & Apparels,Garments & Apparels
IRISDOREME,Textiles & Apparels,Garments & Apparels
JAIPURKURT,Textiles & Apparels,Garments & Apparels
JETKNIT,Textiles & Apparels,Garments & Apparels
VEEKAYEM,Textiles & Apparels,Garments & Apparels
CPS,Textiles & Apparels,Garments & Apparels
KARNIKA,Textiles & Apparels,Garments & Apparels
SIGNORIA,Textiles & Apparels,Garments & Apparels
FORCAS,Textiles & Apparels,Garments & Apparels
SDREAMS,Textiles & Apparels,Garments & Apparels
PURPLEUTED,Textiles & Apparels,Garments & Apparels
BOMDYEING,Textiles & Apparels,Other Textile Products
INDORAMA,Textiles & Apparels,Other Textile Products
CENTENKA,Textiles & Apparels,Other Textile Products
MODTHREAD,Textiles & Apparels,Other Textile Products
NAHARSPING,Textiles & Apparels,Other Textile Products
RSWM,Textiles & Apparels,Other Textile Products
VTL,Textiles & Apparels,Other Textile Products
RELCHEMQ,Textiles & Apparels,Other Textile Products
RUBYMILLS,Textiles & Apparels,Other Textile Products
BANSWRAS,Textiles & Apparels,Other Textile Products
SIYSIL,Textiles & Apparels,Other Textile Products
SVPGLOB,Textiles & Apparels,Other Textile Products
FIBERWEB,Textiles & Apparels,Other Textile Products
GARFIBRES,Textiles & Apparels,Other Textile Products
INDIANCARD,Textiles & Apparels,Other Textile Products
SHIVATEX,Textiles & Apparels,Other Textile Products
DONEAR,Textiles & Apparels,Other Textile Products
ORBTEXP,Textiles & Apparels,Other Textile Products
LOYALTEX,Textiles & Apparels,Other Textile Products
HIMATSEIDE,Textiles & Apparels,Other Textile Products
TTL,Textiles & Apparels,Other Textile Products
WELSPUNLIV,Textiles & Apparels,Other Textile Products
GANECOS,Textiles & Apparels,Other Textile Products
VARDMNPOLY,Textiles & Apparels,Other Textile Products
SANGAMIND,Textiles & Apparels,Other Textile Products
PIONEEREMB,Textiles & Apparels,Other Textile Products
WINSOME,Textiles & Apparels,Other Textile Products
MHLXMIRU,Textiles & Apparels,Other Textile Products
NAHARINDUS,Textiles & Apparels,Other Textile Products
EUROTEXIND,Textiles & Apparels,Other Textile Products
ICIL,Textiles & Apparels,Other Textile Products
MARALOVER,Textiles & Apparels,Other Textile Products
SOMATEX,Textiles & Apparels,Other Textile Products
TRIDENT,Textiles & Apparels,Other Textile Products
NAGREEKEXP,Textiles & Apparels,Other Textile Products
SUPERSPIN,Textiles & Apparels,Other Textile Products
SURYALAXMI,Textiles & Apparels,Other Textile Products
WEIZMANIND,Textiles & Apparels,Other Textile Products
FILATEX,Textiles & Apparels,Other Textile Products
SARLAPOLY,Textiles & Apparels,Other Textile Products
RAJRILTD,Textiles & Apparels,Other Textile Products
MOHITIND,Textiles & Apparels,Other Textile Products
JINDWORLD,Textiles & Apparels,Other Textile Products
MORARJEE,Textiles & Apparels,Other Textile Products
NDL,Textiles & Apparels,Other Textile Products
NITINSPIN,Textiles & Apparels,Other Textile Products
SGL,Textiles & Apparels,Other Textile Products
SUTLEJTEX,Textiles & Apparels,Other Textile Products
SELMC,Textiles & Apparels,Other Textile Products
KPRMILL,Textiles & Apparels,Other Textile Products
SHEKHAWATI,Textiles & Apparels,Other Textile Products
SPORTKING,Textiles & Apparels,Other Textile Products
SHIVAMILLS,Textiles & Apparels,Other Textile Products
AYMSYNTEX,Textiles & Apparels,Other Textile Products
BHANDARI,Textiles & Apparels,Other Textile Products
BSL,Textiles & Apparels,Other Textile Products
AARVEEDEN,Textiles & Apparels,Other Textile Products
ASHIMASYN,Textiles & Apparels,Other Textile Products
ALOKINDS,Textiles & Apparels,Other Textile Products
DAMODARIND,Textiles & Apparels,Other Textile Products
FAZE3Q,Textiles & Apparels,Other Textile Products
AMBIKCO,Textiles & Apparels,Other Textile Products
FILATFASH,Textiles & Apparels,Other Textile Products
BASML,Textiles & Apparels,Other Textile Products
FLEXITUFF,Textiles & Apparels,Other Textile Products
DIGJAMLMTD,Textiles & Apparels,Other Textile Products
MANOMAY,Textiles & Apparels,Other Textile Products
AKSHAR,Textiles & Apparels,Other Textile Products
AXITA,Textiles & Apparels,Other Textile Products
DCMNVL,Textiles & Apparels,Other Textile Products
GHCLTEXTIL,Textiles & Apparels,Other Textile Products
MFML,Textiles & Apparels,Other Textile Products
GINNIFILA,Textiles & Apparels,Other Textile Products
SALONA,Textiles & Apparels,Other Textile Products
LAMBODHARA,Textiles & Apparels,Other Textile Products
ALPSINDUS,Textiles & Apparels,Other Textile Products
GANGOTRI,Textiles & Apparels,Other Textile Products
PRECOT,Textiles & Apparels,Other Textile Products
RAJVIR,Textiles & Apparels,Other Textile Products
VARDHACRLC,Textiles & Apparels,Other Textile Products
GLOBE,Textiles & Apparels,Other Textile Products
LAGNAM,Textiles & Apparels,Other Textile Products
JAKHARIA,Textiles & Apparels,Other Textile Products
LAXMICOT,Textiles & Apparels,Other Textile Products
PASHUPATI,Textiles & Apparels,Other Textile Products
UNITEDPOLY,Textiles & Apparels,Other Textile Products
VCL,Textiles & Apparels,Other Textile Products
VERA,Textiles & Apparels,Other Textile Products
ABCOTS,Textiles & Apparels,Other Textile Products
SWARAJ,Textiles & Apparels,Other Textile Products
LEMERITE,Textiles & Apparels,Other Textile Products
SAHAJ,Textiles & Apparels,Other Textile Products
KTL,Textiles & Apparels,Other Textile Products
SHREEKARNI,Textiles & Apparels,Other Textile Products
GAJANAND,Textiles & Apparels,Other Textile Products
AVIANSH,Textiles & Apparels,Other Textile Products
DIVYADHAN,Textiles & Apparels,Other Textile Products
PARAMOUNT,Textiles & Apparels,Other Textile Products
NEELAM,Textiles & Apparels,Other Textile Products
SANATHAN,Textiles & Apparels,Other Textile Products
KEN,Textiles & Apparels,Other Textile Products
SPLIL,Textiles & Apparels,Trading - Textile Products
PDSL,Textiles & Apparels,Trading - Textile Products
HEADSUP,Textiles & Apparels,Trading - Textile Products
GLOBALE,Textiles & Apparels,Trading - Textile Products
GODFRYPHLP,Tobacco Products,Tobacco Products
VSTIND,Tobacco Products,Tobacco Products
SHANTHALA,Tobacco Products,Tobacco Products
DREAMFOLKS,Transport Infrastructure,Airport & Airport services
GMRAIRPORT,Transport Infrastructure,Airport & Airport services
ADANIPORTS,Transport Infrastructure,Port & Port services
GPPL,Transport Infrastructure,Port & Port services
ATL,Transport Infrastructure,Port & Port services
JSWINFRA,Transport Infrastructure,Port & Port services
NOIDATOLL,Transport Infrastructure,Road Assets Toll & Annuity
MEP,Transport Infrastructure,Road Assets Toll & Annuity
BFUTILITIE,Transport Infrastructure,Road Assets Toll & Annuity
ATLANTAA,Transport Infrastructure,Road Assets Toll & Annuity
GAYAHWS,Transport Infrastructure,Road Assets Toll & Annuity
GLOBALVECT,Transport Services,Airline
INDIGO,Transport Services,Airline
SICALLOG,Transport Services,Logistics Solution Provider
RIIL,Transport Services,Logistics Solution Provider
PATINTLOG,Transport Services,Logistics Solution Provider
TCI,Transport Services,Logistics Solution Provider
NECCLTD,Transport Services,Logistics Solution Provider
SNOWMAN,Transport Services,Logistics Solution Provider
VRLLOG,Transport Services,Logistics Solution Provider
NAVKARCORP,Transport Services,Logistics Solution Provider
TCIEXP,Transport Services,Logistics Solution Provider
OBCL,Transport Services,Logistics Solution Provider
RITCO,Transport Services,Logistics Solution Provider
TREL,Transport Services,Logistics Solution Provider
TVSSCS,Transport Services,Logistics Solution Provider
WCIL,Transport Services,Logistics Solution Provider
ARSHIYA,Transport Services,Logistics Solution Provider
BLUEDART,Transport Services,Logistics Solution Provider
CONCOR,Transport Services,Logistics Solution Provider
ACLGATI,Transport Services,Logistics Solution Provider
ALLCARGO,Transport Services,Logistics Solution Provider
MAHLOG,Transport Services,Logistics Solution Provider
DJML,Transport Services,Logistics Solution Provider
JETFREIGHT,Transport Services,Logistics Solution Provider
GATEWAY,Transport Services,Logistics Solution Provider
DELHIVERY,Transport Services,Logistics Solution Provider
AVG,Transport Services,Logistics Solution Provider
ASPINWALL,Transport Services,Logistics Solution Provider
FSC,Transport Services,Logistics Solution Provider
TOTAL,Transport Services,Logistics Solution Provider
ACCURACY,Transport Services,Logistics Solution Provider
DRSDILIP,Transport Services,Logistics Solution Provider
GICL,Transport Services,Logistics Solution Provider
JALAN,Transport Services,Logistics Solution Provider
SVLL,Transport Services,Logistics Solution Provider
TIMESCAN,Transport Services,Logistics Solution Provider
AMIABLE,Transport Services,Logistics Solution Provider
OLIL,Transport Services,Logistics Solution Provider
COMMITTED,Transport Services,Logistics Solution Provider
MARINETRAN,Transport Services,Logistics Solution Provider
SJLOGISTIC,Transport Services,Logistics Solution Provider
PRLIND,Transport Services,Logistics Solution Provider
ASHALOG,Transport Services,Logistics Solution Provider
BRACEPORT,Transport Services,Logistics Solution Provider
DECCANTRAN,Transport Services,Logistics Solution Provider
PRANIK,Transport Services,Logistics Solution Provider
TEJASCARGO,Transport Services,Logistics Solution Provider
RAPIDFLEET,Transport Services,Logistics Solution Provider
IWARE,Transport Services,Logistics Solution Provider
ECOSMOBLTY,Transport Services,Road Transport
SHREEOSFM,Transport Services,Road Transport
WTICAB,Transport Services,Road Transport
VOLERCAR,Transport Services,Road Transport
GESHIP,Transport Services,Shipping
TRANSWORLD,Transport Services,Shipping
SCI,Transport Services,Shipping
SEAMECLTD,Transport Services,Shipping
ESSARSHPNG,Transport Services,Shipping
SADHAV,Transport Services,Shipping
ABSMARINE,Transport Services,Shipping
ARVINDPORT,Transport Services,Shipping
KERNEX,Transport Services,Transport Related Services
BLACKBUCK,Transport Services,Transport Related Services
